// Copyright 2025 QMK -- generated source code only, image retains original copyright
// SPDX-License-Identifier: GPL-2.0-or-later

// This file was auto-generated by `qmk painter-convert-graphics --input D:/11_vial/vial-qmk/keyboards/omni_cs/icon/omni_logo.gif --output D:/11_vial/vial-qmk/keyboards/omni_cs/icon/generated --format mono2 --no-rle False --no-deltas False`

// Image's metadata
// ----------------
// Width: 240
// Height: 240
//        Frame:    0|   1|   2|   3|   4|   5|   6|   7|   8|   9|  10|  11|  12|  13|  14|  15|  16|  17|  18
// Duration(ms):  100| 100| 100| 100| 100| 100| 100| 100| 100| 100| 100| 100| 100| 100| 100| 100| 100| 100|1000
//  Compression:    1|   1|   1|   1|   1|   1|   1|   1|   1|   1|   1|   1|   1|   1|   1|   1|   1|   1|   1 >> See qp.h, painter_compression_t
//        Delta:    0|   1|   1|   0|   0|   1|   0|   0|   1|   0|   1|   0|   0|   0|   0|   0|   0|   0|   0
// Areas on delta frames
// Frame   1: (  7,  16) - (239, 232) >> 50112/57600 pixels (87.00%)
// Frame   2: (  0,   0) - (228, 230) >> 52440/57600 pixels (91.04%)
// Frame   5: (  4,   0) - (239, 239) >> 56165/57600 pixels (97.51%)
// Frame   8: (  0,   0) - (236, 228) >> 53808/57600 pixels (93.42%)
// Frame  10: ( 21,  16) - (228, 228) >> 43884/57600 pixels (76.19%)

#include <qp.h>

const uint32_t gfx_omni_logo_length = 52046;

// clang-format off
const uint8_t gfx_omni_logo[52046] = {
    0x00, 0xFF, 0x12, 0x00, 0x00, 0x51, 0x47, 0x46, 0x01, 0x4E, 0xCB, 0x00, 0x00, 0xB1, 0x34, 0xFF,
    0xFF, 0xF0, 0x00, 0xF0, 0x00, 0x13, 0x00, 0x01, 0xFE, 0x4C, 0x00, 0x00, 0x68, 0x00, 0x00, 0x00,
    0xF8, 0x0C, 0x00, 0x00, 0x3D, 0x1A, 0x00, 0x00, 0x7D, 0x2A, 0x00, 0x00, 0x9E, 0x3A, 0x00, 0x00,
    0x96, 0x4A, 0x00, 0x00, 0x13, 0x57, 0x00, 0x00, 0x85, 0x64, 0x00, 0x00, 0xD0, 0x71, 0x00, 0x00,
    0x08, 0x7F, 0x00, 0x00, 0x7F, 0x8D, 0x00, 0x00, 0xF6, 0x98, 0x00, 0x00, 0x5A, 0xA2, 0x00, 0x00,
    0x59, 0xAE, 0x00, 0x00, 0xD7, 0xB9, 0x00, 0x00, 0x06, 0xC1, 0x00, 0x00, 0x1B, 0xC6, 0x00, 0x00,
    0xB9, 0xC7, 0x00, 0x00, 0x7C, 0xC9, 0x00, 0x00, 0x02, 0xFD, 0x06, 0x00, 0x00, 0x00, 0x00, 0x01,
    0xFF, 0x64, 0x00, 0x05, 0xFA, 0x80, 0x0C, 0x00, 0x7F, 0x00, 0x7F, 0x00, 0x7F, 0x00, 0x7F, 0x00,
    0x10, 0x00, 0x81, 0xF0, 0x01, 0x1B, 0x00, 0x82, 0xFC, 0xFF, 0x03, 0x1A, 0x00, 0x80, 0xE0, 0x02,
    0xFF, 0x80, 0x03, 0x1A, 0x00, 0x80, 0xE0, 0x02, 0xFF, 0x80, 0x01, 0x1A, 0x00, 0x80, 0x80, 0x02,
    0xFF, 0x80, 0x01, 0x19, 0x00, 0x81, 0x3C, 0x00, 0x02, 0xFF, 0x80, 0x01, 0x03, 0x00, 0x80, 0x0C,
    0x14, 0x00, 0x82, 0x80, 0x7F, 0x00, 0x02, 0xFF, 0x80, 0x01, 0x03, 0x00, 0x80, 0x3E, 0x14, 0x00,
    0x83, 0x80, 0xFF, 0x01, 0xFF, 0x05, 0x00, 0x80, 0xFF, 0x15, 0x00, 0x82, 0xFF, 0x03, 0x06, 0x04,
    0x00, 0x82, 0xC0, 0xFC, 0x03, 0x13, 0x00, 0x82, 0xC0, 0xFF, 0x03, 0x05, 0x00, 0x82, 0xC0, 0xFE,
    0x1F, 0x13, 0x00, 0x82, 0xF0, 0xFF, 0x03, 0x05, 0x00, 0x82, 0xC0, 0xFF, 0x7F, 0x13, 0x00, 0x81,
    0xFC, 0x3F, 0x07, 0x00, 0x82, 0xFE, 0xFF, 0x01, 0x12, 0x00, 0x81, 0xFF, 0x07, 0x07, 0x00, 0x82,
    0xFC, 0xFF, 0x07, 0x11, 0x00, 0x82, 0xC0, 0xFF, 0x01, 0x07, 0x00, 0x82, 0xE0, 0xFF, 0x1F, 0x11,
    0x00, 0x81, 0xE0, 0x3F, 0x08, 0x00, 0x82, 0x80, 0xFF, 0x7F, 0x11, 0x00, 0x81, 0xF8, 0x0F, 0x09,
    0x00, 0x82, 0xFC, 0xFF, 0x01, 0x10, 0x00, 0x81, 0xFE, 0x03, 0x09, 0x00, 0x82, 0xF0, 0xFF, 0x03,
    0x0F, 0x00, 0x81, 0x60, 0xFF, 0x03, 0x00, 0x82, 0xFC, 0xFF, 0x03, 0x04, 0x00, 0x82, 0xE0, 0xFF,
    0x0F, 0x0F, 0x00, 0x81, 0xF8, 0x7F, 0x02, 0x00, 0x80, 0xC0, 0x02, 0xFF, 0x80, 0x03, 0x04, 0x00,
    0x82, 0x80, 0xFF, 0x1F, 0x0F, 0x00, 0x81, 0xFC, 0x1F, 0x02, 0x00, 0x80, 0xF0, 0x03, 0xFF, 0x80,
    0x07, 0x04, 0x00, 0x81, 0xFF, 0x1F, 0x0F, 0x00, 0x83, 0xFF, 0x07, 0x00, 0x80, 0x05, 0xFF, 0x80,
    0x07, 0x03, 0x00, 0x81, 0xFC, 0x0F, 0x0E, 0x00, 0x84, 0x80, 0xFF, 0x01, 0x00, 0xF0, 0x05, 0xFF,
    0x80, 0x7F, 0x03, 0x00, 0x81, 0xF0, 0x0F, 0x0E, 0x00, 0x81, 0xE0, 0xFF, 0x02, 0x00, 0x80, 0xF8,
    0x06, 0xFF, 0x80, 0x07, 0x02, 0x00, 0x81, 0xE0, 0x0F, 0x0E, 0x00, 0x81, 0xF0, 0x7F, 0x02, 0x00,
    0x80, 0xFC, 0x06, 0xFF, 0x80, 0x3F, 0x02, 0x00, 0x81, 0x80, 0x0F, 0x0E, 0x00, 0x83, 0xF8, 0x1F,
    0x00, 0x80, 0x03, 0xFF, 0x81, 0x00, 0xFC, 0x03, 0xFF, 0x80, 0x01, 0x02, 0x00, 0x80, 0x07, 0x0E,
    0x00, 0x83, 0xF8, 0x0F, 0x00, 0xC0, 0x02, 0xFF, 0x82, 0x07, 0x00, 0xFC, 0x03, 0xFF, 0x80, 0x07,
    0x11, 0x00, 0x85, 0xF0, 0x07, 0x00, 0xF8, 0xFF, 0x7F, 0x02, 0x00, 0x80, 0xFC, 0x03, 0xFF, 0x80,
    0x3F, 0x11, 0x00, 0x85, 0xE0, 0x01, 0x00, 0xFE, 0xFF, 0x07, 0x02, 0x00, 0x80, 0xFC, 0x04, 0xFF,
    0x02, 0x00, 0x80, 0xC0, 0x0E, 0x00, 0x80, 0xC0, 0x02, 0x00, 0x02, 0xFF, 0x80, 0x01, 0x02, 0x00,
    0x80, 0xFC, 0x04, 0xFF, 0x83, 0x03, 0x00, 0xC0, 0x01, 0x0F, 0x00, 0x82, 0x80, 0xFF, 0x7F, 0x03,
    0x00, 0x81, 0x3C, 0xF8, 0x03, 0xFF, 0x83, 0x0F, 0x00, 0x80, 0x02, 0x0F, 0x00, 0x82, 0xE0, 0xFF,
    0x0F, 0x05, 0x00, 0x80, 0xFE, 0x02, 0xFF, 0x80, 0x1F, 0x02, 0x00, 0x80, 0x07, 0x0F, 0x00, 0x82,
    0xF0, 0xFF, 0x03, 0x05, 0x00, 0x80, 0xC0, 0x02, 0xFF, 0x80, 0x7F, 0x02, 0x00, 0x80, 0x0A, 0x0F,
    0x00, 0x81, 0xFC, 0x7F, 0x07, 0x00, 0x80, 0xFC, 0x02, 0xFF, 0x02, 0x00, 0x80, 0x28, 0x0F, 0x00,
    0x81, 0xFE, 0x3F, 0x07, 0x00, 0x80, 0xE0, 0x02, 0xFF, 0x82, 0x03, 0x00, 0x30, 0x0F, 0x00, 0x81,
    0xFF, 0x0F, 0x07, 0x00, 0x80, 0x80, 0x02, 0xFF, 0x82, 0x07, 0x00, 0xC0, 0x0E, 0x00, 0x82, 0xC0,
    0xFF, 0x03, 0x08, 0x00, 0x85, 0xFC, 0xFF, 0x0F, 0x00, 0xC0, 0x01, 0x0D, 0x00, 0x82, 0xE0, 0xFF,
    0x01, 0x08, 0x00, 0x82, 0xF0, 0xFF, 0x3F, 0x02, 0x00, 0x80, 0x07, 0x0D, 0x00, 0x81, 0xF0, 0xFF,
    0x09, 0x00, 0x82, 0xC0, 0xFF, 0x7F, 0x02, 0x00, 0x80, 0x0F, 0x0A, 0x00, 0x80, 0x60, 0x02, 0x00,
    0x81, 0xF8, 0x3F, 0x04, 0x00, 0x81, 0xE0, 0x07, 0x03, 0x00, 0x80, 0x80, 0x02, 0xFF, 0x82, 0x01,
    0x00, 0x0E, 0x0A, 0x00, 0x80, 0x70, 0x02, 0x00, 0x81, 0xFC, 0x1F, 0x03, 0x00, 0x82, 0xE0, 0xFF,
    0x3F, 0x04, 0x00, 0x84, 0xFE, 0xFF, 0x01, 0x00, 0x3C, 0x0A, 0x00, 0x84, 0xF8, 0x01, 0x00, 0xFE,
    0x07, 0x03, 0x00, 0x80, 0xFE, 0x02, 0xFF, 0x80, 0x07, 0x03, 0x00, 0x84, 0xF8, 0xFF, 0x01, 0x00,
    0x7C, 0x0A, 0x00, 0x84, 0xF8, 0x03, 0x00, 0xFF, 0x03, 0x02, 0x00, 0x80, 0xC0, 0x04, 0xFF, 0x03,
    0x00, 0x84, 0xF0, 0xFF, 0x01, 0x00, 0xF8, 0x0A, 0x00, 0x84, 0xFC, 0x07, 0x80, 0xFF, 0x01, 0x02,
    0x00, 0x80, 0xF0, 0x04, 0xFF, 0x80, 0x07, 0x02, 0x00, 0x81, 0xC0, 0xFF, 0x02, 0x00, 0x81, 0xF0,
    0x01, 0x09, 0x00, 0x83, 0xFC, 0x07, 0xC0, 0xFF, 0x03, 0x00, 0x80, 0xFC, 0x04, 0xFF, 0x80, 0x3F,
    0x02, 0x00, 0x81, 0x80, 0x3F, 0x02, 0x00, 0x81, 0xE0, 0x03, 0x09, 0x00, 0x83, 0xFE, 0x03, 0xE0,
    0x7F, 0x03, 0x00, 0x06, 0xFF, 0x80, 0x01, 0x02, 0x00, 0x80, 0x1F, 0x02, 0x00, 0x81, 0xC0, 0x07,
    0x09, 0x00, 0x83, 0xFF, 0x01, 0xF0, 0x3F, 0x02, 0x00, 0x80, 0x80, 0x06, 0xFF, 0x80, 0x03, 0x02,
    0x00, 0x80, 0x06, 0x02, 0x00, 0x81, 0x80, 0x07, 0x08, 0x00, 0x84, 0x80, 0xFF, 0x00, 0xF8, 0x1F,
    0x02, 0x00, 0x80, 0xC0, 0x06, 0xFF, 0x82, 0x0F, 0x00, 0x40, 0x04, 0x00, 0x80, 0x0F, 0x08, 0x00,
    0x84, 0x80, 0x7F, 0x00, 0xFC, 0x0F, 0x03, 0x00, 0x06, 0xFF, 0x83, 0x3F, 0x00, 0xF0, 0x07, 0x03,
    0x00, 0x80, 0x1F, 0x08, 0x00, 0x84, 0xC0, 0x7F, 0x00, 0xFC, 0x07, 0x03, 0x00, 0x80, 0xFE, 0x06,
    0xFF, 0x82, 0x00, 0x78, 0x0F, 0x03, 0x00, 0x80, 0x3E, 0x08, 0x00, 0x84, 0xC0, 0x3F, 0x00, 0xFE,
    0x07, 0x03, 0x00, 0x80, 0xFE, 0x06, 0xFF, 0x82, 0x03, 0xF0, 0x1D, 0x03, 0x00, 0x80, 0x3C, 0x08,
    0x00, 0x84, 0xE0, 0x1F, 0x00, 0xFF, 0x03, 0x03, 0x00, 0x80, 0xFC, 0x06, 0xFF, 0x82, 0x07, 0xA8,
    0x36, 0x03, 0x00, 0x80, 0x38, 0x08, 0x00, 0x84, 0xE0, 0x1F, 0x00, 0xFF, 0x01, 0x02, 0x00, 0x81,
    0x01, 0xFC, 0x06, 0xFF, 0x82, 0x0F, 0xD0, 0x7F, 0x0C, 0x00, 0x83, 0xF0, 0x0F, 0x80, 0xFF, 0x02,
    0x00, 0x82, 0xE0, 0x03, 0xF8, 0x06, 0xFF, 0x82, 0x0F, 0xA0, 0x7A, 0x0C, 0x00, 0x83, 0xF0, 0x0F,
    0xC0, 0x7F, 0x02, 0x00, 0x82, 0xF0, 0x07, 0xF0, 0x06, 0xFF, 0x82, 0x3F, 0xA0, 0x14, 0x0C, 0x00,
    0x83, 0xF8, 0x07, 0xC0, 0x7F, 0x02, 0x00, 0x82, 0xFC, 0x1F, 0xF0, 0x06, 0xFF, 0x82, 0x7F, 0x00,
    0x02, 0x0C, 0x00, 0x83, 0xF8, 0x03, 0xE0, 0x3F, 0x02, 0x00, 0x82, 0xFE, 0x3F, 0xE0, 0x07, 0xFF,
    0x0E, 0x00, 0x83, 0xFC, 0x03, 0xF0, 0x3F, 0x02, 0x00, 0x82, 0xFF, 0x7F, 0xE0, 0x07, 0xFF, 0x80,
    0x01, 0x0D, 0x00, 0x85, 0xFC, 0x01, 0xF0, 0x1F, 0x00, 0x80, 0x02, 0xFF, 0x80, 0xC0, 0x07, 0xFF,
    0x80, 0x03, 0x0D, 0x00, 0x85, 0xFE, 0x01, 0xF8, 0x0F, 0x00, 0xC0, 0x02, 0xFF, 0x80, 0x80, 0x07,
    0xFF, 0x80, 0x0F, 0x0D, 0x00, 0x85, 0xFE, 0x00, 0xF8, 0x0F, 0x00, 0xE0, 0x02, 0xFF, 0x80, 0x81,
    0x07, 0xFF, 0x80, 0x1F, 0x0D, 0x00, 0x85, 0xFE, 0x00, 0xFC, 0x07, 0x00, 0xF0, 0x02, 0xFF, 0x80,
    0x01, 0x07, 0xFF, 0x80, 0x3F, 0x0D, 0x00, 0x85, 0x7E, 0x00, 0xFC, 0x03, 0x00, 0xF8, 0x02, 0xFF,
    0x81, 0x03, 0xFE, 0x06, 0xFF, 0x80, 0x7F, 0x0D, 0x00, 0x85, 0x7F, 0x00, 0xFE, 0x01, 0x00, 0xFC,
    0x02, 0xFF, 0x81, 0x03, 0xFE, 0x06, 0xFF, 0x80, 0x7F, 0x0D, 0x00, 0x82, 0x3F, 0x00, 0xFE, 0x02,
    0x00, 0x80, 0xFE, 0x02, 0xFF, 0x81, 0x03, 0xFC, 0x07, 0xFF, 0x0D, 0x00, 0x82, 0x3F, 0x00, 0xFF,
    0x02, 0x00, 0x03, 0xFF, 0x81, 0x07, 0xF8, 0x07, 0xFF, 0x80, 0x01, 0x0B, 0x00, 0x83, 0x80, 0x1F,
    0x00, 0xFF, 0x02, 0x00, 0x03, 0xFF, 0x81, 0x07, 0xF0, 0x07, 0xFF, 0x80, 0x03, 0x0B, 0x00, 0x85,
    0x80, 0x1F, 0x80, 0x7F, 0x00, 0x80, 0x03, 0xFF, 0x81, 0x0F, 0xE0, 0x07, 0xFF, 0x80, 0x07, 0x0B,
    0x00, 0x85, 0x80, 0x1F, 0x80, 0x7F, 0x00, 0xC0, 0x03, 0xFF, 0x81, 0x0F, 0xD0, 0x07, 0xFF, 0x80,
    0x0F, 0x0B, 0x00, 0x85, 0xC0, 0x0F, 0x80, 0x3F, 0x00, 0xC0, 0x03, 0xFF, 0x81, 0x0F, 0xA0, 0x07,
    0xFF, 0x80, 0x3F, 0x0B, 0x00, 0x85, 0xC0, 0x0F, 0x80, 0x3F, 0x00, 0xE0, 0x03, 0xFF, 0x81, 0x1F,
    0xA0, 0x07, 0xFF, 0x80, 0x3F, 0x0B, 0x00, 0x85, 0xC0, 0x0F, 0xC0, 0x1F, 0x00, 0xE0, 0x03, 0xFF,
    0x81, 0x1F, 0xE4, 0x07, 0xFF, 0x80, 0x7F, 0x0B, 0x00, 0x85, 0xC0, 0x07, 0xC0, 0x1F, 0x00, 0xF0,
    0x03, 0xFF, 0x81, 0x5F, 0xD9, 0x07, 0xFF, 0x80, 0x7F, 0x0B, 0x00, 0x85, 0xE0, 0x07, 0xC0, 0x1F,
    0x00, 0xF8, 0x03, 0xFF, 0x81, 0x9F, 0xEE, 0x07, 0xFF, 0x81, 0x7F, 0x78, 0x0C, 0x00, 0x83, 0xC0,
    0x0F, 0x00, 0xF8, 0x03, 0xFF, 0x81, 0x7F, 0xFB, 0x08, 0xFF, 0x80, 0x7C, 0x0C, 0x00, 0x83, 0xE0,
    0x0F, 0x00, 0xFC, 0x04, 0xFF, 0x80, 0xFC, 0x08, 0xFF, 0x80, 0x7E, 0x0C, 0x00, 0x83, 0xE0, 0x07,
    0x00, 0xFC, 0x03, 0xFF, 0x80, 0x3F, 0x0A, 0xFF, 0x0C, 0x00, 0x83, 0xF0, 0x07, 0x00, 0xFE, 0x04,
    0xFF, 0x80, 0xFD, 0x09, 0xFF, 0x0C, 0x00, 0x83, 0xF0, 0x03, 0x00, 0xFE, 0x0E, 0xFF, 0x0C, 0x00,
    0x83, 0xF0, 0x03, 0x00, 0xFE, 0x0E, 0xFF, 0x0C, 0x00, 0x82, 0xF0, 0x01, 0x00, 0x0F, 0xFF, 0x0C,
    0x00, 0x82, 0xF0, 0x01, 0x00, 0x0F, 0xFF, 0x0C, 0x00, 0x82, 0x80, 0x00, 0x80, 0x0D, 0xFF, 0x81,
    0xE7, 0xFF, 0x0E, 0x00, 0x80, 0x80, 0x0D, 0xFF, 0x81, 0xCF, 0x7F, 0x0E, 0x00, 0x80, 0x80, 0x0D,
    0xFF, 0x81, 0xCF, 0xFF, 0x0E, 0x00, 0x80, 0xC0, 0x0D, 0xFF, 0x81, 0xEF, 0xFF, 0x0E, 0x00, 0x80,
    0xC0, 0x0D, 0xFF, 0x81, 0xEF, 0x7F, 0x0E, 0x00, 0x80, 0xC0, 0x0E, 0xFF, 0x80, 0x3F, 0x0E, 0x00,
    0x80, 0xC0, 0x0E, 0xFF, 0x80, 0x1F, 0x0E, 0x00, 0x80, 0xE0, 0x0E, 0xFF, 0x80, 0x1F, 0x0E, 0x00,
    0x80, 0xE0, 0x0E, 0xFF, 0x80, 0x0F, 0x02, 0x00, 0x80, 0x10, 0x0B, 0x00, 0x80, 0xE0, 0x0E, 0xFF,
    0x80, 0x0F, 0x02, 0x00, 0x80, 0x3F, 0x0B, 0x00, 0x80, 0xE0, 0x0C, 0xFF, 0x85, 0x7F, 0xE0, 0x07,
    0x00, 0xE0, 0x3F, 0x0B, 0x00, 0x80, 0xE0, 0x07, 0xFF, 0x82, 0x7F, 0x18, 0xC0, 0x02, 0xFF, 0x85,
    0x3F, 0xF8, 0x1F, 0x00, 0xE0, 0x3F, 0x08, 0x00, 0x83, 0x80, 0x7F, 0x00, 0xF0, 0x07, 0xFF, 0x82,
    0x1F, 0x08, 0x80, 0x02, 0xFF, 0x85, 0x7F, 0xFF, 0x1F, 0x00, 0xC0, 0x3F, 0x08, 0x00, 0x83, 0x80,
    0xFF, 0x00, 0xF0, 0x07, 0xFF, 0x80, 0x1F, 0x02, 0x00, 0x04, 0xFF, 0x83, 0x1F, 0x00, 0x40, 0x30,
    0x08, 0x00, 0x83, 0x80, 0x7F, 0x00, 0xF0, 0x07, 0xFF, 0x80, 0x1F, 0x02, 0x00, 0x04, 0xFF, 0x80,
    0x1F, 0x0B, 0x00, 0x83, 0x80, 0x7F, 0x00, 0xF0, 0x07, 0xFF, 0x80, 0x1F, 0x02, 0x00, 0x04, 0xFF,
    0x80, 0x1F, 0x08, 0x00, 0x88, 0xC1, 0x03, 0x00, 0x80, 0x7F, 0x00, 0xF0, 0xFF, 0xE7, 0x05, 0xFF,
    0x80, 0x1F, 0x02, 0x00, 0x80, 0xF8, 0x03, 0xFF, 0x82, 0x1F, 0x00, 0x40, 0x06, 0x00, 0x88, 0xFF,
    0x03, 0x00, 0x80, 0x7F, 0x00, 0xF0, 0xFF, 0xE1, 0x02, 0xFF, 0x86, 0x3F, 0xFE, 0xFF, 0x1F, 0x00,
    0x1C, 0xE0, 0x03, 0xFF, 0x80, 0x1F, 0x08, 0x00, 0x88, 0xFF, 0x03, 0x00, 0x80, 0x7F, 0x00, 0xF0,
    0xFF, 0xFC, 0x02, 0xFF, 0x80, 0x9F, 0x02, 0xFF, 0x83, 0x1F, 0x00, 0x1E, 0xE8, 0x03, 0xFF, 0x82,
    0x1F, 0x00, 0x40, 0x06, 0x00, 0x88, 0xFF, 0x03, 0x00, 0x80, 0x7F, 0x00, 0xF0, 0x7F, 0xFE, 0x02,
    0xFF, 0x80, 0xEF, 0x09, 0xFF, 0x80, 0x3F, 0x08, 0x00, 0x87, 0xFF, 0x03, 0x00, 0x80, 0x3F, 0x00,
    0xF0, 0x7F, 0x0D, 0xFF, 0x80, 0x3F, 0x08, 0x00, 0x87, 0xFF, 0x03, 0x00, 0x80, 0x3F, 0x00, 0xF0,
    0x7F, 0x04, 0xFF, 0x80, 0xFB, 0x08, 0xFF, 0x80, 0x3F, 0x07, 0x00, 0x88, 0x80, 0xFF, 0x03, 0x00,
    0x80, 0x3F, 0x00, 0xF0, 0x3F, 0x02, 0xFF, 0x82, 0xE7, 0xF9, 0xFB, 0x08, 0xFF, 0x80, 0x3F, 0x02,
    0x00, 0x80, 0x01, 0x05, 0x00, 0x87, 0xFF, 0x03, 0x00, 0x80, 0x3F, 0x00, 0xF0, 0xBF, 0x02, 0xFF,
    0x83, 0x07, 0xF8, 0x03, 0xF0, 0x07, 0xFF, 0x82, 0x3F, 0x00, 0x40, 0x06, 0x00, 0x86, 0xFF, 0x03,
    0x00, 0x80, 0x3F, 0x00, 0xF0, 0x03, 0xFF, 0x83, 0x07, 0xF8, 0x03, 0xF0, 0x02, 0xFF, 0x80, 0xF7,
    0x04, 0xFF, 0x80, 0x3F, 0x02, 0x00, 0x80, 0x02, 0x05, 0x00, 0x86, 0xFF, 0x03, 0x00, 0x80, 0x1F,
    0x00, 0xF8, 0x03, 0xFF, 0x83, 0x07, 0xF8, 0x01, 0xF0, 0x07, 0xFF, 0x83, 0x3F, 0x00, 0x80, 0x01,
    0x05, 0x00, 0x86, 0xFF, 0x03, 0x00, 0x80, 0x1F, 0x00, 0xF0, 0x03, 0xFF, 0x83, 0x07, 0xF8, 0x01,
    0xF0, 0x02, 0xFF, 0x80, 0x8F, 0x04, 0xFF, 0x80, 0x1F, 0x02, 0x00, 0x80, 0x02, 0x05, 0x00, 0x86,
    0xFF, 0x03, 0x00, 0x80, 0x1F, 0x00, 0xF8, 0x03, 0xFF, 0x83, 0x03, 0xF8, 0x03, 0xF0, 0x07, 0xFF,
    0x80, 0x1F, 0x02, 0x00, 0x80, 0x1F, 0x05, 0x00, 0x86, 0xFF, 0x03, 0x00, 0x80, 0x1F, 0x00, 0xF0,
    0x03, 0xFF, 0x83, 0x03, 0xF8, 0x03, 0xF0, 0x02, 0xFF, 0x80, 0x97, 0x04, 0xFF, 0x80, 0x1F, 0x02,
    0x00, 0x80, 0x7F, 0x05, 0x00, 0x86, 0xFF, 0x03, 0x00, 0x80, 0x1F, 0x00, 0xF0, 0x03, 0xFF, 0x83,
    0x03, 0xF8, 0x03, 0xF0, 0x02, 0xFF, 0x80, 0x9F, 0x04, 0xFF, 0x80, 0x1F, 0x02, 0x00, 0x80, 0x7F,
    0x05, 0x00, 0x81, 0xFF, 0x07, 0x02, 0x00, 0x82, 0x3F, 0x00, 0xF0, 0x03, 0xFF, 0x83, 0x01, 0xF8,
    0x07, 0xF0, 0x07, 0xFF, 0x80, 0x1F, 0x02, 0x00, 0x80, 0x7F, 0x05, 0x00, 0x81, 0xFF, 0x03, 0x02,
    0x00, 0x82, 0x3F, 0x00, 0xF0, 0x03, 0xFF, 0x83, 0x02, 0xF8, 0x07, 0xF0, 0x02, 0xFF, 0x80, 0x8F,
    0x04, 0xFF, 0x83, 0x1F, 0x00, 0x80, 0x7F, 0x05, 0x00, 0x81, 0xFF, 0x07, 0x02, 0x00, 0x82, 0x3F,
    0x00, 0xF0, 0x02, 0xFF, 0x84, 0x7F, 0x07, 0xF8, 0x0F, 0xF0, 0x02, 0xFF, 0x82, 0x8F, 0xFF, 0xEF,
    0x02, 0xFF, 0x83, 0x1F, 0x00, 0x80, 0x7F, 0x05, 0x00, 0x81, 0xFF, 0x07, 0x02, 0x00, 0x82, 0x7F,
    0x00, 0xF0, 0x02, 0xFF, 0x89, 0x7F, 0x03, 0xF8, 0x0F, 0xF8, 0xCF, 0xFF, 0x8F, 0xFF, 0xEF, 0x02,
    0xFF, 0x83, 0x1F, 0x00, 0x80, 0x7F, 0x05, 0x00, 0x81, 0xFF, 0x03, 0x02, 0x00, 0x82, 0x7F, 0x00,
    0xF0, 0x02, 0xFF, 0x8F, 0x9F, 0x03, 0xF8, 0x1F, 0xF8, 0x8F, 0xFF, 0x8F, 0xFF, 0xEF, 0xFF, 0xCF,
    0x1F, 0x00, 0xC0, 0x3F, 0x05, 0x00, 0x81, 0xFF, 0x01, 0x02, 0x00, 0x82, 0x7F, 0x00, 0xF0, 0x02,
    0xFF, 0x8F, 0xC7, 0x03, 0xF8, 0x1F, 0xF8, 0x8F, 0xFF, 0x8F, 0xFF, 0xEF, 0xFF, 0xCF, 0x0F, 0x00,
    0xC0, 0x3F, 0x05, 0x00, 0x81, 0xFF, 0x01, 0x02, 0x00, 0x82, 0x1E, 0x00, 0xE0, 0x02, 0xFF, 0x8F,
    0xE1, 0x03, 0xF8, 0x3F, 0xF8, 0x0F, 0xFF, 0x0F, 0xFE, 0xEF, 0xFF, 0xC7, 0x0F, 0x00, 0xE0, 0x3F,
    0x05, 0x00, 0x81, 0xFE, 0x01, 0x04, 0x00, 0x88, 0xE0, 0xFF, 0x78, 0xF8, 0x03, 0xE0, 0x3F, 0xFC,
    0x9F, 0x06, 0xFF, 0x83, 0x0F, 0x00, 0xE0, 0x3F, 0x05, 0x00, 0x81, 0xFE, 0x01, 0x04, 0x00, 0x83,
    0xE0, 0xFF, 0x03, 0xFE, 0x0B, 0xFF, 0x83, 0x0F, 0x00, 0xF0, 0x3F, 0x05, 0x00, 0x81, 0xFE, 0x01,
    0x04, 0x00, 0x80, 0xE0, 0x0E, 0xFF, 0x83, 0x07, 0x00, 0xF0, 0x3F, 0x05, 0x00, 0x81, 0xFE, 0x04,
    0x04, 0x00, 0x80, 0xC0, 0x0E, 0xFF, 0x83, 0x07, 0x00, 0xF0, 0x1F, 0x05, 0x00, 0x81, 0xFC, 0x07,
    0x04, 0x00, 0x80, 0xC0, 0x0E, 0xFF, 0x83, 0x03, 0x00, 0xF0, 0x1F, 0x05, 0x00, 0x81, 0xFC, 0x0F,
    0x04, 0x00, 0x80, 0xC0, 0x0E, 0xFF, 0x83, 0x03, 0x00, 0xF0, 0x1F, 0x05, 0x00, 0x81, 0xF8, 0x0F,
    0x04, 0x00, 0x80, 0xC0, 0x0E, 0xFF, 0x83, 0x03, 0x00, 0xF8, 0x1F, 0x05, 0x00, 0x81, 0xF8, 0x0F,
    0x04, 0x00, 0x80, 0x80, 0x0E, 0xFF, 0x83, 0x01, 0x00, 0xF8, 0x1F, 0x05, 0x00, 0x81, 0xF8, 0x0F,
    0x04, 0x00, 0x80, 0x80, 0x0E, 0xFF, 0x83, 0x01, 0x00, 0xF8, 0x0F, 0x05, 0x00, 0x81, 0xF8, 0x0F,
    0x05, 0x00, 0x0E, 0xFF, 0x02, 0x00, 0x81, 0xFC, 0x0F, 0x05, 0x00, 0x81, 0xF8, 0x1F, 0x05, 0x00,
    0x0E, 0xFF, 0x02, 0x00, 0x81, 0xFC, 0x0F, 0x05, 0x00, 0x81, 0xF0, 0x1F, 0x05, 0x00, 0x0D, 0xFF,
    0x80, 0x7F, 0x02, 0x00, 0x81, 0xFC, 0x07, 0x05, 0x00, 0x81, 0xF0, 0x1F, 0x02, 0x00, 0x80, 0x80,
    0x02, 0x00, 0x80, 0xFE, 0x0C, 0xFF, 0x80, 0x7F, 0x02, 0x00, 0x81, 0xFC, 0x07, 0x05, 0x00, 0x81,
    0xF0, 0x3F, 0x02, 0x00, 0x80, 0x40, 0x02, 0x00, 0x80, 0xFC, 0x0C, 0xFF, 0x80, 0x7F, 0x02, 0x00,
    0x81, 0xFE, 0x07, 0x05, 0x00, 0x81, 0xE0, 0x3F, 0x05, 0x00, 0x80, 0xFC, 0x0C, 0xFF, 0x80, 0x3F,
    0x02, 0x00, 0x81, 0xFE, 0x03, 0x05, 0x00, 0x81, 0xE0, 0x3F, 0x05, 0x00, 0x80, 0xFC, 0x0C, 0xFF,
    0x80, 0x1F, 0x02, 0x00, 0x81, 0xFF, 0x03, 0x05, 0x00, 0x81, 0xE0, 0x3F, 0x05, 0x00, 0x80, 0xF8,
    0x0C, 0xFF, 0x80, 0x1F, 0x02, 0x00, 0x81, 0xFF, 0x03, 0x05, 0x00, 0x81, 0xC0, 0x7F, 0x05, 0x00,
    0x80, 0xF8, 0x0C, 0xFF, 0x84, 0x0F, 0x00, 0x80, 0xFF, 0x01, 0x05, 0x00, 0x81, 0xC0, 0x7F, 0x05,
    0x00, 0x80, 0xF0, 0x0C, 0xFF, 0x84, 0x0F, 0x00, 0x80, 0xFF, 0x01, 0x05, 0x00, 0x81, 0xC0, 0x7F,
    0x05, 0x00, 0x80, 0xF0, 0x0C, 0xFF, 0x84, 0x07, 0x00, 0xC0, 0xFF, 0x01, 0x05, 0x00, 0x81, 0x80,
    0xFF, 0x05, 0x00, 0x80, 0xE0, 0x0C, 0xFF, 0x83, 0x03, 0x00, 0xC0, 0xFF, 0x06, 0x00, 0x81, 0x80,
    0xFF, 0x02, 0x00, 0x80, 0x02, 0x02, 0x00, 0x80, 0xE0, 0x0C, 0xFF, 0x83, 0x03, 0x00, 0xE0, 0xFF,
    0x07, 0x00, 0x83, 0xFF, 0x01, 0x00, 0x03, 0x02, 0x00, 0x80, 0xC0, 0x0C, 0xFF, 0x83, 0x01, 0x00,
    0xE0, 0x7F, 0x07, 0x00, 0x86, 0xFF, 0x01, 0xC0, 0x03, 0x00, 0x0F, 0x80, 0x0C, 0xFF, 0x02, 0x00,
    0x81, 0xF0, 0x7F, 0x07, 0x00, 0x86, 0xFE, 0x01, 0xE0, 0x07, 0x80, 0x1F, 0x00, 0x0B, 0xFF, 0x80,
    0x7F, 0x02, 0x00, 0x81, 0xF0, 0x3F, 0x07, 0x00, 0x86, 0xFE, 0x03, 0xF8, 0x07, 0xE0, 0x1F, 0x00,
    0x0B, 0xFF, 0x80, 0x3F, 0x02, 0x00, 0x81, 0xF8, 0x3F, 0x07, 0x00, 0x87, 0xFE, 0x03, 0xF0, 0x0F,
    0xE0, 0x1F, 0x00, 0xFE, 0x0A, 0xFF, 0x80, 0x3F, 0x02, 0x00, 0x81, 0xF8, 0x1F, 0x07, 0x00, 0x87,
    0xFC, 0x07, 0xF0, 0x0F, 0xC0, 0x3F, 0x00, 0xFC, 0x0A, 0xFF, 0x80, 0x1F, 0x02, 0x00, 0x81, 0xFC,
    0x1F, 0x07, 0x00, 0x87, 0xFC, 0x07, 0xF0, 0x0F, 0x00, 0x1E, 0x00, 0xF8, 0x0A, 0xFF, 0x80, 0x0F,
    0x02, 0x00, 0x81, 0xFE, 0x0F, 0x07, 0x00, 0x83, 0xFC, 0x07, 0xE0, 0x1F, 0x03, 0x00, 0x80, 0xF8,
    0x0A, 0xFF, 0x80, 0x07, 0x02, 0x00, 0x81, 0xFE, 0x0F, 0x07, 0x00, 0x83, 0xF8, 0x0F, 0xC0, 0x1F,
    0x03, 0x00, 0x80, 0xF0, 0x0A, 0xFF, 0x80, 0x03, 0x02, 0x00, 0x81, 0xFF, 0x07, 0x07, 0x00, 0x83,
    0xF0, 0x0F, 0xC0, 0x3F, 0x03, 0x00, 0x80, 0xE0, 0x0A, 0xFF, 0x84, 0x01, 0x00, 0x80, 0xFF, 0x03,
    0x07, 0x00, 0x83, 0xE0, 0x1F, 0xC0, 0x3F, 0x03, 0x00, 0x80, 0xC0, 0x0A, 0xFF, 0x02, 0x00, 0x82,
    0x80, 0xFF, 0x01, 0x07, 0x00, 0x83, 0xE0, 0x3F, 0x80, 0x7F, 0x03, 0x00, 0x80, 0x80, 0x09, 0xFF,
    0x80, 0x3F, 0x02, 0x00, 0x82, 0xC0, 0xFF, 0x01, 0x07, 0x00, 0x83, 0xC0, 0x3F, 0x00, 0xFF, 0x04,
    0x00, 0x09, 0xFF, 0x80, 0x1F, 0x02, 0x00, 0x81, 0xE0, 0xFF, 0x08, 0x00, 0x84, 0xC0, 0x7F, 0x00,
    0xFF, 0x01, 0x03, 0x00, 0x80, 0xFE, 0x08, 0xFF, 0x80, 0x0F, 0x02, 0x00, 0x81, 0xF0, 0x7F, 0x08,
    0x00, 0x84, 0x80, 0x7F, 0x00, 0xFE, 0x01, 0x03, 0x00, 0x80, 0xF8, 0x08, 0xFF, 0x80, 0x07, 0x02,
    0x00, 0x81, 0xF8, 0x7F, 0x08, 0x00, 0x84, 0x80, 0xFF, 0x00, 0xFE, 0x03, 0x03, 0x00, 0x80, 0xF8,
    0x08, 0xFF, 0x80, 0x01, 0x02, 0x00, 0x81, 0xF8, 0x1F, 0x08, 0x00, 0x84, 0x80, 0xFF, 0x00, 0xFC,
    0x07, 0x03, 0x00, 0x80, 0xE8, 0x08, 0xFF, 0x03, 0x00, 0x81, 0xFC, 0x1F, 0x08, 0x00, 0x84, 0x80,
    0xFF, 0x01, 0xF8, 0x0F, 0x03, 0x00, 0x80, 0xC8, 0x07, 0xFF, 0x80, 0x7F, 0x03, 0x00, 0x81, 0xFE,
    0x0F, 0x09, 0x00, 0x83, 0xFF, 0x03, 0xF8, 0x0F, 0x03, 0x00, 0x80, 0x38, 0x07, 0xFF, 0x80, 0x1F,
    0x03, 0x00, 0x81, 0xFF, 0x07, 0x09, 0x00, 0x83, 0xFF, 0x03, 0xF0, 0x1F, 0x03, 0x00, 0x80, 0xF8,
    0x07, 0xFF, 0x80, 0x07, 0x02, 0x00, 0x82, 0x80, 0xFF, 0x03, 0x09, 0x00, 0x83, 0xFE, 0x07, 0xE0,
    0x3F, 0x03, 0x00, 0x80, 0xF8, 0x07, 0xFF, 0x80, 0x01, 0x02, 0x00, 0x82, 0xC0, 0xFF, 0x01, 0x09,
    0x00, 0x83, 0xFC, 0x0F, 0xE0, 0x7F, 0x03, 0x00, 0x80, 0xF8, 0x07, 0xFF, 0x03, 0x00, 0x81, 0xE0,
    0x7F, 0x0A, 0x00, 0x83, 0xFC, 0x0F, 0xC0, 0xFF, 0x03, 0x00, 0x80, 0xFC, 0x06, 0xFF, 0x80, 0x3F,
    0x03, 0x00, 0x81, 0xF0, 0x3F, 0x0A, 0x00, 0x83, 0xF8, 0x1F, 0x80, 0xFF, 0x03, 0x00, 0x80, 0xF8,
    0x06, 0xFF, 0x80, 0x07, 0x03, 0x00, 0x81, 0xF8, 0x1F, 0x0A, 0x00, 0x84, 0xF0, 0x1F, 0x00, 0xFF,
    0x01, 0x02, 0x00, 0x80, 0xF0, 0x06, 0xFF, 0x80, 0x01, 0x03, 0x00, 0x81, 0xFC, 0x0F, 0x0A, 0x00,
    0x84, 0xE0, 0x07, 0x00, 0xFF, 0x03, 0x02, 0x00, 0x80, 0xC0, 0x05, 0xFF, 0x80, 0x1F, 0x04, 0x00,
    0x81, 0xFE, 0x03, 0x0A, 0x00, 0x84, 0xE0, 0x01, 0x00, 0xFC, 0x07, 0x03, 0x00, 0x05, 0xFF, 0x80,
    0x03, 0x04, 0x00, 0x80, 0xFC, 0x0B, 0x00, 0x80, 0x40, 0x02, 0x00, 0x81, 0xFC, 0x0F, 0x03, 0x00,
    0x80, 0xFE, 0x03, 0xFF, 0x80, 0x7F, 0x05, 0x00, 0x80, 0x78, 0x0E, 0x00, 0x81, 0xF8, 0x1F, 0x03,
    0x00, 0x80, 0xF0, 0x03, 0xFF, 0x80, 0x01, 0x06, 0x00, 0x80, 0x03, 0x0D, 0x00, 0x81, 0xF0, 0x3F,
    0x03, 0x00, 0x80, 0xC0, 0x03, 0xFF, 0x80, 0x01, 0x14, 0x00, 0x81, 0xE0, 0xFF, 0x04, 0x00, 0x03,
    0xFF, 0x80, 0x01, 0x14, 0x00, 0x81, 0xC0, 0xFF, 0x04, 0x00, 0x80, 0xF8, 0x02, 0xFF, 0x80, 0x01,
    0x14, 0x00, 0x82, 0x80, 0xFF, 0x01, 0x03, 0x00, 0x80, 0xC0, 0x02, 0xFF, 0x80, 0x01, 0x14, 0x00,
    0x82, 0x80, 0xFF, 0x03, 0x04, 0x00, 0x82, 0xF8, 0xFF, 0x01, 0x15, 0x00, 0x81, 0xFF, 0x03, 0x04,
    0x00, 0x82, 0x80, 0xFF, 0x01, 0x15, 0x00, 0x81, 0xFC, 0x03, 0x1C, 0x00, 0x81, 0xF8, 0x01, 0x1C,
    0x00, 0x81, 0xF0, 0x01, 0x1C, 0x00, 0x80, 0xE0, 0x7F, 0x00, 0x7F, 0x00, 0x52, 0x00, 0x81, 0xFC,
    0x01, 0x1C, 0x00, 0x81, 0xFC, 0x01, 0x1C, 0x00, 0x81, 0xFC, 0x01, 0x1C, 0x00, 0x81, 0xFC, 0x01,
    0x1C, 0x00, 0x81, 0xFC, 0x01, 0x1C, 0x00, 0x81, 0xFC, 0x01, 0x1C, 0x00, 0x81, 0xFC, 0x01, 0x1C,
    0x00, 0x81, 0xFC, 0x01, 0x7F, 0x00, 0x7F, 0x00, 0x7F, 0x00, 0x70, 0x00, 0x80, 0x80, 0x1D, 0x00,
    0x80, 0x80, 0x7F, 0x00, 0x7F, 0x00, 0x10, 0x00, 0x02, 0xFD, 0x06, 0x00, 0x00, 0x00, 0x02, 0x01,
    0xFF, 0x64, 0x00, 0x04, 0xFB, 0x08, 0x00, 0x00, 0x07, 0x00, 0x10, 0x00, 0xEF, 0x00, 0xE8, 0x00,
    0x05, 0xFA, 0x28, 0x0D, 0x00, 0x2B, 0x00, 0x80, 0xF8, 0x1C, 0x00, 0x82, 0xF0, 0xFF, 0x1F, 0x1A,
    0x00, 0x80, 0xE0, 0x02, 0xFF, 0x80, 0x0F, 0x19, 0x00, 0x80, 0xC0, 0x03, 0xFF, 0x80, 0x01, 0x18,
    0x00, 0x80, 0x80, 0x03, 0xFF, 0x80, 0x3F, 0x13, 0x00, 0x80, 0x04, 0x05, 0x00, 0x04, 0xFF, 0x80,
    0x03, 0x12, 0x00, 0x80, 0x08, 0x05, 0x00, 0x80, 0xFE, 0x03, 0xFF, 0x80, 0x3F, 0x18, 0x00, 0x80,
    0xFC, 0x04, 0xFF, 0x80, 0x01, 0x17, 0x00, 0x80, 0xF0, 0x04, 0xFF, 0x80, 0x1F, 0x18, 0x00, 0x80,
    0xF0, 0x03, 0xFF, 0x80, 0x7F, 0x19, 0x00, 0x80, 0x80, 0x03, 0xFF, 0x80, 0x01, 0x19, 0x00, 0x80,
    0xE0, 0x02, 0xFF, 0x80, 0x0F, 0x1A, 0x00, 0x82, 0xFC, 0xFF, 0x3F, 0x1A, 0x00, 0x80, 0xC0, 0x02,
    0xFF, 0x80, 0x01, 0x1A, 0x00, 0x82, 0xFC, 0xFF, 0x0F, 0x1A, 0x00, 0x82, 0xC0, 0xFF, 0x3F, 0x1B,
    0x00, 0x81, 0xFE, 0xFF, 0x15, 0x00, 0x81, 0xC0, 0x1F, 0x04, 0x00, 0x82, 0xE0, 0xFF, 0x07, 0x13,
    0x00, 0x82, 0x80, 0xFF, 0x3F, 0x05, 0x00, 0x81, 0xFF, 0x1F, 0x13, 0x00, 0x80, 0xF0, 0x03, 0xFF,
    0x80, 0x01, 0x03, 0x00, 0x81, 0xF8, 0xFF, 0x13, 0x00, 0x80, 0xE0, 0x04, 0xFF, 0x80, 0x03, 0x02,
    0x00, 0x82, 0xC0, 0xFF, 0x07, 0x13, 0x00, 0x04, 0xFF, 0x80, 0x7F, 0x03, 0x00, 0x81, 0xFE, 0x1F,
    0x13, 0x00, 0x80, 0xFC, 0x04, 0xFF, 0x80, 0x07, 0x02, 0x00, 0x81, 0xF8, 0x7F, 0x13, 0x00, 0x80,
    0xF0, 0x04, 0xFF, 0x80, 0x7F, 0x02, 0x00, 0x82, 0xC0, 0xFF, 0x01, 0x12, 0x00, 0x82, 0xF0, 0xFF,
    0xFE, 0x03, 0xFF, 0x80, 0x07, 0x02, 0x00, 0x81, 0xFE, 0x07, 0x12, 0x00, 0x82, 0xF0, 0x07, 0xE0,
    0x03, 0xFF, 0x80, 0x3F, 0x02, 0x00, 0x81, 0xF0, 0x3F, 0x12, 0x00, 0x82, 0x10, 0x00, 0xC0, 0x04,
    0xFF, 0x83, 0x03, 0x00, 0xC0, 0xFF, 0x14, 0x00, 0x80, 0x80, 0x04, 0xFF, 0x80, 0x1F, 0x02, 0x00,
    0x81, 0xFF, 0x03, 0x14, 0x00, 0x05, 0xFF, 0x02, 0x00, 0x81, 0xF8, 0x0F, 0x14, 0x00, 0x81, 0x1E,
    0xFC, 0x03, 0xFF, 0x83, 0x03, 0x00, 0xE0, 0x3F, 0x0B, 0x00, 0x80, 0x60, 0x0A, 0x00, 0x80, 0xFE,
    0x02, 0xFF, 0x84, 0x1F, 0x00, 0x80, 0xFF, 0x01, 0x0A, 0x00, 0x81, 0xE0, 0x01, 0x09, 0x00, 0x80,
    0x80, 0x03, 0xFF, 0x02, 0x00, 0x81, 0xFE, 0x07, 0x0A, 0x00, 0x81, 0xE0, 0x07, 0x0A, 0x00, 0x80,
    0xF0, 0x02, 0xFF, 0x83, 0x07, 0x00, 0xF0, 0x0F, 0x0A, 0x00, 0x81, 0xE0, 0x3F, 0x0B, 0x00, 0x02,
    0xFF, 0x83, 0x1F, 0x00, 0xC0, 0x1F, 0x0A, 0x00, 0x81, 0xE0, 0x7F, 0x03, 0x00, 0x80, 0x60, 0x07,
    0x00, 0x82, 0xF8, 0xFF, 0x7F, 0x02, 0x00, 0x80, 0x1F, 0x0A, 0x00, 0x81, 0xE0, 0x7F, 0x03, 0x00,
    0x81, 0xF0, 0x01, 0x06, 0x00, 0x80, 0x80, 0x02, 0xFF, 0x82, 0x03, 0x00, 0x3C, 0x0A, 0x00, 0x81,
    0xE0, 0x7F, 0x03, 0x00, 0x81, 0xF8, 0x03, 0x07, 0x00, 0x84, 0xFC, 0xFF, 0x0F, 0x00, 0x70, 0x0A,
    0x00, 0x81, 0xE0, 0x7F, 0x03, 0x00, 0x81, 0xFC, 0x07, 0x03, 0x00, 0x80, 0x02, 0x03, 0x00, 0x84,
    0xE0, 0xFF, 0x7F, 0x00, 0xC0, 0x0A, 0x00, 0x81, 0xE0, 0x7F, 0x03, 0x00, 0x81, 0xFE, 0x0F, 0x03,
    0x00, 0x81, 0xFC, 0x07, 0x02, 0x00, 0x80, 0x80, 0x02, 0xFF, 0x0C, 0x00, 0x81, 0xC0, 0x7F, 0x03,
    0x00, 0x81, 0xFE, 0x0F, 0x03, 0x00, 0x82, 0xF8, 0xFF, 0x03, 0x02, 0x00, 0x82, 0xFC, 0xFF, 0x07,
    0x0B, 0x00, 0x81, 0xC0, 0x7F, 0x03, 0x00, 0x81, 0xFF, 0x0F, 0x03, 0x00, 0x82, 0xF8, 0xFF, 0x7F,
    0x02, 0x00, 0x82, 0xE0, 0xFF, 0x1F, 0x0B, 0x00, 0x81, 0xC0, 0x7F, 0x03, 0x00, 0x81, 0xFF, 0x1F,
    0x02, 0x00, 0x80, 0xE0, 0x03, 0xFF, 0x84, 0x07, 0x00, 0x80, 0xFF, 0x7F, 0x0B, 0x00, 0x81, 0xC0,
    0x7F, 0x03, 0x00, 0x81, 0xFF, 0x1F, 0x02, 0x00, 0x80, 0xFE, 0x03, 0xFF, 0x80, 0x7F, 0x02, 0x00,
    0x84, 0xFC, 0xFF, 0x01, 0x00, 0x01, 0x08, 0x00, 0x81, 0x80, 0x7F, 0x02, 0x00, 0x84, 0x80, 0xFF,
    0x1F, 0x00, 0x80, 0x05, 0xFF, 0x86, 0x03, 0x00, 0xF0, 0xFF, 0x07, 0x00, 0x04, 0x08, 0x00, 0x81,
    0x80, 0xFF, 0x02, 0x00, 0x84, 0x80, 0xFF, 0x1F, 0x00, 0xE0, 0x05, 0xFF, 0x84, 0x1F, 0x00, 0xC0,
    0xFF, 0x1F, 0x0A, 0x00, 0x81, 0x80, 0xFF, 0x02, 0x00, 0x84, 0x80, 0xFF, 0x3F, 0x00, 0xF8, 0x06,
    0xFF, 0x02, 0x00, 0x81, 0xFE, 0x7F, 0x0A, 0x00, 0x81, 0x80, 0xFF, 0x02, 0x00, 0x84, 0x80, 0xFF,
    0x3F, 0x00, 0xFC, 0x06, 0xFF, 0x83, 0x03, 0x00, 0xF8, 0xFF, 0x02, 0x00, 0x80, 0x01, 0x08, 0x00,
    0x80, 0xFF, 0x02, 0x00, 0x84, 0x80, 0xFF, 0x3F, 0x00, 0xFE, 0x06, 0xFF, 0x83, 0x1F, 0x00, 0xE0,
    0x1F, 0x02, 0x00, 0x80, 0x06, 0x08, 0x00, 0x86, 0xFF, 0x01, 0x00, 0xC0, 0xFF, 0x3F, 0x00, 0x08,
    0xFF, 0x82, 0x00, 0x80, 0x1F, 0x02, 0x00, 0x80, 0x18, 0x08, 0x00, 0x86, 0xFE, 0x01, 0x00, 0x80,
    0xFF, 0x7F, 0x00, 0x08, 0xFF, 0x82, 0x07, 0x00, 0x0E, 0x02, 0x00, 0x80, 0x20, 0x08, 0x00, 0x83,
    0xFE, 0x01, 0x00, 0x80, 0x02, 0xFF, 0x80, 0xC1, 0x08, 0xFF, 0x80, 0x1F, 0x04, 0x00, 0x80, 0x80,
    0x08, 0x00, 0x83, 0xFC, 0x03, 0x00, 0x80, 0x0B, 0xFF, 0x80, 0x7F, 0x05, 0x00, 0x80, 0x03, 0x07,
    0x00, 0x83, 0xFC, 0x03, 0x00, 0x80, 0x06, 0xFF, 0x80, 0xBF, 0x05, 0xFF, 0x80, 0x03, 0x04, 0x00,
    0x80, 0x04, 0x07, 0x00, 0x83, 0xF8, 0x03, 0x00, 0x80, 0x0C, 0xFF, 0x80, 0x0F, 0x04, 0x00, 0x80,
    0x10, 0x07, 0x00, 0x83, 0xF8, 0x07, 0x00, 0x80, 0x0C, 0xFF, 0x80, 0x7F, 0x04, 0x00, 0x81, 0x20,
    0x02, 0x06, 0x00, 0x83, 0xF0, 0x07, 0x00, 0x80, 0x0D, 0xFF, 0x80, 0x01, 0x03, 0x00, 0x81, 0x80,
    0x07, 0x06, 0x00, 0x83, 0xF0, 0x0F, 0x00, 0x80, 0x0D, 0xFF, 0x80, 0x07, 0x04, 0x00, 0x80, 0x1F,
    0x06, 0x00, 0x81, 0xE0, 0x0F, 0x02, 0x00, 0x0D, 0xFF, 0x80, 0x1F, 0x02, 0x00, 0x82, 0x08, 0x00,
    0x7C, 0x06, 0x00, 0x81, 0xE0, 0x0F, 0x02, 0x00, 0x0D, 0xFF, 0x80, 0x7F, 0x02, 0x00, 0x82, 0x38,
    0x00, 0xF8, 0x06, 0x00, 0x81, 0xC0, 0x1F, 0x02, 0x00, 0x0E, 0xFF, 0x85, 0x01, 0x00, 0xF8, 0x00,
    0xE0, 0x03, 0x05, 0x00, 0x81, 0x80, 0x1F, 0x02, 0x00, 0x0E, 0xFF, 0x85, 0x07, 0x00, 0xF8, 0x01,
    0xC0, 0x07, 0x06, 0x00, 0x80, 0x3F, 0x02, 0x00, 0x80, 0xFE, 0x0D, 0xFF, 0x85, 0x0F, 0x00, 0xF0,
    0x07, 0x00, 0x0F, 0x06, 0x00, 0x80, 0x3E, 0x02, 0x00, 0x80, 0xFE, 0x0D, 0xFF, 0x85, 0x3F, 0x00,
    0xE0, 0x1F, 0x00, 0x3E, 0x06, 0x00, 0x80, 0x7E, 0x02, 0x00, 0x80, 0xFE, 0x0E, 0xFF, 0x84, 0x00,
    0xC0, 0x3F, 0x00, 0xF8, 0x06, 0x00, 0x80, 0x7C, 0x02, 0x00, 0x80, 0xFC, 0x0E, 0xFF, 0x85, 0x03,
    0x00, 0xFF, 0x00, 0xF0, 0x01, 0x05, 0x00, 0x80, 0xFC, 0x02, 0x00, 0x80, 0xFC, 0x0E, 0xFF, 0x85,
    0x0F, 0x00, 0xFC, 0x01, 0xC0, 0x03, 0x05, 0x00, 0x83, 0xF8, 0x01, 0x00, 0xF8, 0x0E, 0xFF, 0x85,
    0x1F, 0x00, 0xF0, 0x07, 0x80, 0x0F, 0x05, 0x00, 0x83, 0xF0, 0x01, 0x00, 0xF8, 0x0E, 0xFF, 0x85,
    0x7F, 0x00, 0xE0, 0x0F, 0x00, 0x1E, 0x05, 0x00, 0x83, 0xE0, 0x03, 0x00, 0xF0, 0x0F, 0xFF, 0x84,
    0x01, 0x80, 0x1F, 0x00, 0x7C, 0x05, 0x00, 0x83, 0xE0, 0x07, 0x00, 0xF0, 0x0F, 0xFF, 0x84, 0x07,
    0x00, 0x7F, 0x00, 0xF8, 0x05, 0x00, 0x83, 0xC0, 0x07, 0x00, 0xE0, 0x0F, 0xFF, 0x85, 0x0F, 0x00,
    0xFC, 0x00, 0xE0, 0x01, 0x04, 0x00, 0x83, 0x80, 0x0F, 0x00, 0xE0, 0x0F, 0xFF, 0x85, 0x3F, 0x00,
    0xF8, 0x03, 0xC0, 0x07, 0x04, 0x00, 0x83, 0x80, 0x1F, 0x00, 0xC0, 0x10, 0xFF, 0x84, 0x00, 0xF0,
    0x07, 0x80, 0x0F, 0x05, 0x00, 0x82, 0x1F, 0x00, 0xC0, 0x10, 0xFF, 0x84, 0x01, 0xC0, 0x1F, 0x00,
    0x3E, 0x05, 0x00, 0x82, 0x3E, 0x00, 0x80, 0x10, 0xFF, 0x84, 0x07, 0x80, 0x3F, 0x00, 0x7C, 0x05,
    0x00, 0x82, 0x7E, 0x00, 0x80, 0x10, 0xFF, 0x84, 0x0F, 0x00, 0x7C, 0x00, 0xF8, 0x05, 0x00, 0x80,
    0x7C, 0x02, 0x00, 0x10, 0xFF, 0x85, 0x3F, 0x00, 0xF0, 0x01, 0xF0, 0x01, 0x04, 0x00, 0x80, 0xF8,
    0x02, 0x00, 0x10, 0xFF, 0x85, 0x7F, 0x00, 0xE0, 0x03, 0xE0, 0x07, 0x04, 0x00, 0x83, 0xF0, 0x01,
    0x00, 0xFE, 0x10, 0xFF, 0x84, 0x00, 0xC0, 0x07, 0x80, 0x0F, 0x04, 0x00, 0x83, 0xE0, 0x03, 0x00,
    0xFC, 0x10, 0xFF, 0x84, 0x03, 0x80, 0x0F, 0x00, 0x1F, 0x04, 0x00, 0x83, 0xE0, 0x07, 0x00, 0xF8,
    0x10, 0xFF, 0x84, 0x07, 0x00, 0x3F, 0x00, 0x3C, 0x04, 0x00, 0x83, 0xC0, 0x07, 0x00, 0xF8, 0x0F,
    0xFF, 0x85, 0xFC, 0x1F, 0x00, 0x7E, 0x00, 0xF8, 0x05, 0x00, 0x82, 0x0C, 0x00, 0xF0, 0x0F, 0xFF,
    0x86, 0xF9, 0x3F, 0x00, 0xF8, 0x00, 0xF0, 0x01, 0x06, 0x00, 0x80, 0xE0, 0x0F, 0xFF, 0x86, 0xF3,
    0x7F, 0x00, 0xF0, 0x01, 0xE0, 0x03, 0x06, 0x00, 0x80, 0xC0, 0x0F, 0xFF, 0x86, 0xE7, 0xFF, 0x01,
    0xE0, 0x07, 0xC0, 0x07, 0x06, 0x00, 0x80, 0xC0, 0x0F, 0xFF, 0x86, 0xCF, 0xFF, 0x03, 0xC0, 0x0F,
    0x80, 0x0F, 0x06, 0x00, 0x80, 0x80, 0x11, 0xFF, 0x84, 0x07, 0x00, 0x1F, 0x00, 0x3F, 0x07, 0x00,
    0x11, 0xFF, 0x84, 0x1F, 0x00, 0x3E, 0x00, 0x7C, 0x07, 0x00, 0x80, 0xFE, 0x10, 0xFF, 0x84, 0x3F,
    0x00, 0x7C, 0x00, 0xF8, 0x07, 0x00, 0x80, 0xFC, 0x10, 0xFF, 0x85, 0x7F, 0x00, 0xF8, 0x01, 0xF0,
    0x01, 0x06, 0x00, 0x80, 0xFC, 0x11, 0xFF, 0x84, 0x00, 0xE0, 0x03, 0xE0, 0x03, 0x06, 0x00, 0x80,
    0xF8, 0x11, 0xFF, 0x84, 0x03, 0xC0, 0x07, 0xC0, 0x0F, 0x06, 0x00, 0x80, 0xF0, 0x05, 0xFF, 0x90,
    0x0F, 0x3E, 0xC0, 0xBF, 0x1F, 0x06, 0xF0, 0x1F, 0xFC, 0x3F, 0xE0, 0xFF, 0x07, 0x80, 0x0F, 0x80,
    0x1F, 0x06, 0x00, 0x80, 0xE0, 0x05, 0xFF, 0x90, 0x1F, 0x3C, 0x00, 0x1F, 0x1E, 0x00, 0x80, 0x3F,
    0xF0, 0x7F, 0xC0, 0xFF, 0x0F, 0x00, 0x1F, 0x00, 0x3F, 0x06, 0x00, 0x80, 0xC0, 0x05, 0xFF, 0x82,
    0x3F, 0x10, 0x00, 0x02, 0x1C, 0x02, 0x00, 0x89, 0x7F, 0xC0, 0xFF, 0x80, 0xFF, 0x1F, 0x00, 0x3E,
    0x00, 0x7C, 0x06, 0x00, 0x80, 0x80, 0x05, 0xFF, 0x84, 0x7F, 0x20, 0x00, 0x10, 0x38, 0x02, 0x00,
    0x80, 0xFC, 0x02, 0xFF, 0x86, 0x01, 0xFF, 0x3F, 0x00, 0x7C, 0x00, 0xF8, 0x07, 0x00, 0x06, 0xFF,
    0x80, 0x07, 0x02, 0x00, 0x80, 0xF8, 0x02, 0x00, 0x8A, 0xF8, 0xFF, 0xFD, 0x03, 0xFE, 0xFF, 0x00,
    0xF0, 0x00, 0xF0, 0x03, 0x06, 0x00, 0x03, 0xFF, 0x80, 0x3F, 0x02, 0xFF, 0x80, 0x3F, 0x02, 0x00,
    0x8D, 0xF0, 0x01, 0x00, 0x80, 0xFF, 0xFB, 0x07, 0xFC, 0xFF, 0x01, 0xE0, 0x01, 0xE0, 0x0F, 0x06,
    0x00, 0x80, 0xFE, 0x02, 0xFF, 0x80, 0x1F, 0x02, 0xFF, 0x90, 0x7F, 0xF8, 0x00, 0xFC, 0x03, 0x80,
    0x01, 0xFC, 0xE7, 0x0F, 0xF8, 0xFF, 0x03, 0xC0, 0x07, 0xC0, 0xFF, 0x06, 0x00, 0x80, 0xFC, 0x02,
    0xFF, 0x80, 0x9F, 0x03, 0xFF, 0x90, 0xFC, 0x03, 0xFC, 0x0F, 0x80, 0x07, 0xF0, 0xCF, 0x1F, 0xFE,
    0xFF, 0x07, 0x80, 0x0F, 0x80, 0xFF, 0x01, 0x05, 0x00, 0x80, 0xF8, 0x02, 0xFF, 0x80, 0x9F, 0x03,
    0xFF, 0x88, 0xF9, 0x07, 0xFC, 0xFF, 0xFD, 0x9F, 0xFF, 0xBF, 0x1F, 0x02, 0xFF, 0x85, 0x0F, 0x00,
    0x1F, 0x00, 0xFF, 0x03, 0x05, 0x00, 0x80, 0xF0, 0x02, 0xFF, 0x80, 0xBF, 0x03, 0xFF, 0x82, 0xF9,
    0x0F, 0xF8, 0x04, 0xFF, 0x80, 0x3F, 0x03, 0xFF, 0x85, 0x1F, 0x00, 0x3E, 0x00, 0xFE, 0x07, 0x05,
    0x00, 0x80, 0xE0, 0x02, 0xFF, 0x80, 0x7F, 0x02, 0xFF, 0x83, 0x1F, 0xF0, 0x1F, 0xF0, 0x04, 0xFF,
    0x81, 0x7F, 0xFE, 0x02, 0xFF, 0x85, 0x3F, 0x00, 0x7C, 0x00, 0xFC, 0x0F, 0x05, 0x00, 0x80, 0xC0,
    0x02, 0xFF, 0x86, 0x7F, 0xFE, 0xFF, 0x3F, 0xE0, 0x3F, 0xE0, 0x05, 0xFF, 0x80, 0xFE, 0x02, 0xFF,
    0x85, 0x7F, 0x00, 0xF8, 0x00, 0xF9, 0x1F, 0x05, 0x00, 0x80, 0x80, 0x03, 0xFF, 0x85, 0xFE, 0xFF,
    0x7F, 0xC0, 0x7F, 0xC0, 0x05, 0xFF, 0x80, 0xFD, 0x03, 0xFF, 0x84, 0x00, 0xF0, 0x01, 0xF2, 0x3F,
    0x06, 0x00, 0x80, 0xFE, 0x05, 0xFF, 0x82, 0x80, 0x7F, 0x80, 0x05, 0xFF, 0x80, 0xFB, 0x03, 0xFF,
    0x84, 0x01, 0xE0, 0x03, 0xE4, 0x7F, 0x06, 0x00, 0x80, 0xFC, 0x05, 0xFF, 0x82, 0x00, 0xFF, 0x00,
    0x05, 0xFF, 0x80, 0xF7, 0x03, 0xFF, 0x84, 0x03, 0xC0, 0x07, 0xC8, 0xFF, 0x06, 0x00, 0x80, 0xF8,
    0x05, 0xFF, 0x83, 0x01, 0xFE, 0x03, 0xFE, 0x02, 0xFF, 0x82, 0xE7, 0xFF, 0xEF, 0x03, 0xFF, 0x85,
    0x07, 0x80, 0x0F, 0x80, 0xFF, 0x01, 0x05, 0x00, 0x80, 0xF0, 0x05, 0xFF, 0x83, 0x07, 0xFC, 0x07,
    0xFC, 0x04, 0xFF, 0x80, 0xDF, 0x03, 0xFF, 0x85, 0x1F, 0x00, 0x07, 0x00, 0xFF, 0x03, 0x05, 0x00,
    0x80, 0xE0, 0x05, 0xFF, 0x83, 0x07, 0xF8, 0x0F, 0xF8, 0x04, 0xFF, 0x80, 0xBF, 0x03, 0xFF, 0x85,
    0x1F, 0x00, 0x06, 0x00, 0xFE, 0x07, 0x05, 0x00, 0x80, 0xC0, 0x05, 0xFF, 0x83, 0x0F, 0xF0, 0x3F,
    0xF0, 0x08, 0xFF, 0x85, 0x3F, 0x00, 0x0C, 0x00, 0xFC, 0x07, 0x05, 0x00, 0x80, 0x80, 0x05, 0xFF,
    0x83, 0x1F, 0xE0, 0x7F, 0xE0, 0x08, 0xFF, 0x85, 0x7F, 0x00, 0x18, 0x00, 0xF8, 0x0F, 0x06, 0x00,
    0x05, 0xFF, 0x83, 0x3F, 0xC0, 0xFF, 0xC1, 0x03, 0xFF, 0x82, 0xF9, 0xFF, 0xFC, 0x03, 0xFF, 0x84,
    0x00, 0x30, 0x00, 0xF0, 0x1F, 0x06, 0x00, 0x80, 0xFE, 0x04, 0xFF, 0x83, 0x7F, 0x80, 0xFF, 0x83,
    0x03, 0xFF, 0x8A, 0xF1, 0xFF, 0xF9, 0xFF, 0xF8, 0xFF, 0x01, 0x60, 0x00, 0xE0, 0x3F, 0x06, 0x00,
    0x80, 0xF8, 0x05, 0xFF, 0x90, 0x00, 0xFF, 0x07, 0xFF, 0xE7, 0xFF, 0xE7, 0xFF, 0xF3, 0xFF, 0xF1,
    0xFF, 0x03, 0xC0, 0x00, 0xC0, 0x7F, 0x06, 0x00, 0x80, 0xF0, 0x04, 0xFF, 0x91, 0xFB, 0x01, 0xFE,
    0x1F, 0xFC, 0xCF, 0xFF, 0xE7, 0xFF, 0xE7, 0xFF, 0xE3, 0xFF, 0x07, 0x80, 0x07, 0x80, 0xFF, 0x06,
    0x00, 0x80, 0xE0, 0x04, 0xFF, 0x92, 0xF1, 0x03, 0xFC, 0x1F, 0xF8, 0x1F, 0xFF, 0x8F, 0xFF, 0xCF,
    0xFF, 0xC7, 0xFF, 0x07, 0x80, 0x1F, 0x00, 0xFF, 0x01, 0x05, 0x00, 0x80, 0xC0, 0x04, 0xFF, 0x92,
    0xF8, 0x0F, 0x80, 0x3F, 0xF0, 0x3F, 0xFC, 0x1F, 0xFE, 0x9F, 0xFF, 0x8F, 0xFF, 0x0F, 0x00, 0x3E,
    0x00, 0xFE, 0x03, 0x05, 0x00, 0x80, 0x80, 0x03, 0xFF, 0x87, 0x38, 0xF8, 0xFF, 0x00, 0xFF, 0xFD,
    0xFF, 0xFC, 0x06, 0xFF, 0x85, 0x1F, 0x00, 0x3E, 0x00, 0xFC, 0x07, 0x06, 0x00, 0x80, 0xFE, 0x02,
    0xFF, 0x81, 0x07, 0xFC, 0x0C, 0xFF, 0x85, 0x3F, 0x00, 0x7C, 0x00, 0xFC, 0x0F, 0x06, 0x00, 0x80,
    0xF8, 0x10, 0xFF, 0x85, 0x7F, 0x00, 0x88, 0x00, 0xF8, 0x1F, 0x06, 0x00, 0x80, 0xF0, 0x10, 0xFF,
    0x85, 0x7F, 0x00, 0x18, 0x00, 0xF0, 0x1F, 0x06, 0x00, 0x80, 0xE0, 0x11, 0xFF, 0x84, 0x00, 0x30,
    0x00, 0xE0, 0x3F, 0x06, 0x00, 0x80, 0xC0, 0x11, 0xFF, 0x84, 0x01, 0x20, 0x00, 0xC0, 0x7F, 0x04,
    0x00, 0x80, 0x08, 0x02, 0x00, 0x11, 0xFF, 0x84, 0x03, 0x40, 0x00, 0xC0, 0xFF, 0x04, 0x00, 0x80,
    0x10, 0x02, 0x00, 0x80, 0xFE, 0x10, 0xFF, 0x85, 0x03, 0xC0, 0x00, 0x80, 0xFF, 0x01, 0x03, 0x00,
    0x80, 0x20, 0x02, 0x00, 0x80, 0xFC, 0x10, 0xFF, 0x85, 0x07, 0x80, 0x01, 0x00, 0xFF, 0x01, 0x03,
    0x00, 0x80, 0x80, 0x02, 0x00, 0x80, 0xF8, 0x10, 0xFF, 0x85, 0x07, 0x80, 0x01, 0x00, 0xFE, 0x03,
    0x04, 0x00, 0x82, 0x01, 0x00, 0xF0, 0x10, 0xFF, 0x85, 0x0F, 0x80, 0x03, 0x00, 0xFE, 0x07, 0x04,
    0x00, 0x82, 0x06, 0x00, 0xE0, 0x10, 0xFF, 0x85, 0x0F, 0x00, 0x03, 0x00, 0xFC, 0x0F, 0x04, 0x00,
    0x82, 0x08, 0x00, 0xC0, 0x10, 0xFF, 0x85, 0x1F, 0x00, 0x07, 0x00, 0xF8, 0x1F, 0x06, 0x00, 0x80,
    0x80, 0x10, 0xFF, 0x85, 0x1F, 0x00, 0x0E, 0x00, 0xF0, 0x1F, 0x07, 0x00, 0x80, 0xFE, 0x0F, 0xFF,
    0x85, 0x3F, 0x00, 0x1E, 0x00, 0xF0, 0x3F, 0x07, 0x00, 0x80, 0xFC, 0x0F, 0xFF, 0x85, 0x3F, 0x00,
    0x1C, 0x02, 0xE0, 0x7F, 0x05, 0x00, 0x82, 0xF0, 0x00, 0xF0, 0x0F, 0xFF, 0x85, 0x3F, 0x00, 0x18,
    0x00, 0xC0, 0xFF, 0x05, 0x00, 0x82, 0xFC, 0x01, 0xE0, 0x0F, 0xFF, 0x85, 0x3F, 0x00, 0x10, 0x00,
    0xC0, 0xFF, 0x05, 0x00, 0x82, 0xF8, 0x03, 0x80, 0x0F, 0xFF, 0x80, 0x3F, 0x03, 0x00, 0x82, 0x80,
    0xFF, 0x01, 0x04, 0x00, 0x82, 0xF0, 0x0F, 0x00, 0x0F, 0xFF, 0x82, 0x7F, 0x00, 0x30, 0x02, 0x00,
    0x81, 0xFF, 0x03, 0x04, 0x00, 0x83, 0xE0, 0x1F, 0x00, 0xFC, 0x0E, 0xFF, 0x82, 0x7F, 0x00, 0x70,
    0x02, 0x00, 0x81, 0xFF, 0x03, 0x04, 0x00, 0x83, 0x80, 0x7F, 0x00, 0xF8, 0x0F, 0xFF, 0x81, 0x00,
    0xE0, 0x02, 0x00, 0x81, 0xFE, 0x07, 0x05, 0x00, 0x82, 0xFF, 0x00, 0xF0, 0x0F, 0xFF, 0x85, 0x00,
    0xE0, 0x01, 0x00, 0xFC, 0x0F, 0x05, 0x00, 0x82, 0x3C, 0x00, 0xE0, 0x0F, 0xFF, 0x85, 0x01, 0xC0,
    0x03, 0x00, 0xFC, 0x0F, 0x07, 0x00, 0x80, 0x80, 0x0F, 0xFF, 0x85, 0x01, 0xC0, 0x07, 0x00, 0xF8,
    0x1F, 0x08, 0x00, 0x0F, 0xFF, 0x85, 0x03, 0x80, 0x0F, 0x00, 0xF8, 0x3F, 0x08, 0x00, 0x80, 0xFC,
    0x0E, 0xFF, 0x85, 0x03, 0x00, 0x3E, 0x00, 0xF0, 0x3F, 0x08, 0x00, 0x80, 0xF8, 0x0E, 0xFF, 0x85,
    0x03, 0x80, 0x7C, 0x00, 0xF0, 0x7F, 0x08, 0x00, 0x80, 0xE0, 0x0E, 0xFF, 0x85, 0x03, 0x80, 0xFF,
    0x00, 0xE0, 0x7F, 0x08, 0x00, 0x80, 0x80, 0x0E, 0xFF, 0x85, 0x07, 0x80, 0xFF, 0x01, 0xE0, 0xFF,
    0x09, 0x00, 0x0E, 0xFF, 0x86, 0x07, 0x80, 0xFF, 0x01, 0xC0, 0xFF, 0x01, 0x08, 0x00, 0x80, 0xFC,
    0x0D, 0xFF, 0x86, 0x07, 0x00, 0xFF, 0x03, 0x80, 0xFF, 0x01, 0x08, 0x00, 0x80, 0xF0, 0x0D, 0xFF,
    0x86, 0x0F, 0x00, 0xFF, 0x03, 0x80, 0xFF, 0x03, 0x08, 0x00, 0x80, 0xE0, 0x0D, 0xFF, 0x86, 0x07,
    0x00, 0xFF, 0x07, 0x80, 0xFF, 0x03, 0x08, 0x00, 0x80, 0x80, 0x0D, 0xFF, 0x86, 0x0F, 0x00, 0xFE,
    0x07, 0x00, 0xFF, 0x07, 0x09, 0x00, 0x80, 0xFE, 0x0C, 0xFF, 0x86, 0x0F, 0x00, 0xFE, 0x07, 0x00,
    0xFE, 0x07, 0x09, 0x00, 0x80, 0xF8, 0x0C, 0xFF, 0x86, 0x0F, 0x00, 0xFE, 0x0F, 0x00, 0xFE, 0x0F,
    0x09, 0x00, 0x80, 0xF0, 0x0C, 0xFF, 0x86, 0x0F, 0x00, 0xFE, 0x0F, 0x00, 0xFE, 0x0F, 0x09, 0x00,
    0x80, 0xC0, 0x0C, 0xFF, 0x86, 0x0F, 0x00, 0xFE, 0x0F, 0x00, 0xFC, 0x1F, 0x0A, 0x00, 0x0C, 0xFF,
    0x86, 0x0F, 0x00, 0xFE, 0x0F, 0x00, 0xFC, 0x1F, 0x0A, 0x00, 0x80, 0xFC, 0x0B, 0xFF, 0x86, 0x0F,
    0x00, 0xFC, 0x0F, 0x00, 0xF8, 0x3F, 0x0A, 0x00, 0x80, 0xF0, 0x0B, 0xFF, 0x86, 0x07, 0x00, 0xF0,
    0x1F, 0x00, 0xF8, 0x3F, 0x0A, 0x00, 0x81, 0xC0, 0xE7, 0x0A, 0xFF, 0x86, 0x07, 0x00, 0xE0, 0x1F,
    0x00, 0xF8, 0x7F, 0x0B, 0x00, 0x80, 0x87, 0x0A, 0xFF, 0x86, 0x07, 0x00, 0xC0, 0x1F, 0x00, 0xF0,
    0x7F, 0x0B, 0x00, 0x81, 0x04, 0xFE, 0x09, 0xFF, 0x86, 0x03, 0x00, 0xC0, 0x1F, 0x00, 0xF0, 0x7F,
    0x0C, 0x00, 0x80, 0xF0, 0x09, 0xFF, 0x86, 0x03, 0x00, 0xCC, 0x1F, 0x00, 0xF0, 0xFF, 0x0C, 0x00,
    0x80, 0xC0, 0x09, 0xFF, 0x86, 0x01, 0x00, 0xFE, 0x1F, 0x00, 0xE0, 0xFF, 0x0D, 0x00, 0x80, 0xFE,
    0x08, 0xFF, 0x87, 0x01, 0x00, 0xFE, 0x3F, 0x00, 0xE0, 0xFF, 0x01, 0x0C, 0x00, 0x80, 0xF0, 0x08,
    0xFF, 0x02, 0x00, 0x85, 0xFF, 0x3F, 0x00, 0xE0, 0xFF, 0x01, 0x0C, 0x00, 0x80, 0x80, 0x07, 0xFF,
    0x80, 0x7F, 0x02, 0x00, 0x85, 0xFF, 0x3F, 0x00, 0xE0, 0xFF, 0x01, 0x0D, 0x00, 0x80, 0xF8, 0x06,
    0xFF, 0x80, 0x3F, 0x02, 0x00, 0x85, 0xFF, 0x3F, 0x00, 0xE0, 0xFF, 0x03, 0x0A, 0x00, 0x80, 0x30,
    0x02, 0x00, 0x80, 0x80, 0x06, 0xFF, 0x80, 0x1F, 0x02, 0x00, 0x85, 0xFF, 0x1F, 0x00, 0xE0, 0xFF,
    0x03, 0x0A, 0x00, 0x81, 0xF8, 0x01, 0x02, 0x00, 0x80, 0xF8, 0x05, 0xFF, 0x88, 0x07, 0x00, 0x80,
    0xFF, 0x1F, 0x00, 0xC0, 0xFF, 0x03, 0x0A, 0x00, 0x81, 0xF0, 0x07, 0x02, 0x00, 0x80, 0xC0, 0x05,
    0xFF, 0x88, 0x01, 0x00, 0x80, 0xFF, 0x1F, 0x00, 0xC0, 0xFF, 0x07, 0x0A, 0x00, 0x81, 0xF0, 0x1F,
    0x03, 0x00, 0x80, 0xFE, 0x03, 0xFF, 0x80, 0x7F, 0x02, 0x00, 0x86, 0xC0, 0xFF, 0x1F, 0x00, 0xC0,
    0xFF, 0x07, 0x0A, 0x00, 0x81, 0xE0, 0xFF, 0x03, 0x00, 0x80, 0x80, 0x03, 0xFF, 0x80, 0x0F, 0x02,
    0x00, 0x86, 0xC0, 0xFF, 0x1F, 0x00, 0xC0, 0xFF, 0x07, 0x0A, 0x00, 0x82, 0xC0, 0xFF, 0x07, 0x03,
    0x00, 0x80, 0x80, 0x02, 0xFF, 0x03, 0x00, 0x86, 0xF0, 0xFF, 0x1F, 0x00, 0xC0, 0xFF, 0x07, 0x0B,
    0x00, 0x81, 0xFF, 0x1F, 0x09, 0x00, 0x86, 0xF8, 0xFF, 0x0F, 0x00, 0xC0, 0xFF, 0x07, 0x0B, 0x00,
    0x81, 0xFC, 0xFF, 0x09, 0x00, 0x86, 0xF8, 0xFF, 0x0F, 0x00, 0xC0, 0xFF, 0x07, 0x0B, 0x00, 0x82,
    0xF0, 0xFF, 0x07, 0x08, 0x00, 0x86, 0xFE, 0xFF, 0x0F, 0x00, 0xC0, 0xFF, 0x0F, 0x0B, 0x00, 0x82,
    0xC0, 0xFF, 0x3F, 0x08, 0x00, 0x02, 0xFF, 0x84, 0x0F, 0x00, 0xC0, 0xFF, 0x07, 0x0C, 0x00, 0x82,
    0xFE, 0xFF, 0x01, 0x06, 0x00, 0x80, 0x80, 0x02, 0xFF, 0x84, 0x07, 0x00, 0xC0, 0xFF, 0x0F, 0x0C,
    0x00, 0x82, 0xF8, 0xFF, 0x0F, 0x06, 0x00, 0x80, 0xC0, 0x02, 0xFF, 0x84, 0x03, 0x00, 0xC0, 0xFF,
    0x0F, 0x0C, 0x00, 0x82, 0xC0, 0xFF, 0x7F, 0x06, 0x00, 0x87, 0xF0, 0xFF, 0x3F, 0x02, 0x00, 0xC0,
    0xFF, 0x0F, 0x0D, 0x00, 0x02, 0xFF, 0x80, 0x07, 0x05, 0x00, 0x82, 0xFE, 0xFF, 0x1F, 0x02, 0x00,
    0x82, 0xC0, 0xFF, 0x0F, 0x0D, 0x00, 0x82, 0xF8, 0xFF, 0x1F, 0x05, 0x00, 0x02, 0xFF, 0x80, 0x0F,
    0x02, 0x00, 0x82, 0x80, 0xFF, 0x0F, 0x0D, 0x00, 0x80, 0xC0, 0x02, 0xFF, 0x80, 0x03, 0x02, 0x00,
    0x81, 0x80, 0xC7, 0x02, 0xFF, 0x80, 0x07, 0x03, 0x00, 0x81, 0xFF, 0x0F, 0x0E, 0x00, 0x80, 0xFE,
    0x02, 0xFF, 0x02, 0x00, 0x80, 0xB0, 0x03, 0xFF, 0x80, 0x07, 0x03, 0x00, 0x81, 0xFE, 0x0F, 0x0E,
    0x00, 0x80, 0xF0, 0x02, 0xFF, 0x82, 0x01, 0x00, 0xE0, 0x03, 0xFF, 0x80, 0x0F, 0x03, 0x00, 0x81,
    0xFC, 0x0F, 0x0E, 0x00, 0x80, 0x80, 0x02, 0xFF, 0x82, 0x07, 0x00, 0xC0, 0x03, 0xFF, 0x80, 0x03,
    0x03, 0x00, 0x81, 0xF0, 0x07, 0x0F, 0x00, 0x80, 0xFC, 0x02, 0xFF, 0x81, 0x07, 0xC0, 0x03, 0xFF,
    0x04, 0x00, 0x81, 0xE0, 0x07, 0x0F, 0x00, 0x80, 0xC0, 0x07, 0xFF, 0x80, 0x03, 0x03, 0x00, 0x81,
    0xC0, 0x07, 0x10, 0x00, 0x80, 0xFE, 0x06, 0xFF, 0x80, 0x07, 0x04, 0x00, 0x80, 0x07, 0x0C, 0x00,
    0x81, 0x60, 0x01, 0x02, 0x00, 0x80, 0xE0, 0x06, 0xFF, 0x80, 0xC1, 0x12, 0x00, 0x80, 0x02, 0x03,
    0x00, 0x80, 0xFE, 0x05, 0xFF, 0x81, 0xF8, 0x03, 0x15, 0x00, 0x80, 0xF0, 0x04, 0xFF, 0x82, 0x37,
    0xFE, 0x07, 0x12, 0x00, 0x80, 0x04, 0x03, 0x00, 0x80, 0xFC, 0x05, 0xFF, 0x80, 0x1F, 0x12, 0x00,
    0x80, 0x30, 0x04, 0x00, 0x82, 0xFC, 0xFF, 0xE1, 0x02, 0xFF, 0x80, 0x3F, 0x12, 0x00, 0x81, 0xF0,
    0x01, 0x04, 0x00, 0x80, 0x80, 0x03, 0xFF, 0x80, 0x7F, 0x12, 0x00, 0x81, 0xE1, 0x3F, 0x05, 0x00,
    0x04, 0xFF, 0x80, 0x01, 0x11, 0x00, 0x82, 0x80, 0xE1, 0x07, 0x04, 0x00, 0x80, 0xFE, 0x03, 0xFF,
    0x80, 0x03, 0x13, 0x00, 0x80, 0x7E, 0x04, 0x00, 0x80, 0xFC, 0x03, 0xFF, 0x80, 0x0F, 0x13, 0x00,
    0x81, 0xF0, 0x0F, 0x03, 0x00, 0x80, 0xF8, 0x03, 0xFF, 0x80, 0x1F, 0x14, 0x00, 0x80, 0x7F, 0x03,
    0x00, 0x80, 0xF0, 0x03, 0xFF, 0x80, 0x7F, 0x14, 0x00, 0x81, 0xFE, 0x0F, 0x02, 0x00, 0x80, 0xE0,
    0x04, 0xFF, 0x14, 0x00, 0x84, 0xFE, 0xFF, 0x0F, 0x00, 0xC0, 0x04, 0xFF, 0x80, 0x01, 0x13, 0x00,
    0x80, 0xFC, 0x02, 0xFF, 0x81, 0x0F, 0x80, 0x04, 0xFF, 0x80, 0x07, 0x13, 0x00, 0x80, 0xF8, 0x08,
    0xFF, 0x80, 0x0F, 0x13, 0x00, 0x80, 0xF8, 0x08, 0xFF, 0x80, 0x0F, 0x13, 0x00, 0x80, 0x80, 0x08,
    0xFF, 0x80, 0x07, 0x14, 0x00, 0x80, 0xF8, 0x07, 0xFF, 0x80, 0x01, 0x14, 0x00, 0x80, 0x80, 0x06,
    0xFF, 0x80, 0x1F, 0x16, 0x00, 0x80, 0xE0, 0x05, 0xFF, 0x80, 0x07, 0x17, 0x00, 0x80, 0xE0, 0x03,
    0xFF, 0x80, 0x7F, 0x19, 0x00, 0x80, 0xF8, 0x02, 0xFF, 0x80, 0x01, 0x65, 0x00, 0x02, 0xFD, 0x06,
    0x00, 0x00, 0x00, 0x02, 0x01, 0xFF, 0x64, 0x00, 0x04, 0xFB, 0x08, 0x00, 0x00, 0x00, 0x00, 0x00,
    0x00, 0xE4, 0x00, 0xE6, 0x00, 0x05, 0xFA, 0x23, 0x10, 0x00, 0x80, 0x1F, 0x1B, 0x00, 0x80, 0xE0,
    0x1C, 0x00, 0x80, 0x1C, 0x1B, 0x00, 0x81, 0x80, 0x01, 0x1B, 0x00, 0x80, 0x10, 0x7F, 0x00, 0x3A,
    0x00, 0x81, 0xFF, 0x3F, 0x19, 0x00, 0x80, 0xC0, 0x02, 0xFF, 0x80, 0x07, 0x18, 0x00, 0x80, 0xC0,
    0x02, 0xFF, 0x80, 0x7F, 0x18, 0x00, 0x80, 0xC0, 0x03, 0xFF, 0x80, 0x0F, 0x17, 0x00, 0x80, 0x80,
    0x04, 0xFF, 0x80, 0x01, 0x17, 0x00, 0x80, 0xFE, 0x03, 0xFF, 0x80, 0x3F, 0x17, 0x00, 0x80, 0xF8,
    0x04, 0xFF, 0x80, 0x07, 0x16, 0x00, 0x80, 0xC0, 0x05, 0xFF, 0x80, 0x1F, 0x16, 0x00, 0x07, 0xFF,
    0x80, 0x0F, 0x14, 0x00, 0x80, 0xF8, 0x07, 0xFF, 0x80, 0x7F, 0x13, 0x00, 0x80, 0xC0, 0x09, 0xFF,
    0x13, 0x00, 0x80, 0xFE, 0x09, 0xFF, 0x80, 0x01, 0x11, 0x00, 0x80, 0xF0, 0x0A, 0xFF, 0x80, 0x01,
    0x10, 0x00, 0x80, 0x80, 0x0B, 0xFF, 0x80, 0x01, 0x10, 0x00, 0x80, 0xF8, 0x0B, 0xFF, 0x10, 0x00,
    0x80, 0x80, 0x06, 0xFF, 0x80, 0xC3, 0x05, 0xFF, 0x10, 0x00, 0x80, 0xF8, 0x04, 0xFF, 0x80, 0x03,
    0x02, 0x00, 0x80, 0xF0, 0x04, 0xFF, 0x10, 0x00, 0x04, 0xFF, 0x80, 0x07, 0x04, 0x00, 0x80, 0xFE,
    0x02, 0xFF, 0x80, 0x7F, 0x0F, 0x00, 0x80, 0xC0, 0x03, 0xFF, 0x80, 0x07, 0x05, 0x00, 0x80, 0xF0,
    0x02, 0xFF, 0x80, 0x3F, 0x0F, 0x00, 0x80, 0xF8, 0x02, 0xFF, 0x80, 0x1F, 0x06, 0x00, 0x80, 0xE0,
    0x02, 0xFF, 0x80, 0x1F, 0x0F, 0x00, 0x02, 0xFF, 0x80, 0x7F, 0x07, 0x00, 0x80, 0xE0, 0x02, 0xFF,
    0x80, 0x0F, 0x0E, 0x00, 0x80, 0xE0, 0x02, 0xFF, 0x80, 0x01, 0x07, 0x00, 0x80, 0xE0, 0x02, 0xFF,
    0x80, 0x07, 0x0E, 0x00, 0x82, 0xF8, 0xFF, 0x07, 0x08, 0x00, 0x80, 0xE0, 0x02, 0xFF, 0x80, 0x01,
    0x0E, 0x00, 0x81, 0xFF, 0x3F, 0x09, 0x00, 0x80, 0xF0, 0x02, 0xFF, 0x0E, 0x00, 0x82, 0xE0, 0xFF,
    0x01, 0x09, 0x00, 0x82, 0xF0, 0xFF, 0x7F, 0x0E, 0x00, 0x81, 0xF8, 0x0F, 0x0A, 0x00, 0x82, 0xF8,
    0xFF, 0x1F, 0x0E, 0x00, 0x80, 0x7F, 0x05, 0x00, 0x81, 0xFE, 0xFF, 0x04, 0x00, 0x82, 0xFC, 0xFF,
    0x0F, 0x0B, 0x00, 0x83, 0x0F, 0x00, 0xC0, 0x03, 0x04, 0x00, 0x80, 0xE0, 0x02, 0xFF, 0x80, 0x0F,
    0x03, 0x00, 0x82, 0xFE, 0xFF, 0x03, 0x0A, 0x00, 0x83, 0xF0, 0x07, 0x00, 0x18, 0x05, 0x00, 0x80,
    0xF8, 0x02, 0xFF, 0x80, 0x3F, 0x03, 0x00, 0x02, 0xFF, 0x0B, 0x00, 0x81, 0xFF, 0x01, 0x07, 0x00,
    0x03, 0xFF, 0x80, 0x3F, 0x02, 0x00, 0x82, 0xC0, 0xFF, 0x7F, 0x0A, 0x00, 0x81, 0xF0, 0x3F, 0x07,
    0x00, 0x80, 0xE0, 0x03, 0xFF, 0x80, 0x3F, 0x02, 0x00, 0x82, 0xE0, 0xFF, 0x1F, 0x0A, 0x00, 0x81,
    0xFF, 0x03, 0x04, 0x00, 0x80, 0x0E, 0x02, 0x00, 0x80, 0xFC, 0x03, 0xFF, 0x80, 0x3F, 0x02, 0x00,
    0x82, 0xF0, 0xFF, 0x07, 0x09, 0x00, 0x81, 0xF0, 0x7F, 0x04, 0x00, 0x83, 0xF0, 0x01, 0x00, 0x80,
    0x04, 0xFF, 0x80, 0x1F, 0x02, 0x00, 0x82, 0xFC, 0xFF, 0x01, 0x09, 0x00, 0x81, 0xFF, 0x07, 0x03,
    0x00, 0x81, 0x80, 0x3F, 0x02, 0x00, 0x80, 0xE0, 0x04, 0xFF, 0x80, 0x1F, 0x02, 0x00, 0x81, 0xFE,
    0x7F, 0x09, 0x00, 0x81, 0xF0, 0x7F, 0x04, 0x00, 0x81, 0xFC, 0x0F, 0x02, 0x00, 0x80, 0xFC, 0x04,
    0xFF, 0x84, 0x0F, 0x00, 0x80, 0xFF, 0x1F, 0x09, 0x00, 0x81, 0xFF, 0x07, 0x03, 0x00, 0x84, 0xE0,
    0xFF, 0x01, 0x00, 0xFE, 0x05, 0xFF, 0x84, 0x07, 0x00, 0xC0, 0xFF, 0x07, 0x08, 0x00, 0x81, 0xF0,
    0x7F, 0x04, 0x00, 0x82, 0xFF, 0x7F, 0x00, 0x07, 0xFF, 0x84, 0x03, 0x00, 0xF0, 0xFF, 0x01, 0x08,
    0x00, 0x81, 0xFF, 0x07, 0x03, 0x00, 0x82, 0xF0, 0xFF, 0x0F, 0x02, 0xFF, 0x82, 0x1F, 0x00, 0xF0,
    0x03, 0xFF, 0x02, 0x00, 0x81, 0xFC, 0x7F, 0x08, 0x00, 0x81, 0xE0, 0x7F, 0x03, 0x00, 0x80, 0x80,
    0x05, 0xFF, 0x82, 0x03, 0x00, 0xC0, 0x02, 0xFF, 0x80, 0x7F, 0x02, 0x00, 0x81, 0xFF, 0x1F, 0x08,
    0x00, 0x81, 0xFE, 0x0F, 0x03, 0x00, 0x80, 0xFC, 0x04, 0xFF, 0x80, 0x7F, 0x02, 0x00, 0x80, 0x80,
    0x02, 0xFF, 0x84, 0x3F, 0x00, 0x80, 0xFF, 0x07, 0x07, 0x00, 0x81, 0xE0, 0xFF, 0x03, 0x00, 0x80,
    0xC0, 0x05, 0xFF, 0x80, 0x0F, 0x02, 0x00, 0x80, 0x80, 0x02, 0xFF, 0x84, 0x0F, 0x00, 0xE0, 0xFF,
    0x01, 0x07, 0x00, 0x82, 0xFE, 0x0F, 0x03, 0x02, 0x00, 0x80, 0xFE, 0x05, 0xFF, 0x80, 0x01, 0x02,
    0x00, 0x80, 0xC0, 0x02, 0xFF, 0x83, 0x03, 0x00, 0xF8, 0x7F, 0x07, 0x00, 0x85, 0xE0, 0xFF, 0xF0,
    0x01, 0x00, 0xE0, 0x05, 0xFF, 0x80, 0x3F, 0x03, 0x00, 0x80, 0xC0, 0x02, 0xFF, 0x83, 0x01, 0x00,
    0xFE, 0x1F, 0x07, 0x00, 0x82, 0xFE, 0x0F, 0x7E, 0x02, 0x00, 0x06, 0xFF, 0x80, 0x03, 0x03, 0x00,
    0x82, 0xE0, 0xFF, 0x7F, 0x02, 0x00, 0x81, 0xFF, 0x07, 0x06, 0x00, 0x85, 0xC0, 0xFF, 0xE0, 0x0F,
    0x00, 0xF0, 0x06, 0xFF, 0x04, 0x00, 0x86, 0xF0, 0xFF, 0x3F, 0x00, 0xC0, 0xFF, 0x01, 0x06, 0x00,
    0x82, 0xFC, 0x0F, 0x1E, 0x02, 0x00, 0x06, 0xFF, 0x80, 0x1F, 0x04, 0x00, 0x85, 0xFC, 0xFF, 0x0F,
    0x00, 0xF0, 0x7F, 0x06, 0x00, 0x82, 0xC0, 0xFF, 0xE0, 0x02, 0x00, 0x80, 0xF0, 0x06, 0xFF, 0x81,
    0x03, 0x01, 0x03, 0x00, 0x85, 0xFE, 0xFF, 0x03, 0x00, 0xFE, 0x1F, 0x06, 0x00, 0x82, 0xF8, 0x0F,
    0x0E, 0x02, 0x00, 0x07, 0xFF, 0x80, 0x7F, 0x04, 0x00, 0x02, 0xFF, 0x83, 0x00, 0x80, 0xFF, 0x03,
    0x05, 0x00, 0x85, 0x80, 0xFF, 0xE1, 0x01, 0x00, 0xF0, 0x07, 0xFF, 0x80, 0x0F, 0x03, 0x00, 0x85,
    0xC0, 0xFF, 0x3F, 0x00, 0xE0, 0xFF, 0x06, 0x00, 0x82, 0xF8, 0x1F, 0x3E, 0x02, 0x00, 0x08, 0xFF,
    0x80, 0x01, 0x03, 0x00, 0x85, 0xE0, 0xFF, 0x0F, 0x00, 0xF8, 0x3F, 0x06, 0x00, 0x84, 0xFF, 0xC1,
    0x07, 0x00, 0xF0, 0x07, 0xFF, 0x80, 0x7F, 0x04, 0x00, 0x85, 0xF8, 0xFF, 0x03, 0x00, 0xFE, 0x0F,
    0x05, 0x00, 0x82, 0xF0, 0x1F, 0x7C, 0x02, 0x00, 0x08, 0xFF, 0x80, 0x0F, 0x04, 0x00, 0x85, 0xFC,
    0xFF, 0x00, 0x80, 0xFF, 0x01, 0x05, 0x00, 0x84, 0xFF, 0xC3, 0x0F, 0x00, 0xF8, 0x08, 0xFF, 0x80,
    0x03, 0x04, 0x00, 0x84, 0xFF, 0x3F, 0x00, 0xE0, 0x7F, 0x05, 0x00, 0x84, 0xE0, 0x3F, 0xF8, 0x01,
    0x80, 0x08, 0xFF, 0x80, 0x7F, 0x04, 0x00, 0x85, 0xC0, 0xFF, 0x0F, 0x00, 0xFC, 0x1F, 0x05, 0x00,
    0x84, 0xFE, 0x03, 0x3F, 0x00, 0xF0, 0x08, 0xFF, 0x80, 0x0F, 0x04, 0x00, 0x85, 0xF0, 0xFF, 0x03,
    0x00, 0xFF, 0x07, 0x04, 0x00, 0x84, 0xC0, 0x7F, 0x80, 0x07, 0x00, 0x09, 0xFF, 0x80, 0x03, 0x04,
    0x00, 0x84, 0xFC, 0xFF, 0x00, 0xC0, 0xFF, 0x05, 0x00, 0x81, 0xFC, 0x07, 0x02, 0x00, 0x80, 0xF0,
    0x08, 0xFF, 0x80, 0x7F, 0x05, 0x00, 0x84, 0xFF, 0x3F, 0x00, 0xF0, 0x3F, 0x04, 0x00, 0x81, 0xC0,
    0x7F, 0x03, 0x00, 0x09, 0xFF, 0x80, 0x0F, 0x04, 0x00, 0x85, 0xC0, 0xFF, 0x07, 0x00, 0xFE, 0x0F,
    0x04, 0x00, 0x81, 0xF8, 0x0F, 0x02, 0x00, 0x80, 0xF0, 0x09, 0xFF, 0x80, 0x03, 0x04, 0x00, 0x85,
    0xF0, 0xFF, 0x01, 0x80, 0xFF, 0x01, 0x03, 0x00, 0x81, 0x80, 0xFF, 0x03, 0x00, 0x80, 0xFE, 0x08,
    0xFF, 0x80, 0x7F, 0x05, 0x00, 0x84, 0xFC, 0x7F, 0x00, 0xE0, 0x7F, 0x04, 0x00, 0x81, 0xF0, 0x1F,
    0x02, 0x00, 0x80, 0xE0, 0x07, 0xFF, 0x82, 0xBF, 0xFF, 0x0F, 0x05, 0x00, 0x84, 0xFF, 0x1F, 0x00,
    0xFC, 0x0F, 0x04, 0x00, 0x81, 0xFF, 0x01, 0x02, 0x00, 0x80, 0xFE, 0x09, 0xFF, 0x80, 0x03, 0x04,
    0x00, 0x85, 0xC0, 0xFF, 0x03, 0x00, 0xFF, 0x03, 0x03, 0x00, 0x81, 0xE0, 0x1F, 0x02, 0x00, 0x80,
    0xE0, 0x09, 0xFF, 0x80, 0x7F, 0x05, 0x00, 0x84, 0xF8, 0xFF, 0x00, 0xC0, 0xFF, 0x04, 0x00, 0x81,
    0xFC, 0x03, 0x02, 0x00, 0x80, 0xFC, 0x09, 0xFF, 0x80, 0x0F, 0x05, 0x00, 0x84, 0xFF, 0x3F, 0x00,
    0xF8, 0x1F, 0x03, 0x00, 0x81, 0xC0, 0x3F, 0x02, 0x00, 0x80, 0xC0, 0x0A, 0xFF, 0x80, 0x03, 0x04,
    0x00, 0x85, 0xF0, 0xFF, 0x0F, 0x00, 0xFE, 0x07, 0x03, 0x00, 0x81, 0xF8, 0x07, 0x02, 0x00, 0x80,
    0xFC, 0x09, 0xFF, 0x80, 0x7F, 0x05, 0x00, 0x02, 0xFF, 0x82, 0x01, 0xC0, 0xFF, 0x03, 0x00, 0x81,
    0x80, 0xFF, 0x02, 0x00, 0x80, 0x80, 0x0A, 0xFF, 0x80, 0x0F, 0x04, 0x00, 0x85, 0xF0, 0xFF, 0x7F,
    0x00, 0xF0, 0x3F, 0x03, 0x00, 0x81, 0xF0, 0x0F, 0x02, 0x00, 0x80, 0xF8, 0x0A, 0xFF, 0x80, 0x03,
    0x04, 0x00, 0x02, 0xFF, 0x83, 0x0F, 0x00, 0xFE, 0x07, 0x03, 0x00, 0x83, 0xFF, 0x01, 0x00, 0x80,
    0x0A, 0xFF, 0x80, 0x7F, 0x04, 0x00, 0x80, 0xF8, 0x02, 0xFF, 0x82, 0x03, 0x80, 0xFF, 0x03, 0x00,
    0x81, 0xE0, 0x1F, 0x02, 0x00, 0x80, 0xF0, 0x0A, 0xFF, 0x80, 0x0F, 0x03, 0x00, 0x80, 0xE0, 0x03,
    0xFF, 0x82, 0x00, 0xF0, 0x3F, 0x03, 0x00, 0x81, 0xFC, 0x03, 0x02, 0x00, 0x80, 0xFE, 0x0A, 0xFF,
    0x80, 0x03, 0x02, 0x00, 0x80, 0xE0, 0x03, 0xFF, 0x83, 0x1F, 0x00, 0xFE, 0x07, 0x02, 0x00, 0x81,
    0xC0, 0x3F, 0x02, 0x00, 0x80, 0xE0, 0x0A, 0xFF, 0x80, 0x7F, 0x02, 0x00, 0x80, 0xF8, 0x04, 0xFF,
    0x83, 0x07, 0x80, 0xFF, 0x01, 0x02, 0x00, 0x81, 0xF8, 0x07, 0x02, 0x00, 0x80, 0xFC, 0x0A, 0xFF,
    0x82, 0x1F, 0x00, 0xFC, 0x05, 0xFF, 0x82, 0x00, 0xF0, 0x3F, 0x02, 0x00, 0x81, 0x80, 0xFF, 0x02,
    0x00, 0x80, 0xC0, 0x0B, 0xFF, 0x81, 0x03, 0xF8, 0x05, 0xFF, 0x83, 0x1F, 0x00, 0xFC, 0x0F, 0x02,
    0x00, 0x81, 0xF0, 0x0F, 0x02, 0x00, 0x80, 0xFC, 0x0A, 0xFF, 0x81, 0x7F, 0xF8, 0x05, 0xFF, 0x84,
    0x3F, 0x00, 0x80, 0xFF, 0x01, 0x02, 0x00, 0x83, 0xFE, 0x01, 0x00, 0x80, 0x12, 0xFF, 0x02, 0x00,
    0x81, 0xE0, 0x3F, 0x02, 0x00, 0x81, 0xE0, 0x1F, 0x02, 0x00, 0x80, 0xE8, 0x11, 0xFF, 0x80, 0x1F,
    0x02, 0x00, 0x81, 0xFC, 0x07, 0x02, 0x00, 0x81, 0xFC, 0x03, 0x02, 0x00, 0x12, 0xFF, 0x87, 0x03,
    0x00, 0x80, 0xFF, 0x01, 0x00, 0x80, 0x7F, 0x02, 0x00, 0x80, 0xF0, 0x12, 0xFF, 0x02, 0x00, 0x81,
    0xE0, 0x3F, 0x02, 0x00, 0x81, 0xF8, 0x0F, 0x02, 0x00, 0x80, 0xFC, 0x11, 0xFF, 0x80, 0x1F, 0x02,
    0x00, 0x81, 0xFC, 0x0F, 0x02, 0x00, 0x80, 0xFF, 0x03, 0x00, 0x12, 0xFF, 0x80, 0x07, 0x02, 0x00,
    0x84, 0xFF, 0x01, 0x00, 0xE0, 0x1F, 0x03, 0x00, 0x12, 0xFF, 0x02, 0x00, 0x81, 0xE0, 0x3F, 0x02,
    0x00, 0x81, 0xFC, 0x03, 0x02, 0x00, 0x80, 0xC0, 0x11, 0xFF, 0x80, 0x3F, 0x02, 0x00, 0x84, 0xFC,
    0x0F, 0x00, 0xC0, 0x3F, 0x03, 0x00, 0x80, 0xF8, 0x11, 0xFF, 0x87, 0x07, 0x00, 0x80, 0xFF, 0x01,
    0x00, 0xF8, 0x07, 0x02, 0x00, 0x80, 0x80, 0x12, 0xFF, 0x02, 0x00, 0x81, 0xE0, 0x3F, 0x02, 0x00,
    0x80, 0xFF, 0x03, 0x00, 0x80, 0xF0, 0x11, 0xFF, 0x80, 0x3F, 0x02, 0x00, 0x84, 0xFC, 0x07, 0x00,
    0xE0, 0x1F, 0x03, 0x00, 0x80, 0xFE, 0x11, 0xFF, 0x80, 0x0F, 0x02, 0x00, 0x84, 0xFF, 0x01, 0x00,
    0xFE, 0x01, 0x02, 0x00, 0x80, 0xC0, 0x12, 0xFF, 0x86, 0x01, 0x00, 0xE0, 0x3F, 0x00, 0xC0, 0x3F,
    0x03, 0x00, 0x80, 0xFC, 0x11, 0xFF, 0x80, 0x3F, 0x02, 0x00, 0x84, 0xFC, 0x07, 0x00, 0xF8, 0x07,
    0x02, 0x00, 0x80, 0x80, 0x0F, 0xFF, 0x80, 0x9F, 0x02, 0xFF, 0x83, 0x0F, 0x00, 0x80, 0xFF, 0x02,
    0x00, 0x80, 0xFF, 0x03, 0x00, 0x80, 0xF0, 0x0F, 0xFF, 0x80, 0xF3, 0x02, 0xFF, 0x86, 0x01, 0x00,
    0xF0, 0x3F, 0x00, 0xE0, 0x1F, 0x03, 0x00, 0x80, 0xFE, 0x0F, 0xFF, 0x82, 0xFE, 0xFF, 0x7F, 0x02,
    0x00, 0x84, 0xFE, 0x07, 0x00, 0xFC, 0x01, 0x02, 0x00, 0x80, 0xC0, 0x0F, 0xFF, 0x80, 0xCF, 0x02,
    0xFF, 0x86, 0x0F, 0x00, 0xC0, 0xFF, 0x00, 0xC0, 0x3F, 0x03, 0x00, 0x80, 0xFC, 0x12, 0xFF, 0x86,
    0x01, 0x00, 0xF8, 0x1F, 0x00, 0xF8, 0x07, 0x02, 0x00, 0x80, 0x80, 0x12, 0xFF, 0x80, 0x3F, 0x02,
    0x00, 0x83, 0xFE, 0x03, 0x00, 0xFF, 0x03, 0x00, 0x80, 0xF0, 0x12, 0xFF, 0x86, 0x0F, 0x00, 0xC0,
    0x7F, 0x00, 0xE0, 0x1F, 0x03, 0x00, 0x80, 0xFE, 0x12, 0xFF, 0x86, 0x01, 0x00, 0xF8, 0x0F, 0x00,
    0xFC, 0x03, 0x02, 0x00, 0x80, 0xC0, 0x12, 0xFF, 0x80, 0x3F, 0x02, 0x00, 0x83, 0xFF, 0x03, 0x80,
    0x3F, 0x03, 0x00, 0x80, 0xFC, 0x09, 0xFF, 0x80, 0x00, 0x07, 0xFF, 0x80, 0x3F, 0x02, 0x00, 0x84,
    0xE0, 0x7F, 0x00, 0xF0, 0x07, 0x02, 0x00, 0x80, 0x80, 0x03, 0xFF, 0x87, 0x00, 0xFE, 0x7F, 0xF0,
    0x01, 0xFE, 0x39, 0xC0, 0x02, 0xFF, 0x85, 0xE7, 0xFF, 0x03, 0xFE, 0xFF, 0x07, 0x02, 0x00, 0x83,
    0xFC, 0x0F, 0x00, 0xFE, 0x03, 0x00, 0x80, 0xF0, 0x02, 0xFF, 0x85, 0x07, 0x00, 0xFF, 0x0F, 0x1C,
    0x00, 0x02, 0x0F, 0x80, 0xF8, 0x02, 0xFF, 0x82, 0xF1, 0x7F, 0xC0, 0x02, 0xFF, 0x86, 0x01, 0x00,
    0x80, 0xFF, 0x01, 0xC0, 0x1F, 0x03, 0x00, 0x8A, 0xFE, 0xFF, 0x7F, 0x00, 0xC0, 0xFF, 0x81, 0x01,
    0xC0, 0xE0, 0x03, 0x02, 0xFF, 0x85, 0x7F, 0xFC, 0x0F, 0xF8, 0xFF, 0x3F, 0x02, 0x00, 0x84, 0xE0,
    0x3F, 0x00, 0xFC, 0x03, 0x02, 0x00, 0x80, 0xC0, 0x02, 0xFF, 0x83, 0x07, 0x00, 0xF0, 0x3F, 0x02,
    0x00, 0x82, 0x08, 0xFC, 0xE1, 0x02, 0xFF, 0x82, 0x1F, 0xFF, 0x01, 0x02, 0xFF, 0x80, 0x07, 0x02,
    0x00, 0x83, 0xFC, 0x07, 0x80, 0x7F, 0x03, 0x00, 0x82, 0xF8, 0xFF, 0x7F, 0x02, 0x00, 0x81, 0xFC,
    0x07, 0x02, 0x00, 0x82, 0x80, 0x7F, 0xFE, 0x02, 0xFF, 0x82, 0xC3, 0x3F, 0xE0, 0x02, 0xFF, 0x02,
    0x00, 0x84, 0x80, 0x1F, 0x00, 0xF0, 0x0F, 0x03, 0x00, 0x02, 0xFF, 0x83, 0x07, 0x60, 0x00, 0xFF,
    0x03, 0x00, 0x81, 0xF0, 0x8F, 0x02, 0xFF, 0x85, 0x7F, 0xF8, 0x0F, 0xFC, 0xFF, 0x1F, 0x02, 0x00,
    0x84, 0xF0, 0x0F, 0x00, 0xFE, 0x01, 0x02, 0x00, 0x80, 0xE0, 0x02, 0xFF, 0x8D, 0x00, 0x3F, 0xE0,
    0x1F, 0xC0, 0x07, 0xC0, 0xFF, 0xE1, 0x7F, 0xE0, 0x1F, 0xFF, 0x81, 0x02, 0xFF, 0x80, 0x03, 0x02,
    0x00, 0x83, 0xFE, 0x07, 0xC0, 0x3F, 0x03, 0x00, 0x92, 0xFC, 0xFF, 0x0F, 0xF0, 0x0F, 0xF8, 0x03,
    0xFC, 0x01, 0xFE, 0x3F, 0xF8, 0x07, 0xFC, 0xE3, 0x1F, 0xF8, 0xFF, 0x7F, 0x02, 0x00, 0x84, 0xC0,
    0xFF, 0x00, 0xF8, 0x07, 0x02, 0x00, 0x80, 0xC0, 0x02, 0xFF, 0x8D, 0x01, 0xFF, 0x01, 0x7F, 0xC0,
    0x3F, 0xE0, 0xFF, 0x07, 0xFF, 0x80, 0xFF, 0xF9, 0xE3, 0x02, 0xFF, 0x80, 0x0F, 0x02, 0x00, 0x83,
    0xF8, 0x1F, 0x00, 0xFF, 0x03, 0x00, 0x89, 0xF8, 0xFF, 0x3F, 0xE0, 0x7F, 0xC0, 0x0F, 0xF8, 0x0F,
    0xFC, 0x02, 0xFF, 0x83, 0x0F, 0xF0, 0x3F, 0x7F, 0x03, 0xFF, 0x80, 0x01, 0x02, 0x00, 0x83, 0xFF,
    0x03, 0xE0, 0x1F, 0x03, 0x00, 0x88, 0xFE, 0xFF, 0x03, 0xFE, 0x0F, 0xF8, 0x01, 0xFF, 0x87, 0x03,
    0xFF, 0x82, 0x00, 0xFC, 0xC7, 0x03, 0xFF, 0x80, 0x3F, 0x02, 0x00, 0x84, 0xE0, 0x7F, 0x00, 0xFC,
    0x03, 0x02, 0x00, 0x89, 0xC0, 0xFF, 0x7F, 0xC0, 0xFF, 0x01, 0x3F, 0xE0, 0xFF, 0xF0, 0x02, 0xFF,
    0x83, 0x1F, 0xC0, 0xFF, 0xF9, 0x03, 0xFF, 0x80, 0x07, 0x02, 0x00, 0x83, 0xFC, 0x0F, 0x80, 0x7F,
    0x03, 0x00, 0x89, 0xF8, 0xFF, 0x0F, 0xF8, 0x3F, 0xE0, 0x07, 0xFC, 0x3F, 0xFE, 0x02, 0xFF, 0x82,
    0x07, 0xF8, 0x3F, 0x04, 0xFF, 0x02, 0x00, 0x84, 0x80, 0xFF, 0x01, 0xF0, 0x0F, 0x03, 0x00, 0x02,
    0xFF, 0x86, 0x01, 0xFF, 0x07, 0xFC, 0x80, 0xFF, 0xC7, 0x03, 0xFF, 0x82, 0x01, 0xFF, 0xE7, 0x03,
    0xFF, 0x80, 0x1F, 0x02, 0x00, 0x84, 0xF0, 0x3F, 0x00, 0xFE, 0x01, 0x02, 0x00, 0x89, 0xE0, 0xFF,
    0x3F, 0xE0, 0xFF, 0x80, 0x1F, 0xF0, 0xFF, 0xF8, 0x03, 0xFF, 0x82, 0xFD, 0xFF, 0xFC, 0x03, 0xFF,
    0x80, 0x03, 0x02, 0x00, 0x83, 0xFE, 0x07, 0xC0, 0x3F, 0x03, 0x00, 0x88, 0xFC, 0xFF, 0x07, 0xFC,
    0x1F, 0xF0, 0x03, 0xFE, 0x1F, 0x05, 0xFF, 0x80, 0x9F, 0x03, 0xFF, 0x80, 0x7F, 0x02, 0x00, 0x84,
    0xC0, 0xFF, 0x00, 0xF8, 0x07, 0x02, 0x00, 0x80, 0x80, 0x02, 0xFF, 0x86, 0x80, 0xFF, 0x03, 0x7E,
    0xC0, 0xFF, 0xE3, 0x05, 0xFF, 0x80, 0xF3, 0x03, 0xFF, 0x80, 0x0F, 0x02, 0x00, 0x83, 0xF8, 0x0F,
    0x00, 0xFF, 0x03, 0x00, 0x89, 0xF0, 0xFF, 0x1F, 0xE0, 0x7F, 0xE0, 0x0F, 0xF8, 0x7F, 0xFC, 0x04,
    0xFF, 0x81, 0x7F, 0xFE, 0x03, 0xFF, 0x80, 0x01, 0x02, 0x00, 0x83, 0xFF, 0x03, 0xE0, 0x1F, 0x03,
    0x00, 0x88, 0xFE, 0xFF, 0x07, 0xFC, 0x07, 0xFC, 0x01, 0xFF, 0x9F, 0x09, 0xFF, 0x80, 0x3F, 0x02,
    0x00, 0x84, 0xE0, 0x3F, 0x00, 0xF8, 0x03, 0x02, 0x00, 0x80, 0xC0, 0x02, 0xFF, 0x86, 0x00, 0x7F,
    0x80, 0x3F, 0xE0, 0xFF, 0xF3, 0x09, 0xFF, 0x80, 0x07, 0x02, 0x00, 0x83, 0xFC, 0x07, 0x00, 0x7F,
    0x03, 0x00, 0x89, 0xF8, 0xFF, 0x3F, 0xC0, 0x0F, 0xF8, 0x07, 0xF8, 0x7F, 0xFE, 0x02, 0xFF, 0x84,
    0x7F, 0xFF, 0xDF, 0xFF, 0xEF, 0x02, 0xFF, 0x02, 0x00, 0x84, 0x80, 0xFF, 0x00, 0xE0, 0x0F, 0x03,
    0x00, 0x82, 0xFE, 0xFF, 0x07, 0x02, 0x00, 0x8D, 0xFF, 0x0E, 0xE0, 0x0F, 0xF8, 0xE7, 0xFF, 0xE3,
    0xFF, 0xE3, 0xFF, 0xF8, 0xFF, 0x1F, 0x02, 0x00, 0x84, 0xF0, 0x1F, 0x00, 0xFC, 0x03, 0x02, 0x00,
    0x80, 0xC0, 0x02, 0xFF, 0x8D, 0x01, 0x00, 0xF0, 0xFF, 0x03, 0xFC, 0x01, 0xFF, 0xF0, 0xFF, 0xFC,
    0x7F, 0xFC, 0x3F, 0x02, 0xFF, 0x80, 0x03, 0x02, 0x00, 0x83, 0xFE, 0x03, 0x80, 0x7F, 0x03, 0x00,
    0x82, 0xF8, 0xFF, 0x7F, 0x02, 0x00, 0x8D, 0xFF, 0x7F, 0x80, 0x3F, 0xE0, 0x1F, 0xFE, 0x87, 0xFF,
    0xAF, 0xFF, 0xE7, 0xFF, 0x3F, 0x02, 0x00, 0x84, 0xC0, 0x7F, 0x00, 0xF0, 0x0F, 0x03, 0x00, 0x02,
    0xFF, 0x8A, 0x1F, 0x00, 0xF0, 0xFF, 0x0F, 0xF0, 0x07, 0xFC, 0x83, 0xFF, 0xF0, 0x03, 0xFF, 0x82,
    0xFC, 0xFF, 0x07, 0x02, 0x00, 0x84, 0xF8, 0x0F, 0x00, 0xFE, 0x01, 0x02, 0x00, 0x80, 0xE0, 0x02,
    0xFF, 0x81, 0x0F, 0x00, 0x02, 0xFF, 0x86, 0x01, 0xFE, 0xC0, 0x7F, 0xE0, 0x3F, 0xFC, 0x02, 0xFF,
    0x80, 0x8F, 0x02, 0xFF, 0x03, 0x00, 0x87, 0xFF, 0x01, 0xC0, 0x3F, 0x00, 0x0F, 0x00, 0xFC, 0x02,
    0xFF, 0x87, 0x07, 0xFC, 0xFF, 0x3F, 0xDA, 0x3F, 0xFF, 0xDF, 0x07, 0xFF, 0x80, 0x1F, 0x02, 0x00,
    0x87, 0xF0, 0x3F, 0x00, 0xF8, 0x07, 0xE0, 0x1F, 0x80, 0x12, 0xFF, 0x80, 0x03, 0x02, 0x00, 0x87,
    0xFE, 0x07, 0x00, 0xFE, 0x00, 0xFC, 0x03, 0xE0, 0x11, 0xFF, 0x80, 0x3F, 0x02, 0x00, 0x88, 0xC0,
    0xFF, 0x00, 0xC0, 0x3F, 0x80, 0x7F, 0x00, 0xFC, 0x11, 0xFF, 0x80, 0x07, 0x02, 0x00, 0x87, 0xF8,
    0x0F, 0x00, 0xF8, 0x07, 0xE0, 0x1F, 0x80, 0x12, 0xFF, 0x03, 0x00, 0x87, 0xFF, 0x01, 0x00, 0xFF,
    0x00, 0xFC, 0x03, 0xF0, 0x11, 0xFF, 0x80, 0x1F, 0x02, 0x00, 0x88, 0xE0, 0x3F, 0x00, 0xE0, 0x1F,
    0x80, 0x7F, 0x00, 0xFE, 0x11, 0xFF, 0x80, 0x01, 0x02, 0x00, 0x87, 0xFE, 0x07, 0x00, 0xFC, 0x03,
    0xF0, 0x0F, 0x80, 0x11, 0xFF, 0x80, 0x3F, 0x02, 0x00, 0x81, 0xC0, 0xFF, 0x02, 0x00, 0x84, 0xFF,
    0x00, 0xFC, 0x03, 0xF0, 0x11, 0xFF, 0x80, 0x07, 0x02, 0x00, 0x88, 0xF8, 0x0F, 0x00, 0xE0, 0x1F,
    0x80, 0x7F, 0x00, 0xFE, 0x10, 0xFF, 0x80, 0x7F, 0x03, 0x00, 0x87, 0xFF, 0x01, 0x00, 0xFC, 0x03,
    0xF0, 0x0F, 0x80, 0x11, 0xFF, 0x80, 0x0F, 0x02, 0x00, 0x88, 0xF0, 0x3F, 0x00, 0x80, 0x7F, 0x00,
    0xFE, 0x03, 0xF0, 0x11, 0xFF, 0x03, 0x00, 0x88, 0xFE, 0x07, 0x00, 0xE0, 0x1F, 0x80, 0x7F, 0x00,
    0xFC, 0x10, 0xFF, 0x80, 0x1F, 0x02, 0x00, 0x81, 0xC0, 0xFF, 0x02, 0x00, 0x84, 0xFC, 0x03, 0xF0,
    0x0F, 0x80, 0x11, 0xFF, 0x80, 0x03, 0x02, 0x00, 0x88, 0xF8, 0x0F, 0x00, 0x80, 0x7F, 0x00, 0xFE,
    0x03, 0xF0, 0x10, 0xFF, 0x80, 0x3F, 0x02, 0x00, 0x89, 0x80, 0xFF, 0x01, 0x00, 0xF0, 0x0F, 0x80,
    0x7F, 0x00, 0xFC, 0x10, 0xFF, 0x80, 0x07, 0x02, 0x00, 0x81, 0xF0, 0x3F, 0x02, 0x00, 0x84, 0xFC,
    0x03, 0xF0, 0x1F, 0x80, 0x10, 0xFF, 0x80, 0x7F, 0x03, 0x00, 0x88, 0xFE, 0x07, 0x00, 0x80, 0x7F,
    0x00, 0xFE, 0x03, 0xE0, 0x10, 0xFF, 0x80, 0x0F, 0x02, 0x00, 0x81, 0xE0, 0x7F, 0x02, 0x00, 0x85,
    0xF0, 0x0F, 0x80, 0x7F, 0x00, 0xFC, 0x10, 0xFF, 0x03, 0x00, 0x81, 0xFC, 0x0F, 0x02, 0x00, 0x84,
    0xFC, 0x03, 0xF0, 0x1F, 0x00, 0x10, 0xFF, 0x80, 0x1F, 0x02, 0x00, 0x89, 0x80, 0xFF, 0x01, 0x00,
    0x80, 0x7F, 0x00, 0xFE, 0x03, 0xE0, 0x10, 0xFF, 0x80, 0x01, 0x02, 0x00, 0x81, 0xF8, 0x1F, 0x02,
    0x00, 0x85, 0xF0, 0x1F, 0x80, 0xFF, 0x00, 0xF8, 0x0F, 0xFF, 0x80, 0x3F, 0x03, 0x00, 0x81, 0xFF,
    0x03, 0x02, 0x00, 0x84, 0xFC, 0x03, 0xF0, 0x1F, 0x00, 0x10, 0xFF, 0x80, 0x03, 0x02, 0x00, 0x81,
    0xE0, 0x7F, 0x02, 0x00, 0x85, 0x80, 0x7F, 0x00, 0xFC, 0x07, 0xC0, 0x0F, 0xFF, 0x80, 0x7F, 0x03,
    0x00, 0x81, 0xFE, 0x07, 0x02, 0x00, 0x85, 0xF0, 0x1F, 0x80, 0xFF, 0x00, 0xF8, 0x0F, 0xFF, 0x80,
    0x07, 0x02, 0x00, 0x81, 0xC0, 0xFF, 0x03, 0x00, 0x85, 0xFC, 0x03, 0xE0, 0x3F, 0x00, 0xFE, 0x0E,
    0xFF, 0x80, 0x7F, 0x03, 0x00, 0x81, 0xFC, 0x1F, 0x02, 0x00, 0x85, 0x80, 0xFF, 0x00, 0xFC, 0x07,
    0x80, 0x0F, 0xFF, 0x80, 0x0F, 0x02, 0x00, 0x82, 0x80, 0xFF, 0x01, 0x02, 0x00, 0x85, 0xE0, 0x1F,
    0x00, 0xFF, 0x01, 0xF0, 0x0F, 0xFF, 0x03, 0x00, 0x81, 0xF8, 0x3F, 0x03, 0x00, 0x85, 0xFC, 0x03,
    0xE0, 0x7F, 0x00, 0xFC, 0x0E, 0xFF, 0x80, 0x0F, 0x03, 0x00, 0x81, 0xFF, 0x03, 0x02, 0x00, 0x85,
    0x80, 0xFF, 0x00, 0xF8, 0x0F, 0x00, 0x0F, 0xFF, 0x80, 0x01, 0x02, 0x00, 0x81, 0xF0, 0x7F, 0x03,
    0x00, 0x85, 0xE0, 0x1F, 0x00, 0xFF, 0x03, 0xC0, 0x0E, 0xFF, 0x80, 0x1F, 0x03, 0x00, 0x81, 0xFE,
    0x0F, 0x03, 0x00, 0x85, 0xFC, 0x07, 0xC0, 0x7F, 0x00, 0xF8, 0x0E, 0xFF, 0x80, 0x01, 0x02, 0x00,
    0x81, 0xE0, 0xFF, 0x04, 0x00, 0x85, 0xFF, 0x00, 0xF8, 0x1F, 0x00, 0xFE, 0x0D, 0xFF, 0x80, 0x1F,
    0x03, 0x00, 0x81, 0xFC, 0x1F, 0x03, 0x00, 0x85, 0xE0, 0x3F, 0x00, 0xFE, 0x07, 0x80, 0x0E, 0xFF,
    0x80, 0x03, 0x02, 0x00, 0x82, 0x80, 0xFF, 0x01, 0x03, 0x00, 0x85, 0xF8, 0x0F, 0x80, 0xFF, 0x00,
    0xE0, 0x0D, 0xFF, 0x80, 0x3F, 0x03, 0x00, 0x81, 0xF8, 0x3F, 0x04, 0x00, 0x85, 0xFF, 0x01, 0xF0,
    0x3F, 0x00, 0xF8, 0x0D, 0xFF, 0x80, 0x03, 0x03, 0x00, 0x81, 0xFF, 0x03, 0x03, 0x00, 0x86, 0xC0,
    0x7F, 0x00, 0xFC, 0x0F, 0x00, 0xFE, 0x0C, 0xFF, 0x80, 0x3F, 0x03, 0x00, 0x81, 0xF0, 0x7F, 0x04,
    0x00, 0x85, 0xF8, 0x0F, 0x00, 0xFF, 0x03, 0x80, 0x0D, 0xFF, 0x80, 0x03, 0x03, 0x00, 0x81, 0xFF,
    0x07, 0x04, 0x00, 0x85, 0xFE, 0x03, 0xE0, 0xFF, 0x00, 0xE0, 0x0C, 0xFF, 0x80, 0x3F, 0x03, 0x00,
    0x81, 0xE0, 0xFF, 0x04, 0x00, 0x86, 0xC0, 0xFF, 0x00, 0xF8, 0x1F, 0x00, 0xF8, 0x0C, 0xFF, 0x80,
    0x03, 0x03, 0x00, 0x81, 0xFE, 0x0F, 0x04, 0x00, 0x86, 0xF0, 0x1F, 0x00, 0xFE, 0x07, 0x00, 0xFE,
    0x0B, 0xFF, 0x80, 0x3F, 0x03, 0x00, 0x82, 0xC0, 0xFF, 0x01, 0x04, 0x00, 0x85, 0xFC, 0x07, 0xC0,
    0xFF, 0x01, 0x80, 0x0C, 0xFF, 0x80, 0x03, 0x03, 0x00, 0x81, 0xFC, 0x1F, 0x04, 0x00, 0x86, 0x80,
    0xFF, 0x00, 0xF0, 0x7F, 0x00, 0xE0, 0x0B, 0xFF, 0x80, 0x3F, 0x03, 0x00, 0x82, 0xC0, 0xFF, 0x03,
    0x04, 0x00, 0x86, 0xE0, 0x3F, 0x00, 0xFC, 0x1F, 0x00, 0xF8, 0x0B, 0xFF, 0x80, 0x01, 0x03, 0x00,
    0x81, 0xF8, 0x3F, 0x05, 0x00, 0x86, 0xFC, 0x0F, 0x00, 0xFF, 0x07, 0x00, 0xFC, 0x0A, 0xFF, 0x80,
    0x1F, 0x03, 0x00, 0x82, 0x80, 0xFF, 0x07, 0x05, 0x00, 0x85, 0xFF, 0x03, 0xC0, 0xFF, 0x01, 0x00,
    0x0B, 0xFF, 0x80, 0x01, 0x03, 0x00, 0x81, 0xF8, 0x7F, 0x05, 0x00, 0x86, 0xC0, 0x7F, 0x00, 0xF0,
    0x7F, 0x00, 0xC0, 0x0A, 0xFF, 0x80, 0x0F, 0x04, 0x00, 0x81, 0xFF, 0x07, 0x05, 0x00, 0x86, 0xF0,
    0x1F, 0x00, 0xFC, 0x1F, 0x00, 0xE0, 0x09, 0xFF, 0x80, 0x7F, 0x03, 0x00, 0x82, 0x60, 0xF0, 0xFF,
    0x06, 0x00, 0x86, 0xFE, 0x07, 0x00, 0xFF, 0x07, 0x00, 0xF0, 0x09, 0xFF, 0x80, 0x07, 0x03, 0x00,
    0x82, 0x1E, 0xFF, 0x0F, 0x05, 0x00, 0x87, 0x80, 0xFF, 0x01, 0xE0, 0xFF, 0x01, 0x00, 0xFC, 0x08,
    0xFF, 0x80, 0x3F, 0x03, 0x00, 0x80, 0xE0, 0x02, 0xFF, 0x06, 0x00, 0x84, 0xE0, 0x3F, 0x00, 0xF8,
    0xFF, 0x02, 0x00, 0x80, 0xFE, 0x08, 0xFF, 0x80, 0x03, 0x03, 0x00, 0x82, 0xFE, 0xFF, 0x1F, 0x06,
    0x00, 0x84, 0xFC, 0x0F, 0x00, 0xFC, 0x3F, 0x02, 0x00, 0x08, 0xFF, 0x80, 0x1F, 0x03, 0x00, 0x80,
    0xE0, 0x02, 0xFF, 0x80, 0x01, 0x06, 0x00, 0x86, 0xFF, 0x03, 0x00, 0xFF, 0x0F, 0x00, 0x80, 0x08,
    0xFF, 0x04, 0x00, 0x82, 0xFE, 0xFF, 0x1F, 0x06, 0x00, 0x87, 0xC0, 0xFF, 0x00, 0xC0, 0xFF, 0x03,
    0x00, 0xC0, 0x07, 0xFF, 0x80, 0x03, 0x03, 0x00, 0x80, 0xE0, 0x02, 0xFF, 0x80, 0x03, 0x06, 0x00,
    0x87, 0xF0, 0x3F, 0x00, 0xF0, 0xFF, 0x01, 0x00, 0xE0, 0x06, 0xFF, 0x82, 0x1F, 0x00, 0x20, 0x02,
    0x00, 0x82, 0xFE, 0xFF, 0x3F, 0x07, 0x00, 0x84, 0xFC, 0x0F, 0x00, 0xFC, 0x7F, 0x02, 0x00, 0x80,
    0xE0, 0x05, 0xFF, 0x80, 0x7F, 0x02, 0x00, 0x82, 0x04, 0x00, 0xC0, 0x02, 0xFF, 0x80, 0x03, 0x06,
    0x00, 0x85, 0x80, 0xFF, 0x03, 0x00, 0xFF, 0x3F, 0x02, 0x00, 0x80, 0xE0, 0x05, 0xFF, 0x82, 0x01,
    0x00, 0xC0, 0x02, 0x00, 0x82, 0xFC, 0xFF, 0x3F, 0x07, 0x00, 0x85, 0xE0, 0xFF, 0x00, 0xC0, 0xFF,
    0x0F, 0x02, 0x00, 0x80, 0xE0, 0x04, 0xFF, 0x80, 0x0F, 0x02, 0x00, 0x82, 0x0C, 0x00, 0xC0, 0x02,
    0xFF, 0x80, 0x03, 0x07, 0x00, 0x85, 0xF8, 0x3F, 0x00, 0xE0, 0xFF, 0x07, 0x02, 0x00, 0x80, 0xC0,
    0x03, 0xFF, 0x80, 0x1F, 0x02, 0x00, 0x85, 0xC0, 0x01, 0x00, 0xFC, 0xFF, 0x3F, 0x08, 0x00, 0x85,
    0xFE, 0x0F, 0x00, 0xF8, 0xFF, 0x03, 0x03, 0x00, 0x82, 0xFE, 0xFF, 0x0F, 0x05, 0x00, 0x80, 0xE0,
    0x02, 0xFF, 0x80, 0x07, 0x07, 0x00, 0x86, 0x80, 0xFF, 0x03, 0x00, 0xFE, 0xFF, 0x01, 0x0B, 0x00,
    0x82, 0xFE, 0xFF, 0x3F, 0x08, 0x00, 0x81, 0xE0, 0xFF, 0x02, 0x00, 0x02, 0xFF, 0x0B, 0x00, 0x80,
    0xE0, 0x02, 0xFF, 0x80, 0x07, 0x08, 0x00, 0x85, 0xF8, 0x3F, 0x00, 0xC0, 0xFF, 0x7F, 0x0B, 0x00,
    0x82, 0xFE, 0xFF, 0x7F, 0x09, 0x00, 0x85, 0xFE, 0x1F, 0x00, 0xE0, 0xFF, 0x7F, 0x0A, 0x00, 0x80,
    0xE0, 0x02, 0xFF, 0x80, 0x07, 0x08, 0x00, 0x86, 0x80, 0xFF, 0x07, 0x00, 0xF8, 0xFF, 0x3F, 0x0A,
    0x00, 0x02, 0xFF, 0x80, 0x7F, 0x09, 0x00, 0x86, 0xE0, 0xFF, 0x01, 0x00, 0xFC, 0xFF, 0x3F, 0x09,
    0x00, 0x80, 0xF8, 0x02, 0xFF, 0x80, 0x07, 0x09, 0x00, 0x81, 0xF8, 0x7F, 0x02, 0x00, 0x82, 0xFE,
    0xFF, 0x3F, 0x08, 0x00, 0x80, 0x80, 0x02, 0xFF, 0x80, 0x7F, 0x0A, 0x00, 0x81, 0xFE, 0x3F, 0x02,
    0x00, 0x02, 0xFF, 0x80, 0x7F, 0x08, 0x00, 0x80, 0xFC, 0x02, 0xFF, 0x80, 0x07, 0x09, 0x00, 0x84,
    0x80, 0xFF, 0x0F, 0x00, 0x80, 0x03, 0xFF, 0x04, 0x00, 0x80, 0x20, 0x02, 0x00, 0x80, 0xE0, 0x02,
    0xFF, 0x80, 0x7F, 0x0A, 0x00, 0x84, 0xC0, 0xFF, 0x03, 0x00, 0xC0, 0x03, 0xFF, 0x80, 0xBF, 0x02,
    0x00, 0x81, 0xFC, 0x07, 0x02, 0x00, 0x03, 0xFF, 0x80, 0x03, 0x0A, 0x00, 0x84, 0xF0, 0xFF, 0x01,
    0x00, 0xE0, 0x07, 0xFF, 0x02, 0x00, 0x80, 0xF8, 0x02, 0xFF, 0x80, 0x3F, 0x0B, 0x00, 0x81, 0xFC,
    0x7F, 0x02, 0x00, 0x80, 0xE0, 0x06, 0xFF, 0x82, 0x3F, 0x00, 0xC0, 0x03, 0xFF, 0x80, 0x03, 0x0B,
    0x00, 0x81, 0xFF, 0x3F, 0x02, 0x00, 0x80, 0xF0, 0x06, 0xFF, 0x82, 0x07, 0x00, 0xFE, 0x02, 0xFF,
    0x80, 0x3F, 0x0B, 0x00, 0x82, 0x80, 0xFF, 0x1F, 0x02, 0x00, 0x80, 0xF0, 0x06, 0xFF, 0x81, 0x00,
    0xFC, 0x03, 0xFF, 0x80, 0x03, 0x0B, 0x00, 0x82, 0xE0, 0xFF, 0x07, 0x02, 0x00, 0x80, 0xE0, 0x05,
    0xFF, 0x81, 0x1F, 0xE0, 0x03, 0xFF, 0x80, 0x1F, 0x0C, 0x00, 0x82, 0xF8, 0xFF, 0x03, 0x02, 0x00,
    0x80, 0xC0, 0x05, 0xFF, 0x80, 0xC3, 0x04, 0xFF, 0x80, 0x01, 0x0C, 0x00, 0x82, 0xFC, 0xFF, 0x01,
    0x03, 0x00, 0x09, 0xFF, 0x80, 0x0F, 0x0D, 0x00, 0x02, 0xFF, 0x04, 0x00, 0x80, 0xC0, 0x08, 0xFF,
    0x0D, 0x00, 0x82, 0x80, 0xFF, 0x7F, 0x05, 0x00, 0x80, 0xFC, 0x06, 0xFF, 0x80, 0x07, 0x0D, 0x00,
    0x82, 0xE0, 0xFF, 0x7F, 0x04, 0x00, 0x80, 0x80, 0x06, 0xFF, 0x80, 0x7F, 0x0E, 0x00, 0x82, 0xF0,
    0xFF, 0x3F, 0x04, 0x00, 0x80, 0xF0, 0x06, 0xFF, 0x80, 0x03, 0x0E, 0x00, 0x82, 0xF8, 0xFF, 0x3F,
    0x04, 0x00, 0x80, 0xFE, 0x05, 0xFF, 0x80, 0x1F, 0x0F, 0x00, 0x82, 0xFC, 0xFF, 0x3F, 0x03, 0x00,
    0x80, 0xC0, 0x06, 0xFF, 0x80, 0x01, 0x0F, 0x00, 0x82, 0xFE, 0xFF, 0x7F, 0x03, 0x00, 0x80, 0xF8,
    0x05, 0xFF, 0x80, 0x07, 0x10, 0x00, 0x03, 0xFF, 0x03, 0x00, 0x05, 0xFF, 0x80, 0x3F, 0x10, 0x00,
    0x80, 0x80, 0x03, 0xFF, 0x82, 0x01, 0x00, 0xE0, 0x05, 0xFF, 0x80, 0x01, 0x10, 0x00, 0x80, 0x80,
    0x03, 0xFF, 0x82, 0x1F, 0x00, 0xFC, 0x04, 0xFF, 0x80, 0x0F, 0x11, 0x00, 0x80, 0xC0, 0x04, 0xFF,
    0x80, 0xDF, 0x04, 0xFF, 0x80, 0x3F, 0x12, 0x00, 0x80, 0xC0, 0x09, 0xFF, 0x13, 0x00, 0x80, 0xC0,
    0x08, 0xFF, 0x80, 0x07, 0x13, 0x00, 0x80, 0xE0, 0x07, 0xFF, 0x80, 0x7F, 0x14, 0x00, 0x80, 0xC0,
    0x06, 0xFF, 0x81, 0xDF, 0x01, 0x15, 0x00, 0x05, 0xFF, 0x80, 0x1F, 0x17, 0x00, 0x80, 0xF8, 0x03,
    0xFF, 0x80, 0x1F, 0x18, 0x00, 0x80, 0xC0, 0x02, 0xFF, 0x80, 0x0F, 0x29, 0x00, 0x02, 0xFD, 0x06,
    0x00, 0x00, 0x00, 0x00, 0x01, 0xFF, 0x64, 0x00, 0x05, 0xFA, 0x11, 0x10, 0x00, 0x80, 0x1F, 0x1D,
    0x00, 0x80, 0x07, 0x1D, 0x00, 0x80, 0x03, 0x1D, 0x00, 0x80, 0x03, 0x1D, 0x00, 0x80, 0x01, 0x7F,
    0x00, 0x41, 0x00, 0x82, 0xC0, 0xFF, 0x03, 0x1A, 0x00, 0x80, 0x80, 0x02, 0xFF, 0x80, 0x03, 0x1A,
    0x00, 0x80, 0xFE, 0x02, 0xFF, 0x80, 0x03, 0x19, 0x00, 0x80, 0xE0, 0x03, 0xFF, 0x80, 0x03, 0x19,
    0x00, 0x80, 0xFC, 0x03, 0xFF, 0x80, 0x03, 0x19, 0x00, 0x80, 0xFE, 0x03, 0xFF, 0x80, 0x03, 0x19,
    0x00, 0x80, 0xFC, 0x03, 0xFF, 0x80, 0x03, 0x19, 0x00, 0x80, 0xF8, 0x03, 0xFF, 0x80, 0xBF, 0x19,
    0x00, 0x86, 0xF0, 0xFF, 0x07, 0x00, 0xFC, 0xFF, 0x03, 0x17, 0x00, 0x81, 0xE0, 0x1F, 0x02, 0x00,
    0x80, 0xFC, 0x02, 0xFF, 0x17, 0x00, 0x80, 0xE0, 0x03, 0x00, 0x80, 0xFC, 0x02, 0xFF, 0x80, 0x0F,
    0x1A, 0x00, 0x80, 0xFC, 0x03, 0xFF, 0x1A, 0x00, 0x80, 0xFC, 0x03, 0xFF, 0x80, 0x07, 0x19, 0x00,
    0x80, 0xFC, 0x03, 0xFF, 0x80, 0x3F, 0x19, 0x00, 0x80, 0xFC, 0x04, 0xFF, 0x19, 0x00, 0x80, 0xFC,
    0x04, 0xFF, 0x80, 0x07, 0x19, 0x00, 0x80, 0xFC, 0x03, 0xFF, 0x80, 0x3F, 0x1A, 0x00, 0x80, 0xFC,
    0x03, 0xFF, 0x1B, 0x00, 0x03, 0xFF, 0x80, 0x03, 0x1A, 0x00, 0x80, 0xF0, 0x02, 0xFF, 0x80, 0x0F,
    0x1A, 0x00, 0x80, 0x80, 0x02, 0xFF, 0x80, 0x3F, 0x1B, 0x00, 0x80, 0xFC, 0x02, 0xFF, 0x1B, 0x00,
    0x80, 0xE0, 0x02, 0xFF, 0x80, 0x01, 0x1A, 0x00, 0x80, 0x80, 0x02, 0xFF, 0x80, 0x07, 0x1B, 0x00,
    0x82, 0xFC, 0xFF, 0x1F, 0x1B, 0x00, 0x82, 0xF0, 0xFF, 0x3F, 0x16, 0x00, 0x81, 0xFC, 0x07, 0x03,
    0x00, 0x82, 0xC0, 0xFF, 0x7F, 0x16, 0x00, 0x82, 0xFC, 0xFF, 0x07, 0x03, 0x00, 0x02, 0xFF, 0x80,
    0x01, 0x15, 0x00, 0x80, 0xFC, 0x02, 0xFF, 0x03, 0x00, 0x82, 0xFC, 0xFF, 0x07, 0x15, 0x00, 0x80,
    0xFC, 0x02, 0xFF, 0x80, 0x07, 0x02, 0x00, 0x82, 0xF8, 0xFF, 0x0F, 0x15, 0x00, 0x80, 0xFC, 0x02,
    0xFF, 0x80, 0x3F, 0x02, 0x00, 0x82, 0xE0, 0xFF, 0x1F, 0x15, 0x00, 0x80, 0xFC, 0x03, 0xFF, 0x02,
    0x00, 0x82, 0x80, 0xFF, 0x7F, 0x15, 0x00, 0x80, 0xFC, 0x03, 0xFF, 0x80, 0x07, 0x02, 0x00, 0x81,
    0xFE, 0xFF, 0x15, 0x00, 0x80, 0xFC, 0x03, 0xFF, 0x80, 0x3F, 0x02, 0x00, 0x82, 0xFC, 0xFF, 0x01,
    0x14, 0x00, 0x80, 0xFC, 0x04, 0xFF, 0x02, 0x00, 0x82, 0xF8, 0xFF, 0x03, 0x14, 0x00, 0x80, 0xFC,
    0x04, 0xFF, 0x84, 0x03, 0x00, 0xE0, 0xFF, 0x07, 0x14, 0x00, 0x80, 0xFC, 0x04, 0xFF, 0x84, 0x0F,
    0x00, 0xC0, 0xFF, 0x0F, 0x13, 0x00, 0x83, 0x80, 0x03, 0x00, 0xFE, 0x02, 0xFF, 0x84, 0x1F, 0x00,
    0x80, 0xFF, 0x0F, 0x13, 0x00, 0x83, 0xFC, 0x03, 0x00, 0xC0, 0x02, 0xFF, 0x80, 0x7F, 0x02, 0x00,
    0x81, 0xFE, 0x1F, 0x12, 0x00, 0x82, 0xE0, 0xFF, 0x03, 0x02, 0x00, 0x80, 0xFC, 0x02, 0xFF, 0x83,
    0x01, 0x00, 0xFC, 0x3F, 0x12, 0x00, 0x82, 0xFE, 0xFF, 0x03, 0x02, 0x00, 0x80, 0xE0, 0x02, 0xFF,
    0x83, 0x03, 0x00, 0xF8, 0x7F, 0x11, 0x00, 0x80, 0xC0, 0x02, 0xFF, 0x80, 0x03, 0x02, 0x00, 0x80,
    0x80, 0x02, 0xFF, 0x83, 0x07, 0x00, 0xF0, 0xFF, 0x11, 0x00, 0x80, 0xE0, 0x02, 0xFF, 0x80, 0x03,
    0x03, 0x00, 0x86, 0xFC, 0xFF, 0x1F, 0x00, 0xE0, 0xFF, 0x01, 0x10, 0x00, 0x80, 0xFC, 0x02, 0xFF,
    0x80, 0x03, 0x03, 0x00, 0x86, 0xF0, 0xFF, 0x3F, 0x00, 0xC0, 0xFF, 0x03, 0x0F, 0x00, 0x80, 0x80,
    0x03, 0xFF, 0x80, 0x03, 0x03, 0x00, 0x86, 0xC0, 0xFF, 0x7F, 0x00, 0x80, 0xFF, 0x07, 0x0F, 0x00,
    0x80, 0xC0, 0x03, 0xFF, 0x80, 0x03, 0x03, 0x00, 0x80, 0x80, 0x02, 0xFF, 0x02, 0x00, 0x81, 0xFF,
    0x0F, 0x07, 0x00, 0x80, 0x40, 0x07, 0x00, 0x80, 0xF0, 0x03, 0xFF, 0x81, 0x83, 0x01, 0x03, 0x00,
    0x85, 0xFE, 0xFF, 0x03, 0x00, 0xFE, 0x1F, 0x07, 0x00, 0x81, 0xC0, 0x01, 0x06, 0x00, 0x80, 0xFC,
    0x04, 0xFF, 0x80, 0x03, 0x03, 0x00, 0x85, 0xF8, 0xFF, 0x07, 0x00, 0xFC, 0x1F, 0x07, 0x00, 0x81,
    0xE0, 0x0F, 0x06, 0x00, 0x05, 0xFF, 0x80, 0x03, 0x03, 0x00, 0x85, 0xF0, 0xFF, 0x0F, 0x00, 0xF8,
    0x3F, 0x07, 0x00, 0x82, 0xF0, 0x3F, 0x78, 0x04, 0x00, 0x80, 0x80, 0x05, 0xFF, 0x80, 0x01, 0x03,
    0x00, 0x85, 0xC0, 0xFF, 0x1F, 0x00, 0xF0, 0x7F, 0x07, 0x00, 0x82, 0xF0, 0xFF, 0x3F, 0x04, 0x00,
    0x80, 0xE0, 0x05, 0xFF, 0x80, 0x01, 0x03, 0x00, 0x85, 0x80, 0xFF, 0x3F, 0x00, 0xF0, 0xFF, 0x07,
    0x00, 0x82, 0xF8, 0xFF, 0x1F, 0x04, 0x00, 0x80, 0xF0, 0x05, 0xFF, 0x80, 0x01, 0x04, 0x00, 0x84,
    0xFF, 0x7F, 0x00, 0xE0, 0xFF, 0x07, 0x00, 0x82, 0xFC, 0xFF, 0x1F, 0x04, 0x00, 0x80, 0xF8, 0x05,
    0xFF, 0x80, 0x01, 0x04, 0x00, 0x85, 0xFC, 0xFF, 0x00, 0xC0, 0xFF, 0x01, 0x06, 0x00, 0x82, 0xFC,
    0xFF, 0x0F, 0x04, 0x00, 0x80, 0xFC, 0x05, 0xFF, 0x80, 0x01, 0x04, 0x00, 0x85, 0xF8, 0xFF, 0x01,
    0x80, 0xFF, 0x03, 0x06, 0x00, 0x82, 0xFE, 0xFF, 0x07, 0x04, 0x00, 0x06, 0xFF, 0x80, 0x01, 0x04,
    0x00, 0x85, 0xF0, 0xFF, 0x03, 0x00, 0xFF, 0x07, 0x06, 0x00, 0x82, 0xFE, 0xFF, 0x03, 0x04, 0x00,
    0x06, 0xFF, 0x80, 0x01, 0x04, 0x00, 0x85, 0xE0, 0xFF, 0x07, 0x00, 0xFE, 0x07, 0x06, 0x00, 0x02,
    0xFF, 0x80, 0x03, 0x03, 0x00, 0x80, 0xC0, 0x06, 0xFF, 0x80, 0x01, 0x04, 0x00, 0x85, 0xC0, 0xFF,
    0x07, 0x00, 0xFC, 0x0F, 0x05, 0x00, 0x80, 0x80, 0x02, 0xFF, 0x80, 0x01, 0x03, 0x00, 0x80, 0xE0,
    0x06, 0xFF, 0x80, 0x01, 0x04, 0x00, 0x85, 0x80, 0xFF, 0x0F, 0x00, 0xF8, 0x1F, 0x05, 0x00, 0x80,
    0x80, 0x02, 0xFF, 0x80, 0x01, 0x03, 0x00, 0x80, 0xF0, 0x06, 0xFF, 0x80, 0x01, 0x05, 0x00, 0x84,
    0xFF, 0x1F, 0x00, 0xF8, 0x1F, 0x05, 0x00, 0x80, 0xC0, 0x02, 0xFF, 0x04, 0x00, 0x80, 0xF8, 0x06,
    0xFF, 0x80, 0x01, 0x05, 0x00, 0x84, 0xFE, 0x3F, 0x00, 0xF0, 0x3F, 0x05, 0x00, 0x82, 0xC0, 0xFF,
    0x7F, 0x04, 0x00, 0x80, 0xFC, 0x05, 0xFF, 0x80, 0xFE, 0x06, 0x00, 0x84, 0xFC, 0x7F, 0x00, 0xF0,
    0x7F, 0x05, 0x00, 0x82, 0xE0, 0xFF, 0x3F, 0x04, 0x00, 0x80, 0xFE, 0x06, 0xFF, 0x06, 0x00, 0x84,
    0xF8, 0x7F, 0x00, 0xE0, 0x7F, 0x05, 0x00, 0x82, 0xE0, 0xFF, 0x3F, 0x04, 0x00, 0x80, 0xFE, 0x06,
    0xFF, 0x06, 0x00, 0x84, 0xF0, 0xFF, 0x00, 0xE0, 0xFF, 0x05, 0x00, 0x82, 0xE0, 0xFF, 0x1F, 0x04,
    0x00, 0x07, 0xFF, 0x06, 0x00, 0x84, 0xE0, 0xFF, 0x01, 0xC0, 0xFF, 0x05, 0x00, 0x82, 0xF0, 0xFF,
    0x1F, 0x03, 0x00, 0x80, 0x80, 0x07, 0xFF, 0x06, 0x00, 0x85, 0xC0, 0xFF, 0x03, 0x80, 0xFF, 0x01,
    0x04, 0x00, 0x82, 0xF0, 0xFF, 0x0F, 0x03, 0x00, 0x80, 0x80, 0x07, 0xFF, 0x06, 0x00, 0x85, 0xC0,
    0xFF, 0x03, 0x80, 0xFF, 0x01, 0x04, 0x00, 0x82, 0xF8, 0xFF, 0x0F, 0x03, 0x00, 0x80, 0xC0, 0x07,
    0xFF, 0x06, 0x00, 0x85, 0x80, 0xFF, 0x07, 0x00, 0xFF, 0x03, 0x04, 0x00, 0x82, 0xF8, 0xFF, 0x07,
    0x03, 0x00, 0x80, 0xE0, 0x07, 0xFF, 0x07, 0x00, 0x84, 0xFF, 0x07, 0x00, 0xFF, 0x03, 0x04, 0x00,
    0x82, 0xFC, 0xFF, 0x07, 0x03, 0x00, 0x80, 0xE0, 0x07, 0xFF, 0x07, 0x00, 0x84, 0xFF, 0x0F, 0x00,
    0xFE, 0x03, 0x04, 0x00, 0x82, 0xFC, 0xFF, 0x03, 0x03, 0x00, 0x80, 0xF0, 0x07, 0xFF, 0x07, 0x00,
    0x84, 0xFE, 0x1F, 0x00, 0xFE, 0x07, 0x04, 0x00, 0x82, 0xFE, 0xFF, 0x03, 0x03, 0x00, 0x80, 0xF8,
    0x07, 0xFF, 0x07, 0x00, 0x84, 0xFC, 0x1F, 0x00, 0xFC, 0x07, 0x04, 0x00, 0x82, 0xFE, 0xFF, 0x01,
    0x03, 0x00, 0x80, 0xF8, 0x07, 0xFF, 0x07, 0x00, 0x84, 0xFC, 0x1F, 0x00, 0xFC, 0x0F, 0x04, 0x00,
    0x82, 0xFE, 0xFF, 0x01, 0x03, 0x00, 0x80, 0xFC, 0x07, 0xFF, 0x07, 0x00, 0x84, 0xF8, 0x3F, 0x00,
    0xFC, 0x0F, 0x04, 0x00, 0x81, 0xFF, 0x97, 0x04, 0x00, 0x80, 0xFC, 0x07, 0xFF, 0x07, 0x00, 0x84,
    0xF8, 0x3F, 0x00, 0xF8, 0x1F, 0x04, 0x00, 0x81, 0xFF, 0xC9, 0x04, 0x00, 0x80, 0xFE, 0x07, 0xFF,
    0x07, 0x00, 0x84, 0xF0, 0x7F, 0x00, 0xF8, 0x1F, 0x04, 0x00, 0x81, 0xFF, 0x03, 0x04, 0x00, 0x80,
    0xFE, 0x07, 0xFF, 0x07, 0x00, 0x84, 0xF0, 0x7F, 0x00, 0xF0, 0x1F, 0x03, 0x00, 0x82, 0x80, 0xFF,
    0x03, 0x04, 0x00, 0x08, 0xFF, 0x07, 0x00, 0x84, 0xE0, 0xFF, 0x00, 0xF0, 0x3F, 0x03, 0x00, 0x82,
    0x80, 0xFF, 0x11, 0x04, 0x00, 0x07, 0xFF, 0x80, 0x7F, 0x07, 0x00, 0x84, 0xC0, 0xFF, 0x00, 0xE0,
    0x3F, 0x03, 0x00, 0x82, 0x80, 0xFF, 0x01, 0x03, 0x00, 0x80, 0x80, 0x07, 0xFF, 0x80, 0x7F, 0x07,
    0x00, 0x84, 0xC0, 0xFF, 0x00, 0xE0, 0x3F, 0x03, 0x00, 0x81, 0xC0, 0xFF, 0x04, 0x00, 0x80, 0x80,
    0x07, 0xFF, 0x80, 0x7F, 0x07, 0x00, 0x84, 0x80, 0xFF, 0x01, 0xE0, 0x7F, 0x03, 0x00, 0x81, 0xC0,
    0xFF, 0x04, 0x00, 0x80, 0xC0, 0x07, 0xFF, 0x80, 0x7F, 0x07, 0x00, 0x84, 0x80, 0xFF, 0x01, 0xC0,
    0x7F, 0x03, 0x00, 0x81, 0xC0, 0xFF, 0x04, 0x00, 0x80, 0xC0, 0x07, 0xFF, 0x80, 0x7F, 0x07, 0x00,
    0x84, 0x80, 0xFF, 0x03, 0xC0, 0x7F, 0x03, 0x00, 0x81, 0xC0, 0x7F, 0x04, 0x00, 0x80, 0xC0, 0x07,
    0xFF, 0x80, 0x7F, 0x08, 0x00, 0x83, 0xFF, 0x03, 0xC0, 0xFF, 0x03, 0x00, 0x81, 0xE0, 0x7F, 0x04,
    0x00, 0x80, 0xE0, 0x07, 0xFF, 0x80, 0x3F, 0x08, 0x00, 0x83, 0xFF, 0x03, 0xC0, 0xFF, 0x03, 0x00,
    0x81, 0xE0, 0x7F, 0x04, 0x00, 0x80, 0xE0, 0x07, 0xFF, 0x80, 0x7F, 0x08, 0x00, 0x83, 0xFF, 0x07,
    0x80, 0xFF, 0x03, 0x00, 0x81, 0xE0, 0x3F, 0x04, 0x00, 0x80, 0xE0, 0x07, 0xFF, 0x80, 0x7F, 0x08,
    0x00, 0x84, 0xFE, 0x07, 0x80, 0xFF, 0x01, 0x02, 0x00, 0x81, 0xE0, 0x3F, 0x04, 0x00, 0x80, 0xF0,
    0x07, 0xFF, 0x80, 0x3F, 0x08, 0x00, 0x84, 0xFE, 0x07, 0x00, 0xFF, 0x01, 0x02, 0x00, 0x81, 0xF0,
    0x3F, 0x04, 0x00, 0x80, 0xF0, 0x07, 0xFF, 0x80, 0x3F, 0x08, 0x00, 0x84, 0xFE, 0x0F, 0x00, 0xFF,
    0x01, 0x02, 0x00, 0x81, 0xF0, 0x3F, 0x04, 0x00, 0x80, 0xF0, 0x07, 0xFF, 0x80, 0x3F, 0x05, 0x00,
    0x80, 0x78, 0x02, 0x00, 0x84, 0xFC, 0x0F, 0x00, 0xFF, 0x01, 0x02, 0x00, 0x81, 0xF0, 0x1F, 0x04,
    0x00, 0x80, 0xF0, 0x07, 0xFF, 0x80, 0x3F, 0x05, 0x00, 0x80, 0xFC, 0x02, 0x00, 0x84, 0xFC, 0x0F,
    0x00, 0xFF, 0x03, 0x02, 0x00, 0x81, 0xF0, 0x1F, 0x04, 0x00, 0x80, 0xF8, 0x07, 0xFF, 0x80, 0x3F,
    0x05, 0x00, 0x87, 0xFC, 0x01, 0x00, 0xFC, 0x0F, 0x00, 0xFF, 0x03, 0x02, 0x00, 0x81, 0xF0, 0x1F,
    0x04, 0x00, 0x80, 0xF8, 0x07, 0xFF, 0x80, 0x3F, 0x05, 0x00, 0x87, 0xFE, 0x01, 0x00, 0xFC, 0x0F,
    0x00, 0xFF, 0x03, 0x02, 0x00, 0x81, 0xF0, 0x1F, 0x04, 0x00, 0x80, 0xF8, 0x07, 0xFF, 0x80, 0x3F,
    0x05, 0x00, 0x87, 0xFC, 0x01, 0x00, 0xFC, 0x1F, 0x00, 0xFF, 0x03, 0x02, 0x00, 0x81, 0xF8, 0x1F,
    0x04, 0x00, 0x80, 0xF8, 0x07, 0xFF, 0x80, 0x3F, 0x05, 0x00, 0x80, 0xFC, 0x02, 0x00, 0x84, 0xFC,
    0x1F, 0x00, 0xFF, 0x03, 0x02, 0x00, 0x81, 0xFC, 0x0F, 0x04, 0x00, 0x80, 0xF8, 0x07, 0xFF, 0x80,
    0x3F, 0x05, 0x00, 0x80, 0x78, 0x02, 0x00, 0x84, 0xF8, 0x1F, 0x00, 0xFE, 0x07, 0x02, 0x00, 0x81,
    0xFC, 0x0F, 0x04, 0x00, 0x80, 0xFC, 0x07, 0xFF, 0x80, 0x3F, 0x08, 0x00, 0x84, 0xF8, 0x1F, 0x00,
    0xFE, 0x07, 0x02, 0x00, 0x81, 0xFC, 0x0F, 0x04, 0x00, 0x80, 0xFC, 0x07, 0xFF, 0x80, 0x3F, 0x08,
    0x00, 0x84, 0xF0, 0x1F, 0x00, 0xFE, 0x07, 0x02, 0x00, 0x83, 0xFC, 0x0F, 0x00, 0x80, 0x02, 0x00,
    0x80, 0xFC, 0x07, 0xFF, 0x80, 0x1F, 0x08, 0x00, 0x84, 0xF0, 0x1F, 0x00, 0xFE, 0x07, 0x02, 0x00,
    0x83, 0xF8, 0x0F, 0x00, 0x80, 0x02, 0x00, 0x80, 0xFC, 0x07, 0xFF, 0x80, 0x1F, 0x03, 0x00, 0x80,
    0x0E, 0x04, 0x00, 0x84, 0xF0, 0x3F, 0x00, 0xFE, 0x07, 0x02, 0x00, 0x83, 0xFC, 0x0F, 0x00, 0x80,
    0x02, 0x00, 0x80, 0xFC, 0x08, 0xFF, 0x85, 0x00, 0xF8, 0xC3, 0x7F, 0x00, 0xFC, 0x02, 0x00, 0x84,
    0xF0, 0x3F, 0x00, 0xFE, 0x07, 0x02, 0x00, 0x83, 0xFC, 0x0F, 0x00, 0x80, 0x02, 0x00, 0x80, 0xFE,
    0x08, 0xFF, 0x85, 0x01, 0xF8, 0xE3, 0xFF, 0x00, 0xFE, 0x02, 0x00, 0x84, 0xF0, 0x3F, 0x00, 0xFC,
    0x07, 0x02, 0x00, 0x86, 0xFC, 0x0F, 0x00, 0x80, 0x01, 0x00, 0xFE, 0x08, 0xFF, 0x85, 0x03, 0xF8,
    0xF3, 0xFF, 0x01, 0xFE, 0x02, 0x00, 0x84, 0xF0, 0x3F, 0x00, 0xFC, 0x07, 0x02, 0x00, 0x83, 0xFC,
    0x0F, 0x00, 0x80, 0x02, 0x00, 0x80, 0xFE, 0x08, 0xFF, 0x81, 0x07, 0xF8, 0x02, 0xFF, 0x81, 0x03,
    0xFE, 0x02, 0x00, 0x84, 0xF0, 0x3F, 0x00, 0xFC, 0x07, 0x02, 0x00, 0x86, 0xFC, 0x07, 0x00, 0x80,
    0x01, 0x00, 0xFE, 0x08, 0xFF, 0x81, 0x0F, 0xF8, 0x02, 0xFF, 0x81, 0x03, 0xFE, 0x02, 0x00, 0x84,
    0xE0, 0x3F, 0x00, 0xFC, 0x07, 0x02, 0x00, 0x86, 0xFC, 0x07, 0x00, 0x80, 0x02, 0x00, 0xFE, 0x08,
    0xFF, 0x81, 0x0F, 0xF8, 0x02, 0xFF, 0x88, 0x03, 0xFE, 0x01, 0x00, 0xE0, 0x3F, 0x00, 0xFC, 0x0F,
    0x02, 0x00, 0x86, 0xFC, 0x07, 0x00, 0x80, 0x01, 0x00, 0xFE, 0x05, 0xFF, 0x88, 0xF8, 0xFF, 0xF3,
    0x0F, 0xF8, 0x1F, 0xFC, 0x07, 0xFE, 0x02, 0x00, 0x84, 0xE0, 0x3F, 0x00, 0xFC, 0x0F, 0x02, 0x00,
    0x86, 0xFC, 0x07, 0x00, 0x80, 0x03, 0x00, 0xFE, 0x07, 0xFF, 0x86, 0xF3, 0x0F, 0xF8, 0x0F, 0xF8,
    0x07, 0xFC, 0x02, 0x00, 0x84, 0xE0, 0x3F, 0x00, 0xFC, 0x0F, 0x02, 0x00, 0x86, 0xFE, 0x07, 0x00,
    0x80, 0x01, 0x00, 0xFE, 0x07, 0xFF, 0x86, 0xE3, 0x0F, 0xF8, 0x0F, 0xF8, 0x07, 0xFE, 0x02, 0x00,
    0x84, 0xE0, 0x3F, 0x00, 0xFC, 0x0F, 0x02, 0x00, 0x86, 0xFE, 0x07, 0x00, 0x80, 0x03, 0x00, 0xFE,
    0x07, 0xFF, 0x8D, 0xE3, 0x0F, 0xF8, 0x07, 0xF8, 0x07, 0xFE, 0x01, 0x00, 0xE0, 0x3F, 0x00, 0xFC,
    0x0F, 0x02, 0x00, 0x86, 0xFE, 0x07, 0x00, 0x80, 0x03, 0x00, 0xFE, 0x07, 0xFF, 0x86, 0xE3, 0x1F,
    0xF8, 0x07, 0xF8, 0x07, 0xFE, 0x02, 0x00, 0x84, 0xE0, 0x3F, 0x00, 0xFC, 0x0F, 0x02, 0x00, 0x86,
    0xFE, 0x07, 0x00, 0x80, 0x07, 0x00, 0xFE, 0x07, 0xFF, 0x86, 0xE3, 0x1F, 0xF8, 0x07, 0xF0, 0x07,
    0xFE, 0x02, 0x00, 0x84, 0xE0, 0x3F, 0x00, 0xFC, 0x0F, 0x02, 0x00, 0x86, 0xFE, 0x07, 0x00, 0x80,
    0x07, 0x00, 0xFE, 0x07, 0xFF, 0x8D, 0xE3, 0x1F, 0xF8, 0x03, 0xF8, 0x07, 0xFE, 0x01, 0x00, 0xE0,
    0x3F, 0x00, 0xFC, 0x0F, 0x02, 0x00, 0x86, 0xFE, 0x07, 0x00, 0x80, 0x07, 0x00, 0xFE, 0x07, 0xFF,
    0x86, 0xE3, 0x1F, 0xF8, 0x03, 0xF0, 0x07, 0xFE, 0x02, 0x00, 0x84, 0xE0, 0x3F, 0x00, 0xFC, 0x0F,
    0x02, 0x00, 0x86, 0xFE, 0x07, 0x00, 0x80, 0x07, 0x00, 0xFE, 0x07, 0xFF, 0x8D, 0xE3, 0x1F, 0xF8,
    0x07, 0xF0, 0x07, 0xFE, 0x01, 0x00, 0xE0, 0x3F, 0x00, 0xFC, 0x0F, 0x02, 0x00, 0x86, 0xFE, 0x07,
    0x00, 0x80, 0x0F, 0x00, 0xFE, 0x07, 0xFF, 0x86, 0xE3, 0x1F, 0xF8, 0x03, 0xF0, 0x07, 0xFE, 0x02,
    0x00, 0x84, 0xF0, 0x3F, 0x00, 0xFC, 0x0F, 0x02, 0x00, 0x86, 0xFE, 0x07, 0x00, 0x80, 0x0F, 0x00,
    0xFE, 0x06, 0xFF, 0x8E, 0x1F, 0xE0, 0x1F, 0xF8, 0x07, 0xF0, 0x07, 0xFE, 0x01, 0x00, 0xF0, 0x3F,
    0x00, 0xFC, 0x07, 0x02, 0x00, 0x86, 0xFF, 0x0F, 0x00, 0x80, 0x0F, 0x00, 0xFE, 0x04, 0xFF, 0x89,
    0x9F, 0xFF, 0x1F, 0xE0, 0x1F, 0xF8, 0x03, 0xF0, 0x07, 0xFE, 0x02, 0x00, 0x84, 0xF0, 0x3F, 0x00,
    0xFC, 0x0F, 0x02, 0x00, 0x86, 0xFE, 0x0F, 0x00, 0x80, 0x1F, 0x00, 0xFC, 0x04, 0xFF, 0x89, 0x1F,
    0xFE, 0x1F, 0xE0, 0x1F, 0xF8, 0x03, 0xF8, 0x07, 0xFE, 0x02, 0x00, 0x84, 0xF7, 0x3F, 0x00, 0xFC,
    0x07, 0x02, 0x00, 0x86, 0xFE, 0x0F, 0x00, 0x80, 0x1F, 0x00, 0xFC, 0x04, 0xFF, 0x90, 0x1F, 0xF8,
    0x1F, 0xF0, 0x1F, 0xF8, 0x03, 0xF0, 0x07, 0xFC, 0x00, 0xE0, 0xE7, 0x3F, 0x00, 0xFC, 0x07, 0x02,
    0x00, 0x86, 0xFE, 0x0F, 0x00, 0x80, 0x3F, 0x00, 0xFC, 0x04, 0xFF, 0x90, 0x1F, 0xE0, 0x1F, 0xF8,
    0x1F, 0xF8, 0x03, 0xF8, 0x07, 0xFE, 0x00, 0xFC, 0xC7, 0x3F, 0x00, 0xFC, 0x07, 0x02, 0x00, 0x86,
    0xFC, 0x0F, 0x00, 0x80, 0x3F, 0xD0, 0xFC, 0x04, 0xFF, 0x90, 0x1F, 0xE0, 0x1F, 0xF8, 0x1F, 0xF8,
    0x03, 0xF0, 0x07, 0xFC, 0x00, 0xFF, 0x07, 0x1F, 0x00, 0xFC, 0x07, 0x02, 0x00, 0x81, 0xFC, 0x0F,
    0x02, 0x00, 0x07, 0xFF, 0x8C, 0x1F, 0xE0, 0x1F, 0xF8, 0x1F, 0xF8, 0x03, 0xF0, 0x07, 0xFE, 0xC0,
    0xFF, 0x07, 0x02, 0x00, 0x81, 0xFC, 0x07, 0x02, 0x00, 0x83, 0xFC, 0x0F, 0x00, 0x80, 0x07, 0xFF,
    0x8C, 0x1F, 0xC0, 0x1F, 0xF8, 0x1F, 0xF8, 0x03, 0xF8, 0x07, 0xFE, 0xE0, 0xFF, 0x03, 0x02, 0x00,
    0x81, 0xFC, 0x07, 0x02, 0x00, 0x81, 0xFC, 0x0F, 0x02, 0x00, 0x07, 0xFF, 0x8C, 0x1F, 0xE0, 0x1F,
    0xF8, 0x1F, 0xF8, 0x03, 0xF0, 0x07, 0xFE, 0xF8, 0xFF, 0x03, 0x02, 0x00, 0x81, 0xFC, 0x07, 0x02,
    0x00, 0x81, 0xFC, 0x07, 0x02, 0x00, 0x07, 0xFF, 0x8C, 0x1F, 0xC0, 0x1F, 0xF8, 0x1F, 0xF8, 0x03,
    0xF8, 0x07, 0xFE, 0xFC, 0xFF, 0x03, 0x02, 0x00, 0x81, 0xFC, 0x07, 0x02, 0x00, 0x81, 0xFC, 0x03,
    0x02, 0x00, 0x08, 0xFF, 0x83, 0xEF, 0x5F, 0xFF, 0x03, 0x04, 0x00, 0x80, 0xFE, 0x02, 0xFF, 0x80,
    0x03, 0x02, 0x00, 0x81, 0xFE, 0x07, 0x02, 0x00, 0x81, 0xFC, 0x03, 0x02, 0x00, 0x0B, 0xFF, 0x80,
    0x03, 0x03, 0x00, 0x80, 0x80, 0x03, 0xFF, 0x80, 0x03, 0x02, 0x00, 0x81, 0xFE, 0x07, 0x02, 0x00,
    0x81, 0xFC, 0x03, 0x02, 0x00, 0x80, 0xFE, 0x0A, 0xFF, 0x80, 0x03, 0x03, 0x00, 0x80, 0xC0, 0x03,
    0xFF, 0x80, 0x01, 0x02, 0x00, 0x81, 0xFE, 0x07, 0x02, 0x00, 0x81, 0xF8, 0x03, 0x02, 0x00, 0x80,
    0xFE, 0x0A, 0xFF, 0x80, 0x03, 0x03, 0x00, 0x80, 0xF0, 0x03, 0xFF, 0x80, 0x01, 0x02, 0x00, 0x81,
    0xFE, 0x03, 0x02, 0x00, 0x81, 0xF8, 0x03, 0x02, 0x00, 0x80, 0xFE, 0x0A, 0xFF, 0x80, 0x03, 0x03,
    0x00, 0x80, 0xF8, 0x03, 0xFF, 0x80, 0x01, 0x02, 0x00, 0x81, 0xFE, 0x03, 0x02, 0x00, 0x81, 0xF8,
    0x07, 0x02, 0x00, 0x80, 0xFC, 0x0A, 0xFF, 0x80, 0x03, 0x03, 0x00, 0x80, 0xFE, 0x03, 0xFF, 0x80,
    0x01, 0x02, 0x00, 0x81, 0xFE, 0x03, 0x02, 0x00, 0x81, 0xF8, 0x07, 0x02, 0x00, 0x80, 0xFC, 0x0A,
    0xFF, 0x80, 0x03, 0x02, 0x00, 0x80, 0x80, 0x04, 0xFF, 0x03, 0x00, 0x81, 0xFF, 0x03, 0x02, 0x00,
    0x81, 0xF0, 0x07, 0x02, 0x00, 0x80, 0xFC, 0x0A, 0xFF, 0x80, 0x03, 0x02, 0x00, 0x80, 0xE1, 0x04,
    0xFF, 0x03, 0x00, 0x81, 0xFF, 0x03, 0x02, 0x00, 0x81, 0xF0, 0x07, 0x02, 0x00, 0x80, 0xF8, 0x0A,
    0xFF, 0x82, 0x03, 0x00, 0xE0, 0x05, 0xFF, 0x03, 0x00, 0x81, 0xFF, 0x01, 0x02, 0x00, 0x81, 0xE0,
    0x07, 0x02, 0x00, 0x80, 0xF8, 0x0A, 0xFF, 0x82, 0x03, 0x00, 0xFC, 0x04, 0xFF, 0x80, 0x7F, 0x03,
    0x00, 0x81, 0xFF, 0x01, 0x02, 0x00, 0x81, 0xE0, 0x0F, 0x02, 0x00, 0x80, 0xF8, 0x0A, 0xFF, 0x81,
    0x03, 0x00, 0x05, 0xFF, 0x80, 0x7F, 0x02, 0x00, 0x82, 0x80, 0xFF, 0x01, 0x02, 0x00, 0x81, 0xE0,
    0x1F, 0x02, 0x00, 0x80, 0xF0, 0x0A, 0xFF, 0x81, 0x03, 0xF0, 0x05, 0xFF, 0x80, 0x7F, 0x02, 0x00,
    0x82, 0x80, 0xFF, 0x01, 0x02, 0x00, 0x81, 0xC0, 0x1F, 0x02, 0x00, 0x80, 0xF0, 0x0A, 0xFF, 0x81,
    0x03, 0xFE, 0x05, 0xFF, 0x80, 0x3F, 0x02, 0x00, 0x82, 0x80, 0xFF, 0x01, 0x02, 0x00, 0x81, 0xC0,
    0x1F, 0x02, 0x00, 0x80, 0xF0, 0x0A, 0xFF, 0x80, 0x03, 0x06, 0xFF, 0x80, 0x3F, 0x02, 0x00, 0x81,
    0x80, 0xFF, 0x03, 0x00, 0x81, 0xC0, 0x3F, 0x02, 0x00, 0x80, 0xE0, 0x0A, 0xFF, 0x80, 0x23, 0x06,
    0xFF, 0x80, 0x1F, 0x02, 0x00, 0x81, 0xC0, 0xFF, 0x03, 0x00, 0x81, 0xC0, 0x3F, 0x02, 0x00, 0x80,
    0xE0, 0x0A, 0xFF, 0x80, 0x33, 0x06, 0xFF, 0x80, 0x1F, 0x02, 0x00, 0x81, 0xC0, 0xFF, 0x03, 0x00,
    0x81, 0x80, 0x3F, 0x02, 0x00, 0x80, 0xC0, 0x0A, 0xFF, 0x81, 0x23, 0xFE, 0x05, 0xFF, 0x80, 0x0F,
    0x02, 0x00, 0x81, 0xC0, 0x7F, 0x03, 0x00, 0x81, 0x80, 0x7F, 0x02, 0x00, 0x80, 0xC0, 0x0A, 0xFF,
    0x81, 0x23, 0xFE, 0x05, 0xFF, 0x80, 0x0F, 0x02, 0x00, 0x81, 0xE0, 0x7F, 0x03, 0x00, 0x81, 0x80,
    0x7F, 0x02, 0x00, 0x80, 0x80, 0x02, 0xFF, 0x80, 0xFD, 0x07, 0xFF, 0x80, 0x23, 0x06, 0xFF, 0x80,
    0x0F, 0x02, 0x00, 0x81, 0xE0, 0x7F, 0x04, 0x00, 0x80, 0xFF, 0x02, 0x00, 0x80, 0x80, 0x02, 0xFF,
    0x80, 0xFC, 0x07, 0xFF, 0x80, 0xE3, 0x06, 0xFF, 0x80, 0x07, 0x02, 0x00, 0x81, 0xE0, 0x7F, 0x04,
    0x00, 0x80, 0xFF, 0x03, 0x00, 0x82, 0xFF, 0x7F, 0xF8, 0x07, 0xFF, 0x80, 0xF7, 0x06, 0xFF, 0x80,
    0x03, 0x02, 0x00, 0x81, 0xF0, 0x3F, 0x04, 0x00, 0x80, 0xFF, 0x03, 0x00, 0x82, 0xFF, 0x7F, 0xF0,
    0x0E, 0xFF, 0x80, 0x03, 0x02, 0x00, 0x81, 0xF0, 0x3F, 0x04, 0x00, 0x81, 0xFE, 0x01, 0x02, 0x00,
    0x82, 0xFF, 0x3F, 0xF0, 0x0E, 0xFF, 0x80, 0x01, 0x02, 0x00, 0x81, 0xF0, 0x3F, 0x04, 0x00, 0x81,
    0xFE, 0x01, 0x02, 0x00, 0x82, 0xFA, 0x1F, 0xE0, 0x0E, 0xFF, 0x80, 0x01, 0x02, 0x00, 0x81, 0xF8,
    0x1F, 0x04, 0x00, 0x81, 0xFE, 0x03, 0x02, 0x00, 0x82, 0xF0, 0x1F, 0xE0, 0x0E, 0xFF, 0x03, 0x00,
    0x81, 0xF8, 0x1F, 0x04, 0x00, 0x81, 0xFC, 0x03, 0x02, 0x00, 0x82, 0xF8, 0x0F, 0xC0, 0x0D, 0xFF,
    0x80, 0x7F, 0x03, 0x00, 0x81, 0xFC, 0x1F, 0x04, 0x00, 0x81, 0xFC, 0x07, 0x02, 0x00, 0x82, 0xF0,
    0x0F, 0x80, 0x0D, 0xFF, 0x80, 0x7F, 0x03, 0x00, 0x81, 0xFC, 0x0F, 0x04, 0x00, 0x81, 0xF8, 0x07,
    0x02, 0x00, 0x82, 0xF0, 0x07, 0x00, 0x0D, 0xFF, 0x80, 0x3F, 0x03, 0x00, 0x81, 0xFE, 0x0F, 0x04,
    0x00, 0x81, 0xF8, 0x07, 0x02, 0x00, 0x82, 0xE0, 0x03, 0x00, 0x0D, 0xFF, 0x80, 0x1F, 0x03, 0x00,
    0x81, 0xFE, 0x07, 0x04, 0x00, 0x81, 0xF8, 0x0F, 0x02, 0x00, 0x83, 0xE0, 0x03, 0x00, 0xFE, 0x0C,
    0xFF, 0x80, 0x1F, 0x03, 0x00, 0x81, 0xFF, 0x07, 0x04, 0x00, 0x81, 0xF0, 0x0F, 0x02, 0x00, 0x83,
    0xC0, 0x03, 0x00, 0xFC, 0x0C, 0xFF, 0x80, 0x0F, 0x03, 0x00, 0x81, 0xFF, 0x07, 0x04, 0x00, 0x81,
    0xF0, 0x1F, 0x02, 0x00, 0x83, 0x80, 0x01, 0x00, 0xF8, 0x0C, 0xFF, 0x80, 0x07, 0x03, 0x00, 0x81,
    0xFF, 0x03, 0x04, 0x00, 0x81, 0xE0, 0x1F, 0x03, 0x00, 0x82, 0x01, 0x00, 0xF0, 0x0C, 0xFF, 0x80,
    0x07, 0x02, 0x00, 0x82, 0x80, 0xFF, 0x03, 0x04, 0x00, 0x81, 0xE0, 0x3F, 0x03, 0x00, 0x82, 0x01,
    0x00, 0xE0, 0x0C, 0xFF, 0x80, 0x03, 0x02, 0x00, 0x82, 0x80, 0xFF, 0x01, 0x04, 0x00, 0x81, 0xC0,
    0x7F, 0x05, 0x00, 0x80, 0xC0, 0x0C, 0xFF, 0x80, 0x01, 0x02, 0x00, 0x82, 0xC0, 0xFF, 0x01, 0x04,
    0x00, 0x81, 0xC0, 0x7F, 0x05, 0x00, 0x80, 0x80, 0x0C, 0xFF, 0x03, 0x00, 0x81, 0xC0, 0xFF, 0x05,
    0x00, 0x81, 0x80, 0xFF, 0x06, 0x00, 0x0B, 0xFF, 0x80, 0x7F, 0x03, 0x00, 0x81, 0xE0, 0xFF, 0x05,
    0x00, 0x81, 0x80, 0xFF, 0x06, 0x00, 0x80, 0xFC, 0x0A, 0xFF, 0x80, 0x3F, 0x03, 0x00, 0x81, 0xF0,
    0xFF, 0x06, 0x00, 0x81, 0xFF, 0x01, 0x05, 0x00, 0x80, 0xF8, 0x0A, 0xFF, 0x80, 0x1F, 0x03, 0x00,
    0x81, 0xF0, 0x7F, 0x06, 0x00, 0x81, 0xFF, 0x01, 0x05, 0x00, 0x80, 0xF0, 0x0A, 0xFF, 0x80, 0x0F,
    0x03, 0x00, 0x81, 0xF8, 0x3F, 0x06, 0x00, 0x81, 0xFE, 0x03, 0x05, 0x00, 0x80, 0xE0, 0x0A, 0xFF,
    0x80, 0x07, 0x03, 0x00, 0x81, 0xF8, 0x3F, 0x06, 0x00, 0x81, 0xFC, 0x07, 0x05, 0x00, 0x80, 0x80,
    0x0A, 0xFF, 0x80, 0x03, 0x03, 0x00, 0x81, 0xFC, 0x1F, 0x06, 0x00, 0x81, 0xFC, 0x07, 0x06, 0x00,
    0x0A, 0xFF, 0x80, 0x01, 0x03, 0x00, 0x81, 0xFE, 0x1F, 0x06, 0x00, 0x81, 0xF8, 0x0F, 0x06, 0x00,
    0x80, 0xFC, 0x08, 0xFF, 0x80, 0x7F, 0x04, 0x00, 0x81, 0xFE, 0x0F, 0x06, 0x00, 0x81, 0xF8, 0x1F,
    0x06, 0x00, 0x80, 0xF0, 0x08, 0xFF, 0x80, 0x3F, 0x04, 0x00, 0x81, 0xFF, 0x0F, 0x06, 0x00, 0x81,
    0xF0, 0x3F, 0x06, 0x00, 0x80, 0xC0, 0x08, 0xFF, 0x80, 0x1F, 0x03, 0x00, 0x82, 0x80, 0xFF, 0x07,
    0x06, 0x00, 0x81, 0xE0, 0x3F, 0x06, 0x00, 0x80, 0x80, 0x08, 0xFF, 0x80, 0x07, 0x03, 0x00, 0x82,
    0x80, 0xFF, 0x03, 0x06, 0x00, 0x81, 0xC0, 0x7F, 0x07, 0x00, 0x80, 0xFE, 0x07, 0xFF, 0x80, 0x01,
    0x03, 0x00, 0x82, 0xC0, 0xFF, 0x03, 0x06, 0x00, 0x81, 0xC0, 0xFF, 0x07, 0x00, 0x80, 0xF0, 0x07,
    0xFF, 0x04, 0x00, 0x82, 0xE0, 0xFF, 0x01, 0x06, 0x00, 0x82, 0x80, 0xFF, 0x01, 0x06, 0x00, 0x80,
    0xC0, 0x06, 0xFF, 0x80, 0x3F, 0x04, 0x00, 0x81, 0xF0, 0xFF, 0x08, 0x00, 0x81, 0xFF, 0x03, 0x07,
    0x00, 0x06, 0xFF, 0x80, 0x0F, 0x04, 0x00, 0x81, 0xF0, 0xFF, 0x08, 0x00, 0x82, 0xFE, 0x03, 0x04,
    0x06, 0x00, 0x80, 0xF0, 0x05, 0xFF, 0x80, 0x01, 0x04, 0x00, 0x81, 0xF8, 0x7F, 0x08, 0x00, 0x82,
    0xFE, 0x07, 0x1E, 0x06, 0x00, 0x80, 0x80, 0x04, 0xFF, 0x80, 0x7F, 0x05, 0x00, 0x81, 0xFC, 0x3F,
    0x08, 0x00, 0x82, 0xFC, 0x0F, 0x3F, 0x07, 0x00, 0x80, 0xC0, 0x03, 0xFF, 0x80, 0x0F, 0x05, 0x00,
    0x81, 0xFE, 0x3F, 0x08, 0x00, 0x82, 0xF8, 0xBF, 0x7F, 0x08, 0x00, 0x80, 0xFE, 0x02, 0xFF, 0x06,
    0x00, 0x81, 0xFF, 0x1F, 0x08, 0x00, 0x80, 0xF0, 0x02, 0xFF, 0x08, 0x00, 0x82, 0xFE, 0xFF, 0x1F,
    0x05, 0x00, 0x82, 0x80, 0xFF, 0x0F, 0x08, 0x00, 0x80, 0xF0, 0x02, 0xFF, 0x80, 0x01, 0x07, 0x00,
    0x81, 0xFE, 0x7F, 0x06, 0x00, 0x82, 0x80, 0xFF, 0x07, 0x08, 0x00, 0x80, 0xE0, 0x02, 0xFF, 0x80,
    0x03, 0x0F, 0x00, 0x82, 0xC0, 0xFF, 0x03, 0x08, 0x00, 0x80, 0xC0, 0x02, 0xFF, 0x80, 0x07, 0x0F,
    0x00, 0x82, 0xE0, 0xFF, 0x01, 0x08, 0x00, 0x80, 0x80, 0x02, 0xFF, 0x80, 0x0F, 0x0F, 0x00, 0x82,
    0xF0, 0xFF, 0x01, 0x09, 0x00, 0x02, 0xFF, 0x80, 0x3F, 0x0F, 0x00, 0x81, 0xF8, 0x7F, 0x0A, 0x00,
    0x82, 0xFE, 0xFF, 0x7F, 0x0F, 0x00, 0x81, 0xFC, 0x7F, 0x0A, 0x00, 0x80, 0xFC, 0x02, 0xFF, 0x0F,
    0x00, 0x81, 0xFE, 0x3F, 0x0A, 0x00, 0x80, 0xF8, 0x02, 0xFF, 0x80, 0x01, 0x0D, 0x00, 0x82, 0x80,
    0xFF, 0x1F, 0x0A, 0x00, 0x80, 0xF0, 0x02, 0xFF, 0x80, 0x07, 0x0D, 0x00, 0x82, 0xC0, 0xFF, 0x0F,
    0x0A, 0x00, 0x80, 0xE0, 0x02, 0xFF, 0x80, 0x0F, 0x0D, 0x00, 0x82, 0xE0, 0xFF, 0x07, 0x0A, 0x00,
    0x80, 0xC0, 0x02, 0xFF, 0x80, 0x3F, 0x0D, 0x00, 0x82, 0xF0, 0xFF, 0x03, 0x0A, 0x00, 0x80, 0x80,
    0x02, 0xFF, 0x80, 0x7F, 0x0D, 0x00, 0x82, 0xFC, 0xFF, 0x01, 0x0B, 0x00, 0x03, 0xFF, 0x80, 0x01,
    0x0C, 0x00, 0x81, 0xFE, 0xFF, 0x0C, 0x00, 0x80, 0xFC, 0x02, 0xFF, 0x80, 0x07, 0x0B, 0x00, 0x82,
    0x80, 0xFF, 0x3F, 0x0C, 0x00, 0x80, 0xF8, 0x02, 0xFF, 0x80, 0x1F, 0x0B, 0x00, 0x82, 0xC0, 0xFF,
    0x1F, 0x0C, 0x00, 0x80, 0xF0, 0x02, 0xFF, 0x80, 0x7F, 0x0B, 0x00, 0x82, 0xF0, 0xFF, 0x0F, 0x0C,
    0x00, 0x80, 0xE0, 0x03, 0xFF, 0x80, 0x03, 0x0A, 0x00, 0x82, 0xFC, 0xFF, 0x07, 0x0C, 0x00, 0x80,
    0x80, 0x03, 0xFF, 0x80, 0x0F, 0x0A, 0x00, 0x02, 0xFF, 0x80, 0x03, 0x0D, 0x00, 0x03, 0xFF, 0x80,
    0x3F, 0x09, 0x00, 0x80, 0x80, 0x02, 0xFF, 0x0E, 0x00, 0x80, 0xFE, 0x03, 0xFF, 0x80, 0x03, 0x08,
    0x00, 0x82, 0xF0, 0xFF, 0x7F, 0x0E, 0x00, 0x80, 0xF8, 0x03, 0xFF, 0x80, 0x0F, 0x08, 0x00, 0x82,
    0xFC, 0xFF, 0x1F, 0x0E, 0x00, 0x80, 0xF0, 0x04, 0xFF, 0x80, 0x01, 0x07, 0x00, 0x02, 0xFF, 0x80,
    0x0F, 0x0E, 0x00, 0x80, 0xC0, 0x04, 0xFF, 0x80, 0x3F, 0x06, 0x00, 0x80, 0xE0, 0x02, 0xFF, 0x80,
    0x03, 0x0F, 0x00, 0x05, 0xFF, 0x81, 0x7F, 0x0D, 0x04, 0x00, 0x80, 0xFC, 0x02, 0xFF, 0x80, 0x01,
    0x0F, 0x00, 0x80, 0xFE, 0x05, 0xFF, 0x80, 0x0F, 0x03, 0x00, 0x80, 0x80, 0x02, 0xFF, 0x80, 0x7F,
    0x10, 0x00, 0x80, 0xF8, 0x05, 0xFF, 0x80, 0x0F, 0x03, 0x00, 0x80, 0xF0, 0x02, 0xFF, 0x80, 0x1F,
    0x10, 0x00, 0x80, 0xE0, 0x05, 0xFF, 0x80, 0x0F, 0x03, 0x00, 0x03, 0xFF, 0x80, 0x0F, 0x10, 0x00,
    0x80, 0x80, 0x05, 0xFF, 0x80, 0x0F, 0x02, 0x00, 0x80, 0xFC, 0x03, 0xFF, 0x80, 0x01, 0x11, 0x00,
    0x80, 0xFE, 0x02, 0xFF, 0x84, 0x1F, 0xFE, 0x3F, 0x00, 0xFC, 0x03, 0xFF, 0x80, 0x7F, 0x12, 0x00,
    0x80, 0xF8, 0x02, 0xFF, 0x80, 0x7F, 0x02, 0x00, 0x80, 0xFE, 0x04, 0xFF, 0x80, 0x1F, 0x12, 0x00,
    0x80, 0xE0, 0x03, 0xFF, 0x82, 0x1F, 0x00, 0xFE, 0x04, 0xFF, 0x80, 0x07, 0x12, 0x00, 0x80, 0x80,
    0x04, 0xFF, 0x80, 0x7F, 0x05, 0xFF, 0x14, 0x00, 0x80, 0xF8, 0x08, 0xFF, 0x80, 0x1F, 0x14, 0x00,
    0x80, 0xE0, 0x08, 0xFF, 0x80, 0x03, 0x15, 0x00, 0x80, 0xFE, 0x07, 0xFF, 0x16, 0x00, 0x80, 0xF0,
    0x06, 0xFF, 0x80, 0x0F, 0x17, 0x00, 0x80, 0xFE, 0x04, 0xFF, 0x80, 0x7F, 0x18, 0x00, 0x80, 0x80,
    0x04, 0xFF, 0x80, 0x03, 0x19, 0x00, 0x83, 0xE0, 0xFF, 0xFD, 0x03, 0x0C, 0x00, 0x80, 0x80, 0x0E,
    0x00, 0x80, 0xE0, 0x0E, 0x00, 0x80, 0xC0, 0x1D, 0x00, 0x80, 0xE0, 0x1D, 0x00, 0x80, 0xF0, 0x1D,
    0x00, 0x80, 0xF8, 0x1D, 0x00, 0x80, 0xFC, 0x1D, 0x00, 0x80, 0xFE, 0x1D, 0x00, 0x80, 0xFF, 0x1C,
    0x00, 0x81, 0x80, 0xFF, 0x1C, 0x00, 0x81, 0xC0, 0xFF, 0x1C, 0x00, 0x81, 0xE0, 0xFF, 0x02, 0xFD,
    0x06, 0x00, 0x00, 0x00, 0x00, 0x01, 0xFF, 0x64, 0x00, 0x05, 0xFA, 0xE8, 0x0F, 0x00, 0x7F, 0x00,
    0x7F, 0x00, 0x3B, 0x00, 0x82, 0xE0, 0xFF, 0x03, 0x1A, 0x00, 0x80, 0x80, 0x02, 0xFF, 0x80, 0x03,
    0x1A, 0x00, 0x80, 0xFE, 0x02, 0xFF, 0x80, 0x03, 0x19, 0x00, 0x80, 0xE0, 0x03, 0xFF, 0x80, 0x03,
    0x19, 0x00, 0x80, 0xFE, 0x03, 0xFF, 0x80, 0x03, 0x18, 0x00, 0x80, 0xC0, 0x04, 0xFF, 0x80, 0x03,
    0x18, 0x00, 0x80, 0xF8, 0x04, 0xFF, 0x80, 0x03, 0x18, 0x00, 0x05, 0xFF, 0x80, 0x03, 0x17, 0x00,
    0x80, 0xC0, 0x03, 0xFF, 0x80, 0x0F, 0x19, 0x00, 0x80, 0xF0, 0x02, 0xFF, 0x80, 0x1F, 0x1A, 0x00,
    0x80, 0xFC, 0x02, 0xFF, 0x1A, 0x00, 0x80, 0x80, 0x02, 0xFF, 0x80, 0x1F, 0x1A, 0x00, 0x80, 0xC0,
    0x02, 0xFF, 0x80, 0x01, 0x1A, 0x00, 0x82, 0xF8, 0xFF, 0x3F, 0x1B, 0x00, 0x82, 0xFC, 0xFF, 0x0F,
    0x1B, 0x00, 0x02, 0xFF, 0x80, 0x01, 0x1A, 0x00, 0x82, 0xC0, 0xFF, 0x7F, 0x1B, 0x00, 0x82, 0xE0,
    0xFF, 0x1F, 0x1B, 0x00, 0x82, 0xF8, 0xFF, 0x03, 0x1B, 0x00, 0x82, 0xFE, 0xFF, 0x01, 0x1B, 0x00,
    0x81, 0xFF, 0x7F, 0x1B, 0x00, 0x82, 0x80, 0xFF, 0x1F, 0x1B, 0x00, 0x82, 0xC0, 0xFF, 0x07, 0x1B,
    0x00, 0x82, 0xF0, 0xFF, 0x03, 0x1B, 0x00, 0x81, 0xF8, 0xFF, 0x1C, 0x00, 0x81, 0xFC, 0x3F, 0x1C,
    0x00, 0x81, 0xFE, 0x1F, 0x07, 0x00, 0x81, 0xFC, 0x0F, 0x12, 0x00, 0x82, 0x80, 0xFF, 0x07, 0x07,
    0x00, 0x82, 0xFC, 0xFF, 0x03, 0x11, 0x00, 0x82, 0xC0, 0xFF, 0x03, 0x07, 0x00, 0x82, 0xFC, 0xFF,
    0x7F, 0x11, 0x00, 0x82, 0xE0, 0xFF, 0x01, 0x07, 0x00, 0x80, 0xFC, 0x02, 0xFF, 0x80, 0x07, 0x04,
    0x00, 0x80, 0x08, 0x0B, 0x00, 0x81, 0xF0, 0xFF, 0x08, 0x00, 0x80, 0xFC, 0x02, 0xFF, 0x80, 0x3F,
    0x04, 0x00, 0x80, 0x1C, 0x0B, 0x00, 0x81, 0xF8, 0x3F, 0x08, 0x00, 0x80, 0xFC, 0x03, 0xFF, 0x80,
    0x01, 0x03, 0x00, 0x80, 0x7C, 0x0B, 0x00, 0x81, 0xFC, 0x1F, 0x08, 0x00, 0x80, 0xFC, 0x03, 0xFF,
    0x80, 0x07, 0x03, 0x00, 0x80, 0xFE, 0x0B, 0x00, 0x81, 0xFE, 0x0F, 0x08, 0x00, 0x80, 0xFC, 0x03,
    0xFF, 0x80, 0x3F, 0x03, 0x00, 0x81, 0xFF, 0x01, 0x0A, 0x00, 0x81, 0xFF, 0x07, 0x08, 0x00, 0x80,
    0xFC, 0x04, 0xFF, 0x02, 0x00, 0x82, 0x80, 0xFF, 0x03, 0x09, 0x00, 0x82, 0x80, 0xFF, 0x03, 0x08,
    0x00, 0x80, 0xFC, 0x04, 0xFF, 0x84, 0x03, 0x00, 0x80, 0xFF, 0x07, 0x09, 0x00, 0x82, 0xC0, 0xFF,
    0x01, 0x08, 0x00, 0x80, 0xFC, 0x04, 0xFF, 0x84, 0x0F, 0x00, 0xC0, 0xFF, 0x0F, 0x09, 0x00, 0x81,
    0xE0, 0xFF, 0x08, 0x00, 0x83, 0x80, 0x03, 0x00, 0xFC, 0x02, 0xFF, 0x84, 0x1F, 0x00, 0x80, 0xFF,
    0x3F, 0x09, 0x00, 0x81, 0xE0, 0x7F, 0x08, 0x00, 0x83, 0xFC, 0x03, 0x00, 0x80, 0x02, 0xFF, 0x80,
    0x7F, 0x02, 0x00, 0x81, 0xFF, 0x7F, 0x09, 0x00, 0x81, 0xF0, 0x3F, 0x07, 0x00, 0x82, 0xE0, 0xFF,
    0x03, 0x02, 0x00, 0x80, 0xFC, 0x02, 0xFF, 0x83, 0x01, 0x00, 0xFC, 0xFF, 0x09, 0x00, 0x81, 0xF8,
    0x1F, 0x07, 0x00, 0x82, 0xFC, 0xFF, 0x03, 0x02, 0x00, 0x80, 0xE0, 0x02, 0xFF, 0x84, 0x03, 0x00,
    0xF8, 0xFF, 0x01, 0x08, 0x00, 0x81, 0xFC, 0x0F, 0x06, 0x00, 0x80, 0x80, 0x02, 0xFF, 0x80, 0x03,
    0x02, 0x00, 0x80, 0x80, 0x02, 0xFF, 0x84, 0x0F, 0x00, 0xF0, 0xFF, 0x03, 0x08, 0x00, 0x81, 0xFE,
    0x07, 0x06, 0x00, 0x80, 0xF0, 0x02, 0xFF, 0x80, 0x03, 0x03, 0x00, 0x86, 0xFC, 0xFF, 0x1F, 0x00,
    0xE0, 0xFF, 0x07, 0x08, 0x00, 0x81, 0xFF, 0x03, 0x06, 0x00, 0x80, 0xFC, 0x02, 0xFF, 0x80, 0x03,
    0x03, 0x00, 0x86, 0xF0, 0xFF, 0x3F, 0x00, 0xC0, 0xFF, 0x0F, 0x08, 0x00, 0x81, 0xFF, 0x01, 0x05,
    0x00, 0x80, 0x80, 0x03, 0xFF, 0x80, 0x03, 0x03, 0x00, 0x80, 0xC0, 0x02, 0xFF, 0x83, 0x00, 0x80,
    0xFF, 0x0F, 0x07, 0x00, 0x82, 0x80, 0xFF, 0x01, 0x05, 0x00, 0x80, 0xC0, 0x03, 0xFF, 0x80, 0x03,
    0x03, 0x00, 0x80, 0x80, 0x02, 0xFF, 0x02, 0x00, 0x81, 0xFF, 0x1F, 0x07, 0x00, 0x81, 0xC0, 0xFF,
    0x06, 0x00, 0x80, 0xF0, 0x03, 0xFF, 0x80, 0x03, 0x04, 0x00, 0x85, 0xFE, 0xFF, 0x03, 0x00, 0xFE,
    0x3F, 0x07, 0x00, 0x81, 0xC0, 0x7F, 0x06, 0x00, 0x80, 0xFC, 0x03, 0xFF, 0x80, 0x03, 0x04, 0x00,
    0x85, 0xF8, 0xFF, 0x07, 0x00, 0xFC, 0x7F, 0x07, 0x00, 0x81, 0xE0, 0x3F, 0x06, 0x00, 0x80, 0xFE,
    0x03, 0xFF, 0x80, 0x03, 0x04, 0x00, 0x85, 0xF0, 0xFF, 0x0F, 0x00, 0xF8, 0xFF, 0x07, 0x00, 0x81,
    0xF0, 0x3F, 0x05, 0x00, 0x80, 0x80, 0x04, 0xFF, 0x80, 0x03, 0x04, 0x00, 0x85, 0xC0, 0xFF, 0x1F,
    0x00, 0xF8, 0xFF, 0x07, 0x00, 0x81, 0xF0, 0x1F, 0x05, 0x00, 0x80, 0xC0, 0x04, 0xFF, 0x80, 0x03,
    0x04, 0x00, 0x86, 0x80, 0xFF, 0x3F, 0x00, 0xF0, 0xFF, 0x01, 0x06, 0x00, 0x81, 0xF8, 0x0F, 0x05,
    0x00, 0x80, 0xE0, 0x04, 0xFF, 0x80, 0x03, 0x05, 0x00, 0x85, 0xFF, 0x7F, 0x00, 0xE0, 0xFF, 0x03,
    0x06, 0x00, 0x81, 0xF8, 0x0F, 0x05, 0x00, 0x80, 0xF8, 0x04, 0xFF, 0x80, 0x03, 0x05, 0x00, 0x85,
    0xFC, 0xFF, 0x00, 0xC0, 0xFF, 0x03, 0x06, 0x00, 0x81, 0xFC, 0x07, 0x05, 0x00, 0x80, 0xFC, 0x04,
    0xFF, 0x80, 0x03, 0x05, 0x00, 0x85, 0xF8, 0xFF, 0x01, 0xC0, 0xFF, 0x07, 0x06, 0x00, 0x81, 0xFE,
    0x03, 0x05, 0x00, 0x80, 0xFE, 0x04, 0xFF, 0x80, 0x01, 0x05, 0x00, 0x85, 0xF0, 0xFF, 0x03, 0x80,
    0xFF, 0x0F, 0x06, 0x00, 0x81, 0xFE, 0x01, 0x05, 0x00, 0x05, 0xFF, 0x80, 0x03, 0x05, 0x00, 0x85,
    0xE0, 0xFF, 0x07, 0x00, 0xFF, 0x1F, 0x06, 0x00, 0x81, 0xFF, 0x01, 0x04, 0x00, 0x80, 0x80, 0x04,
    0xFF, 0x81, 0xF3, 0x03, 0x05, 0x00, 0x85, 0xC0, 0xFF, 0x0F, 0x00, 0xFE, 0x1F, 0x06, 0x00, 0x80,
    0xFF, 0x05, 0x00, 0x80, 0xC0, 0x04, 0xFF, 0x81, 0xF1, 0x03, 0x05, 0x00, 0x85, 0x80, 0xFF, 0x0F,
    0x00, 0xFE, 0x3F, 0x05, 0x00, 0x81, 0x80, 0xFF, 0x05, 0x00, 0x80, 0xE0, 0x03, 0xFF, 0x82, 0x7F,
    0xF0, 0x03, 0x06, 0x00, 0x84, 0xFF, 0x1F, 0x00, 0xFC, 0x3F, 0x05, 0x00, 0x81, 0xC0, 0x7F, 0x05,
    0x00, 0x80, 0xF0, 0x03, 0xFF, 0x82, 0x1F, 0xF0, 0x01, 0x06, 0x00, 0x84, 0xFE, 0x3F, 0x00, 0xF8,
    0x7F, 0x05, 0x00, 0x81, 0xC0, 0x7F, 0x05, 0x00, 0x80, 0xF8, 0x03, 0xFF, 0x82, 0x07, 0xF0, 0x03,
    0x06, 0x00, 0x84, 0xFC, 0x7F, 0x00, 0xF8, 0x7F, 0x05, 0x00, 0x81, 0xE0, 0x3F, 0x05, 0x00, 0x80,
    0xFC, 0x03, 0xFF, 0x82, 0x00, 0xF0, 0x01, 0x06, 0x00, 0x84, 0xF8, 0x7F, 0x00, 0xF0, 0xFF, 0x05,
    0x00, 0x81, 0xE0, 0x3F, 0x05, 0x00, 0x80, 0xFE, 0x02, 0xFF, 0x83, 0x1E, 0x00, 0xF0, 0x01, 0x06,
    0x00, 0x84, 0xF0, 0xFF, 0x00, 0xF0, 0xFF, 0x05, 0x00, 0x81, 0xE0, 0x1F, 0x05, 0x00, 0x02, 0xFF,
    0x80, 0x7F, 0x02, 0x00, 0x81, 0xE0, 0x01, 0x06, 0x00, 0x85, 0xE0, 0xFF, 0x01, 0xE0, 0xFF, 0x01,
    0x04, 0x00, 0x81, 0xF0, 0x0F, 0x05, 0x00, 0x82, 0xFF, 0xE7, 0x0F, 0x02, 0x00, 0x81, 0xE0, 0x03,
    0x06, 0x00, 0x85, 0xC0, 0xFF, 0x03, 0xC0, 0xFF, 0x01, 0x04, 0x00, 0x81, 0xF0, 0x0F, 0x04, 0x00,
    0x83, 0x80, 0xFF, 0xE7, 0x07, 0x02, 0x00, 0x81, 0xE0, 0x01, 0x06, 0x00, 0x85, 0xC0, 0xFF, 0x03,
    0xC0, 0xFF, 0x03, 0x04, 0x00, 0x81, 0xF8, 0x07, 0x04, 0x00, 0x82, 0xC0, 0xFF, 0xE3, 0x03, 0x00,
    0x81, 0xE0, 0x03, 0x06, 0x00, 0x85, 0x80, 0xFF, 0x07, 0x80, 0xFF, 0x03, 0x04, 0x00, 0x81, 0xF8,
    0x07, 0x04, 0x00, 0x82, 0xC0, 0xFF, 0x01, 0x03, 0x00, 0x81, 0xE0, 0x01, 0x07, 0x00, 0x84, 0xFF,
    0x07, 0x80, 0xFF, 0x07, 0x04, 0x00, 0x81, 0xFC, 0x07, 0x04, 0x00, 0x82, 0xE0, 0xFF, 0x01, 0x03,
    0x00, 0x81, 0xE0, 0x03, 0x07, 0x00, 0x84, 0xFF, 0x0F, 0x00, 0xFF, 0x07, 0x04, 0x00, 0x81, 0xFC,
    0x03, 0x04, 0x00, 0x82, 0xF0, 0xFF, 0x01, 0x03, 0x00, 0x81, 0xE0, 0x01, 0x07, 0x00, 0x84, 0xFE,
    0x1F, 0x00, 0xFF, 0x0F, 0x04, 0x00, 0x81, 0xFE, 0x07, 0x04, 0x00, 0x81, 0xF0, 0xFF, 0x04, 0x00,
    0x81, 0xE0, 0x03, 0x07, 0x00, 0x84, 0xFC, 0x1F, 0x00, 0xFE, 0x0F, 0x04, 0x00, 0x81, 0xFE, 0x1F,
    0x04, 0x00, 0x81, 0xF8, 0xFF, 0x04, 0x00, 0x81, 0xC0, 0x01, 0x07, 0x00, 0x84, 0xFC, 0x3F, 0x00,
    0xFE, 0x1F, 0x03, 0x00, 0x82, 0x90, 0xFF, 0x1F, 0x04, 0x00, 0x81, 0xFC, 0xFF, 0x04, 0x00, 0x81,
    0xC0, 0x03, 0x07, 0x00, 0x84, 0xF8, 0x3F, 0x00, 0xFE, 0x1F, 0x03, 0x00, 0x82, 0xF0, 0xFF, 0x1F,
    0x04, 0x00, 0x81, 0xFC, 0x7F, 0x04, 0x00, 0x81, 0xC0, 0x01, 0x07, 0x00, 0x84, 0xF8, 0x7F, 0x00,
    0xFC, 0x1F, 0x03, 0x00, 0x82, 0xF8, 0xFF, 0x0F, 0x04, 0x00, 0x81, 0xFE, 0x7F, 0x04, 0x00, 0x81,
    0xD4, 0x01, 0x07, 0x00, 0x84, 0xF0, 0x7F, 0x00, 0xFC, 0x3F, 0x03, 0x00, 0x82, 0xF8, 0xFF, 0x0F,
    0x04, 0x00, 0x81, 0xFE, 0x3F, 0x04, 0x00, 0x81, 0xEA, 0x03, 0x07, 0x00, 0x84, 0xF0, 0x7F, 0x00,
    0xF8, 0x3F, 0x03, 0x00, 0x82, 0xF8, 0xFF, 0x07, 0x04, 0x00, 0x81, 0xFF, 0x3F, 0x04, 0x00, 0x81,
    0xD2, 0x01, 0x07, 0x00, 0x84, 0xE0, 0xFF, 0x00, 0xF8, 0x3F, 0x03, 0x00, 0x82, 0xFC, 0xFF, 0x07,
    0x04, 0x00, 0x81, 0xFF, 0x3F, 0x04, 0x00, 0x81, 0xE0, 0x01, 0x07, 0x00, 0x84, 0xC0, 0xFF, 0x00,
    0xF8, 0x7F, 0x03, 0x00, 0x82, 0xFC, 0xFF, 0x07, 0x03, 0x00, 0x82, 0x80, 0xFF, 0x1F, 0x04, 0x00,
    0x81, 0xFD, 0x01, 0x07, 0x00, 0x84, 0xC0, 0xFF, 0x01, 0xF0, 0x7F, 0x03, 0x00, 0x82, 0xFC, 0xFF,
    0x03, 0x03, 0x00, 0x82, 0x80, 0xFF, 0x1F, 0x04, 0x00, 0x81, 0xFF, 0x01, 0x07, 0x00, 0x84, 0x80,
    0xFF, 0x01, 0xF0, 0x7F, 0x03, 0x00, 0x82, 0xFE, 0xFF, 0x03, 0x03, 0x00, 0x82, 0xC0, 0xFF, 0x1F,
    0x04, 0x00, 0x81, 0xFE, 0x01, 0x07, 0x00, 0x84, 0x80, 0xFF, 0x01, 0xE0, 0xFF, 0x03, 0x00, 0x82,
    0xFE, 0xFF, 0x03, 0x03, 0x00, 0x82, 0xC0, 0xFF, 0x1F, 0x04, 0x00, 0x81, 0xFE, 0x01, 0x07, 0x00,
    0x84, 0x80, 0xFF, 0x03, 0xE0, 0xFF, 0x03, 0x00, 0x82, 0xFE, 0xFF, 0x01, 0x03, 0x00, 0x82, 0xC0,
    0xFF, 0x0F, 0x04, 0x00, 0x81, 0xFC, 0x01, 0x08, 0x00, 0x83, 0xFF, 0x03, 0xE0, 0xFF, 0x03, 0x00,
    0x82, 0xFE, 0xFF, 0x01, 0x03, 0x00, 0x82, 0xE0, 0xFF, 0x0F, 0x04, 0x00, 0x81, 0xF8, 0x01, 0x08,
    0x00, 0x83, 0xFF, 0x03, 0xE0, 0xFF, 0x03, 0x00, 0x02, 0xFF, 0x80, 0x01, 0x03, 0x00, 0x82, 0xE0,
    0xFF, 0x0F, 0x04, 0x00, 0x81, 0xF8, 0x01, 0x08, 0x00, 0x84, 0xFF, 0x07, 0xC0, 0xFF, 0x01, 0x02,
    0x00, 0x02, 0xFF, 0x04, 0x00, 0x82, 0xF0, 0xFF, 0x0F, 0x04, 0x00, 0x81, 0xF0, 0x01, 0x08, 0x00,
    0x84, 0xFE, 0x07, 0xC0, 0xFF, 0x01, 0x02, 0x00, 0x02, 0xFF, 0x04, 0x00, 0x82, 0xF0, 0xFF, 0x0F,
    0x04, 0x00, 0x81, 0xF0, 0x01, 0x08, 0x00, 0x84, 0xFE, 0x07, 0xC0, 0xFF, 0x01, 0x02, 0x00, 0x02,
    0xFF, 0x04, 0x00, 0x82, 0xF0, 0xFF, 0x07, 0x04, 0x00, 0x81, 0xA0, 0x01, 0x08, 0x00, 0x86, 0xFE,
    0x0F, 0x80, 0xFF, 0x03, 0x00, 0x80, 0x02, 0xFF, 0x04, 0x00, 0x82, 0xF0, 0xFF, 0x07, 0x0B, 0x00,
    0x80, 0xC0, 0x02, 0x00, 0x88, 0xFC, 0x0F, 0x80, 0xFF, 0x03, 0x00, 0x80, 0xFF, 0x7F, 0x04, 0x00,
    0x82, 0xF8, 0xFF, 0x07, 0x0B, 0x00, 0x8B, 0xF0, 0x01, 0x00, 0xFC, 0x0F, 0x80, 0xFF, 0x03, 0x00,
    0x80, 0xFF, 0x7F, 0x04, 0x00, 0x82, 0xF8, 0xFF, 0x07, 0x0B, 0x00, 0x8B, 0xF8, 0x03, 0x00, 0xFC,
    0x0F, 0x80, 0xFF, 0x03, 0x00, 0x80, 0xFF, 0x7F, 0x04, 0x00, 0x82, 0xF8, 0xFF, 0x07, 0x0B, 0x00,
    0x8B, 0xF8, 0x03, 0x00, 0xFC, 0x0F, 0x00, 0xFF, 0x07, 0x00, 0x80, 0xFF, 0x7F, 0x04, 0x00, 0x82,
    0xF8, 0xFF, 0x07, 0x0B, 0x00, 0x8B, 0xF8, 0x03, 0x00, 0xF8, 0x1F, 0x00, 0xFF, 0x07, 0x00, 0x80,
    0xFF, 0x7F, 0x04, 0x00, 0x82, 0xF8, 0xFF, 0x07, 0x0B, 0x00, 0x8B, 0xF8, 0x03, 0x00, 0xF8, 0x1F,
    0x00, 0xFF, 0x07, 0x00, 0xC0, 0xFF, 0x3F, 0x04, 0x00, 0x82, 0xFC, 0xFF, 0x07, 0x0B, 0x00, 0x8B,
    0xF0, 0x01, 0x00, 0xF8, 0x1F, 0x00, 0xFF, 0x07, 0x00, 0xC0, 0xFF, 0x3F, 0x04, 0x00, 0x82, 0xFC,
    0xFF, 0x07, 0x0E, 0x00, 0x88, 0xF8, 0x1F, 0x00, 0xFF, 0x07, 0x00, 0xC0, 0xFF, 0x3F, 0x04, 0x00,
    0x82, 0xFC, 0xFF, 0x07, 0x0E, 0x00, 0x88, 0xF0, 0x1F, 0x00, 0xFE, 0x07, 0x00, 0xC0, 0xFF, 0x3F,
    0x04, 0x00, 0x82, 0xFC, 0xFF, 0x07, 0x0E, 0x00, 0x88, 0xF0, 0x1F, 0x00, 0xFE, 0x07, 0x00, 0xC0,
    0xFF, 0x3F, 0x04, 0x00, 0x82, 0xFC, 0xFF, 0x07, 0x03, 0x00, 0x82, 0xE0, 0x00, 0x70, 0x03, 0x00,
    0x80, 0x38, 0x04, 0x00, 0x88, 0xF0, 0x3F, 0x00, 0xFE, 0x0F, 0x00, 0xC0, 0xFF, 0x3F, 0x04, 0x00,
    0x80, 0xFC, 0x02, 0xFF, 0x89, 0x07, 0x00, 0x3F, 0xF8, 0x07, 0xFC, 0x03, 0xC0, 0x0F, 0xFF, 0x04,
    0x00, 0x88, 0xF0, 0x3F, 0x00, 0xFE, 0x0F, 0x00, 0xC0, 0xFF, 0x3F, 0x04, 0x00, 0x80, 0xFE, 0x02,
    0xFF, 0x96, 0x1F, 0x00, 0x7F, 0xFE, 0x0F, 0xFE, 0x07, 0xE0, 0x8F, 0xFF, 0x03, 0xF8, 0x03, 0x00,
    0xF0, 0x3F, 0x00, 0xFE, 0x07, 0x00, 0xC0, 0xFF, 0x3F, 0x04, 0x00, 0x80, 0xFE, 0x02, 0xFF, 0x96,
    0x3F, 0x00, 0x7F, 0xFF, 0x9F, 0xFF, 0x0F, 0xE0, 0xCF, 0xFF, 0x07, 0xF8, 0x03, 0x00, 0xF0, 0x3F,
    0x00, 0xFE, 0x07, 0x00, 0xE0, 0xFF, 0x3F, 0x04, 0x00, 0x80, 0xFE, 0x02, 0xFF, 0x81, 0x7F, 0x00,
    0x02, 0xFF, 0x83, 0xBF, 0xFF, 0x1F, 0xE0, 0x02, 0xFF, 0x8C, 0x07, 0xF8, 0x03, 0x00, 0xE0, 0x3F,
    0x00, 0xFE, 0x0F, 0x00, 0xE0, 0xFF, 0x1F, 0x04, 0x00, 0x80, 0xFE, 0x03, 0xFF, 0x80, 0x00, 0x04,
    0xFF, 0x81, 0x1F, 0xE0, 0x02, 0xFF, 0x8C, 0x0F, 0xF8, 0x03, 0x00, 0xE0, 0x3F, 0x00, 0xFE, 0x0F,
    0x00, 0xE0, 0xFF, 0x1F, 0x04, 0x00, 0x84, 0xFE, 0xFF, 0xDF, 0xFF, 0x00, 0x04, 0xFF, 0x81, 0x3F,
    0xE0, 0x02, 0xFF, 0x8C, 0x0F, 0xF8, 0x03, 0x00, 0xE0, 0x3F, 0x00, 0xFC, 0x0F, 0x00, 0xE0, 0xFF,
    0x1F, 0x04, 0x00, 0x99, 0xFE, 0xFF, 0x0F, 0xFF, 0x01, 0xFF, 0x83, 0xFF, 0xC1, 0x3F, 0xE0, 0x7F,
    0xF0, 0x0F, 0xF8, 0x03, 0x00, 0xE0, 0x3F, 0x00, 0xF0, 0x0F, 0x00, 0xE0, 0xFF, 0x1F, 0x04, 0x00,
    0x99, 0xFE, 0xFF, 0x0F, 0xFE, 0x01, 0xFF, 0x81, 0xFF, 0x80, 0x3F, 0xE0, 0x3F, 0xE0, 0x0F, 0xF8,
    0x03, 0x00, 0xE0, 0x3F, 0x00, 0xE0, 0x07, 0x00, 0xE0, 0xFF, 0x1F, 0x04, 0x00, 0x92, 0xFE, 0xFF,
    0x0F, 0xFC, 0x01, 0xFF, 0x80, 0x7F, 0x80, 0x3F, 0xE0, 0x1F, 0xE0, 0x0F, 0xF8, 0x03, 0x00, 0xE0,
    0x3F, 0x02, 0x00, 0x84, 0x01, 0x00, 0xE0, 0xFF, 0x1F, 0x04, 0x00, 0x92, 0xFE, 0xFF, 0x0F, 0xFC,
    0x03, 0xFF, 0x80, 0x7F, 0x80, 0x3F, 0xE0, 0x1F, 0xE0, 0x0F, 0xF8, 0x03, 0x00, 0xE0, 0x3F, 0x04,
    0x00, 0x82, 0xE0, 0xFF, 0x1F, 0x04, 0x00, 0x92, 0xFE, 0xFF, 0x0F, 0xF8, 0x03, 0x7F, 0x00, 0x7F,
    0x80, 0x7F, 0xE0, 0x1F, 0xE0, 0x0F, 0xF8, 0x03, 0x00, 0xE0, 0x3F, 0x04, 0x00, 0x82, 0xE0, 0xFF,
    0x1F, 0x04, 0x00, 0x92, 0xFE, 0xFF, 0x1F, 0xF8, 0x03, 0x7F, 0x00, 0x7F, 0x80, 0x7F, 0xE0, 0x1F,
    0xE0, 0x1F, 0xF8, 0x03, 0x00, 0xE0, 0x3F, 0x04, 0x00, 0x82, 0xE0, 0xFF, 0x1F, 0x04, 0x00, 0x92,
    0xFE, 0xFF, 0x1F, 0xF8, 0x03, 0x7F, 0x00, 0x7F, 0x80, 0x3F, 0xE0, 0x1F, 0xE0, 0x0F, 0xF8, 0x03,
    0x00, 0xE0, 0x3F, 0x04, 0x00, 0x82, 0xE0, 0xFF, 0x1F, 0x04, 0x00, 0x92, 0xFE, 0xFF, 0x1F, 0xF8,
    0x03, 0x7F, 0x00, 0x7F, 0x80, 0x3F, 0xE0, 0x0F, 0xE0, 0x0F, 0xF8, 0x03, 0x00, 0xE0, 0x3F, 0x04,
    0x00, 0x82, 0xE0, 0xFF, 0x1F, 0x04, 0x00, 0x92, 0xFE, 0xFF, 0x3F, 0xF8, 0x03, 0x7F, 0x00, 0x7F,
    0x80, 0x7F, 0xE0, 0x1F, 0xE0, 0x0F, 0xF8, 0x03, 0x00, 0xE0, 0x3F, 0x04, 0x00, 0x82, 0xE0, 0xFF,
    0x1F, 0x04, 0x00, 0x92, 0xFE, 0xFF, 0x3F, 0xF8, 0x03, 0x7F, 0x00, 0x7F, 0x80, 0x3F, 0xE0, 0x0F,
    0xE0, 0x1F, 0xF8, 0x03, 0x00, 0xE0, 0x3F, 0x04, 0x00, 0x82, 0xE0, 0xFF, 0x3F, 0x04, 0x00, 0x92,
    0xFC, 0xFF, 0x3F, 0xFC, 0x03, 0x7F, 0x00, 0x7F, 0x80, 0x7F, 0xE0, 0x0F, 0xE0, 0x0F, 0xF8, 0x03,
    0x00, 0xE0, 0x3F, 0x04, 0x00, 0x82, 0x60, 0xFC, 0x3F, 0x04, 0x00, 0x92, 0xFC, 0xFF, 0x7F, 0xFC,
    0x03, 0x7F, 0x00, 0x7F, 0x80, 0x3F, 0xE0, 0x0F, 0xE0, 0x1F, 0xF8, 0x03, 0x00, 0xF0, 0x3F, 0x05,
    0x00, 0x81, 0xFC, 0x3F, 0x04, 0x00, 0x92, 0xFC, 0xFF, 0x7F, 0xFC, 0x01, 0x7F, 0x00, 0x7F, 0x80,
    0x3F, 0xE0, 0x0F, 0xE0, 0x0F, 0xF8, 0x03, 0x00, 0xF0, 0x3F, 0x05, 0x00, 0x81, 0xFC, 0x3F, 0x04,
    0x00, 0x92, 0xFC, 0xFF, 0x7F, 0xFF, 0x01, 0x7F, 0x00, 0x7F, 0x80, 0x3F, 0xE0, 0x0F, 0xE0, 0x1F,
    0xF8, 0x03, 0x00, 0xF0, 0x3F, 0x05, 0x00, 0x81, 0xF8, 0x3F, 0x04, 0x00, 0x80, 0xFC, 0x03, 0xFF,
    0x8E, 0x00, 0x7F, 0x00, 0x7F, 0x80, 0x3F, 0xE0, 0x0F, 0xE0, 0x0F, 0xF8, 0x03, 0x00, 0xF0, 0x3F,
    0x05, 0x00, 0x81, 0xF8, 0x3F, 0x04, 0x00, 0x80, 0xFC, 0x03, 0xFF, 0x8E, 0x00, 0x7F, 0x00, 0x7F,
    0x80, 0x3F, 0xE0, 0x0F, 0xC0, 0x0F, 0xF8, 0x03, 0x00, 0xF0, 0x3F, 0x05, 0x00, 0x81, 0xF8, 0x3F,
    0x04, 0x00, 0x80, 0xFC, 0x02, 0xFF, 0x8F, 0x7F, 0x00, 0x7F, 0x00, 0x7F, 0x80, 0x3F, 0xC0, 0x0F,
    0xE0, 0x0F, 0xF8, 0x03, 0x00, 0xF0, 0x3F, 0x05, 0x00, 0x81, 0xF8, 0x3F, 0x04, 0x00, 0x80, 0xFC,
    0x02, 0xFF, 0x8F, 0x3F, 0x00, 0x7F, 0x00, 0x7F, 0x80, 0x3F, 0xE0, 0x0F, 0xE0, 0x0F, 0xF8, 0x03,
    0x00, 0xF0, 0x1F, 0x05, 0x00, 0x81, 0xF8, 0x3F, 0x04, 0x00, 0x80, 0xFC, 0x02, 0xFF, 0x8F, 0x1F,
    0x00, 0x7F, 0x00, 0x7F, 0x80, 0x3F, 0xC0, 0x0F, 0xC0, 0x0F, 0xF8, 0x03, 0x00, 0xF0, 0x1F, 0x05,
    0x00, 0x81, 0xF8, 0x7F, 0x04, 0x00, 0x80, 0xF8, 0x02, 0xFF, 0x8F, 0x07, 0x00, 0x7F, 0x00, 0x7F,
    0x80, 0x3F, 0xC0, 0x0F, 0xC0, 0x0F, 0xF8, 0x03, 0x00, 0xF8, 0x1F, 0x05, 0x00, 0x81, 0xF8, 0x7F,
    0x04, 0x00, 0x83, 0xF8, 0xFF, 0xF8, 0x01, 0x0D, 0x00, 0x81, 0xF8, 0x1F, 0x05, 0x00, 0x81, 0xF8,
    0x7F, 0x04, 0x00, 0x83, 0xF8, 0xFF, 0x83, 0x02, 0x0D, 0x00, 0x81, 0xF8, 0x0F, 0x05, 0x00, 0x81,
    0xF0, 0x7F, 0x04, 0x00, 0x80, 0xF8, 0x02, 0xFF, 0x80, 0x07, 0x0D, 0x00, 0x81, 0xF8, 0x0F, 0x05,
    0x00, 0x81, 0xF0, 0x7F, 0x04, 0x00, 0x80, 0xF0, 0x02, 0xFF, 0x80, 0x0F, 0x0D, 0x00, 0x81, 0xFC,
    0x0F, 0x05, 0x00, 0x81, 0xF0, 0x7F, 0x04, 0x00, 0x80, 0xE0, 0x02, 0xFF, 0x80, 0x0F, 0x0D, 0x00,
    0x81, 0xFC, 0x0F, 0x05, 0x00, 0x81, 0xF0, 0xFF, 0x04, 0x00, 0x80, 0xE0, 0x02, 0xFF, 0x80, 0x1F,
    0x0D, 0x00, 0x81, 0xFC, 0x0F, 0x05, 0x00, 0x81, 0xF0, 0xFF, 0x04, 0x00, 0x80, 0xE0, 0x02, 0xFF,
    0x80, 0x1F, 0x0D, 0x00, 0x81, 0xFE, 0x07, 0x05, 0x00, 0x81, 0xE0, 0xFF, 0x04, 0x00, 0x80, 0xE0,
    0x02, 0xFF, 0x80, 0x3F, 0x0D, 0x00, 0x81, 0xFE, 0x07, 0x05, 0x00, 0x82, 0xE0, 0xFF, 0x01, 0x03,
    0x00, 0x80, 0xE0, 0x02, 0xFF, 0x80, 0x7F, 0x0D, 0x00, 0x81, 0xFE, 0x07, 0x05, 0x00, 0x82, 0xE0,
    0xFF, 0x01, 0x03, 0x00, 0x80, 0xC0, 0x02, 0xFF, 0x80, 0x7F, 0x0D, 0x00, 0x81, 0xFE, 0x07, 0x05,
    0x00, 0x82, 0xE0, 0xFF, 0x01, 0x03, 0x00, 0x80, 0xC0, 0x03, 0xFF, 0x0D, 0x00, 0x81, 0xFF, 0x03,
    0x05, 0x00, 0x82, 0xC0, 0xFF, 0x01, 0x03, 0x00, 0x80, 0xC0, 0x03, 0xFF, 0x0D, 0x00, 0x81, 0xFF,
    0x03, 0x05, 0x00, 0x82, 0xC0, 0xFF, 0x01, 0x03, 0x00, 0x80, 0x80, 0x03, 0xFF, 0x80, 0x01, 0x0B,
    0x00, 0x82, 0x80, 0xFF, 0x03, 0x05, 0x00, 0x82, 0xC0, 0xFF, 0x03, 0x03, 0x00, 0x80, 0x80, 0x03,
    0xFF, 0x80, 0x03, 0x0B, 0x00, 0x82, 0x80, 0xFF, 0x01, 0x05, 0x00, 0x82, 0xC0, 0xFF, 0x03, 0x04,
    0x00, 0x03, 0xFF, 0x80, 0x07, 0x0B, 0x00, 0x82, 0x80, 0xFF, 0x01, 0x05, 0x00, 0x82, 0x80, 0xFF,
    0x03, 0x04, 0x00, 0x03, 0xFF, 0x80, 0x0F, 0x0B, 0x00, 0x81, 0xC0, 0xFF, 0x06, 0x00, 0x82, 0x80,
    0xFF, 0x07, 0x04, 0x00, 0x80, 0xFE, 0x02, 0xFF, 0x80, 0x0F, 0x0B, 0x00, 0x81, 0xC0, 0xFF, 0x06,
    0x00, 0x82, 0x80, 0xFF, 0x07, 0x04, 0x00, 0x80, 0xFE, 0x02, 0xFF, 0x80, 0x3F, 0x0B, 0x00, 0x81,
    0xE0, 0x7F, 0x07, 0x00, 0x81, 0xFF, 0x07, 0x04, 0x00, 0x80, 0xFC, 0x02, 0xFF, 0x80, 0x7F, 0x0B,
    0x00, 0x83, 0xE0, 0x7F, 0x00, 0x0C, 0x05, 0x00, 0x81, 0xFF, 0x0F, 0x04, 0x00, 0x80, 0xFC, 0x03,
    0xFF, 0x0B, 0x00, 0x83, 0xF0, 0x7F, 0x00, 0x0C, 0x05, 0x00, 0x81, 0xFF, 0x0F, 0x04, 0x00, 0x80,
    0xF8, 0x03, 0xFF, 0x80, 0x01, 0x0A, 0x00, 0x83, 0xF0, 0x3F, 0x00, 0x0E, 0x05, 0x00, 0x81, 0xFE,
    0x1F, 0x04, 0x00, 0x80, 0xF8, 0x03, 0xFF, 0x80, 0x03, 0x0A, 0x00, 0x83, 0xF8, 0x3F, 0x00, 0x0E,
    0x05, 0x00, 0x81, 0xFE, 0x1F, 0x04, 0x00, 0x80, 0xF0, 0x03, 0xFF, 0x80, 0x07, 0x0A, 0x00, 0x83,
    0xFC, 0x1F, 0x00, 0x0F, 0x05, 0x00, 0x81, 0xFC, 0x1F, 0x04, 0x00, 0x80, 0xE0, 0x03, 0xFF, 0x80,
    0x0F, 0x0A, 0x00, 0x83, 0xFC, 0x1F, 0x00, 0x07, 0x05, 0x00, 0x81, 0xFC, 0x3F, 0x04, 0x00, 0x80,
    0xC0, 0x03, 0xFF, 0x80, 0x0F, 0x0A, 0x00, 0x83, 0xFE, 0x0F, 0x80, 0x07, 0x05, 0x00, 0x81, 0xFC,
    0x3F, 0x04, 0x00, 0x80, 0xC0, 0x03, 0xFF, 0x80, 0x03, 0x0A, 0x00, 0x83, 0xFF, 0x0F, 0x80, 0x03,
    0x05, 0x00, 0x81, 0xF8, 0x7F, 0x04, 0x00, 0x80, 0x80, 0x03, 0xFF, 0x80, 0x03, 0x0A, 0x00, 0x83,
    0xFF, 0x07, 0xC0, 0x03, 0x05, 0x00, 0x81, 0xF8, 0x7F, 0x05, 0x00, 0x03, 0xFF, 0x80, 0x03, 0x09,
    0x00, 0x84, 0x80, 0xFF, 0x07, 0xC0, 0x01, 0x05, 0x00, 0x81, 0xF0, 0xFF, 0x05, 0x00, 0x03, 0xFF,
    0x80, 0x03, 0x09, 0x00, 0x84, 0xC0, 0xFF, 0x03, 0xE0, 0x01, 0x05, 0x00, 0x81, 0xF0, 0xFF, 0x05,
    0x00, 0x80, 0xFE, 0x02, 0xFF, 0x80, 0x07, 0x09, 0x00, 0x83, 0xC0, 0xFF, 0x01, 0xE0, 0x06, 0x00,
    0x82, 0xE0, 0xFF, 0x01, 0x04, 0x00, 0x80, 0xFC, 0x02, 0xFF, 0x80, 0x0F, 0x09, 0x00, 0x83, 0xE0,
    0xFF, 0x01, 0xF0, 0x06, 0x00, 0x82, 0xE0, 0xFF, 0x01, 0x04, 0x00, 0x80, 0xF8, 0x02, 0xFF, 0x80,
    0x3F, 0x09, 0x00, 0x83, 0xF0, 0xFF, 0x00, 0x70, 0x06, 0x00, 0x82, 0xC0, 0xFF, 0x03, 0x04, 0x00,
    0x80, 0xF0, 0x03, 0xFF, 0x09, 0x00, 0x83, 0xF8, 0xFF, 0x00, 0x78, 0x06, 0x00, 0x82, 0xC0, 0xFF,
    0x03, 0x04, 0x00, 0x80, 0xE0, 0x03, 0xFF, 0x80, 0x07, 0x08, 0x00, 0x83, 0xFC, 0x7F, 0x00, 0x38,
    0x06, 0x00, 0x82, 0x80, 0xFF, 0x07, 0x04, 0x00, 0x80, 0xC0, 0x03, 0xFF, 0x80, 0x0F, 0x08, 0x00,
    0x83, 0xFE, 0x3F, 0x00, 0x3C, 0x06, 0x00, 0x82, 0x80, 0xFF, 0x07, 0x04, 0x00, 0x80, 0x80, 0x03,
    0xFF, 0x80, 0x3F, 0x08, 0x00, 0x83, 0xFE, 0x1F, 0x00, 0x1E, 0x07, 0x00, 0x81, 0xFF, 0x0F, 0x05,
    0x00, 0x03, 0xFF, 0x80, 0x7F, 0x04, 0x00, 0x80, 0x01, 0x03, 0x00, 0x83, 0xFF, 0x1F, 0x00, 0x1E,
    0x07, 0x00, 0x81, 0xFF, 0x1F, 0x05, 0x00, 0x80, 0xFC, 0x03, 0xFF, 0x80, 0x01, 0x02, 0x00, 0x81,
    0xF0, 0x01, 0x02, 0x00, 0x84, 0x80, 0xFF, 0x0F, 0x00, 0x0F, 0x07, 0x00, 0x81, 0xFE, 0x1F, 0x05,
    0x00, 0x80, 0xF8, 0x03, 0xFF, 0x84, 0x03, 0x00, 0x80, 0xFF, 0x01, 0x02, 0x00, 0x84, 0xC0, 0xFF,
    0x07, 0x80, 0x07, 0x07, 0x00, 0x81, 0xFE, 0x3F, 0x05, 0x00, 0x80, 0xF0, 0x03, 0xFF, 0x84, 0x0F,
    0x00, 0xF0, 0xFF, 0x03, 0x02, 0x00, 0x84, 0xE0, 0xFF, 0x03, 0xC0, 0x07, 0x07, 0x00, 0x81, 0xFC,
    0x3F, 0x05, 0x00, 0x80, 0xC0, 0x03, 0xFF, 0x84, 0x3F, 0x00, 0xFE, 0xFF, 0x03, 0x02, 0x00, 0x84,
    0xF8, 0xFF, 0x01, 0xC0, 0x03, 0x07, 0x00, 0x81, 0xFC, 0x1F, 0x05, 0x00, 0x80, 0x80, 0x04, 0xFF,
    0x83, 0x00, 0xFC, 0xFF, 0x03, 0x02, 0x00, 0x84, 0xFC, 0xFF, 0x01, 0xE0, 0x03, 0x07, 0x00, 0x81,
    0xF8, 0xBF, 0x06, 0x00, 0x04, 0xFF, 0x83, 0x01, 0xFC, 0xFF, 0x01, 0x02, 0x00, 0x84, 0xFE, 0xFF,
    0x00, 0xF0, 0x01, 0x07, 0x00, 0x82, 0xF8, 0xFF, 0x01, 0x05, 0x00, 0x80, 0xFC, 0x03, 0xFF, 0x83,
    0x07, 0xFC, 0xFF, 0x01, 0x02, 0x00, 0x83, 0xFF, 0x7F, 0x00, 0xF8, 0x08, 0x00, 0x82, 0xF0, 0xFF,
    0x03, 0x05, 0x00, 0x80, 0xF0, 0x04, 0xFF, 0x88, 0xFC, 0xFF, 0x01, 0x00, 0xC0, 0xFF, 0x3F, 0x00,
    0xFC, 0x08, 0x00, 0x82, 0xF0, 0xFF, 0x03, 0x05, 0x00, 0x80, 0xE0, 0x06, 0xFF, 0x86, 0x03, 0x00,
    0xE0, 0xFF, 0x1F, 0x00, 0x7C, 0x08, 0x00, 0x82, 0xE0, 0xFF, 0x07, 0x05, 0x00, 0x80, 0x80, 0x06,
    0xFF, 0x86, 0x03, 0x00, 0xF8, 0xFF, 0x0F, 0x00, 0x7E, 0x08, 0x00, 0x82, 0xC0, 0xFF, 0x0F, 0x06,
    0x00, 0x80, 0xFE, 0x05, 0xFF, 0x86, 0x07, 0x00, 0xFE, 0xFF, 0x07, 0x00, 0x3F, 0x08, 0x00, 0x82,
    0xC0, 0xFF, 0x1F, 0x06, 0x00, 0x80, 0xF0, 0x05, 0xFF, 0x81, 0x0F, 0x00, 0x02, 0xFF, 0x82, 0x03,
    0x80, 0x1F, 0x08, 0x00, 0x82, 0x80, 0xFF, 0x3F, 0x06, 0x00, 0x80, 0xC0, 0x05, 0xFF, 0x81, 0x1F,
    0xC0, 0x02, 0xFF, 0x82, 0x01, 0xC0, 0x1F, 0x09, 0x00, 0x81, 0xFF, 0x7F, 0x07, 0x00, 0x05, 0xFF,
    0x81, 0x1F, 0xF0, 0x02, 0xFF, 0x82, 0x00, 0xE0, 0x0F, 0x09, 0x00, 0x02, 0xFF, 0x07, 0x00, 0x80,
    0xF8, 0x04, 0xFF, 0x86, 0x3F, 0xFE, 0xFF, 0x7F, 0x00, 0xC0, 0x07, 0x09, 0x00, 0x82, 0xFE, 0xFF,
    0x01, 0x06, 0x00, 0x80, 0x80, 0x07, 0xFF, 0x83, 0x3F, 0x00, 0xC0, 0x03, 0x09, 0x00, 0x82, 0xFC,
    0xFF, 0x03, 0x07, 0x00, 0x80, 0xC0, 0x06, 0xFF, 0x83, 0x0F, 0x00, 0x80, 0x01, 0x09, 0x00, 0x82,
    0xF8, 0xFF, 0x03, 0x08, 0x00, 0x80, 0xFE, 0x05, 0xFF, 0x83, 0x03, 0x00, 0x80, 0x01, 0x09, 0x00,
    0x82, 0xF0, 0xFF, 0x07, 0x08, 0x00, 0x80, 0xFE, 0x05, 0xFF, 0x0D, 0x00, 0x82, 0xF0, 0xFF, 0x0F,
    0x08, 0x00, 0x80, 0xFC, 0x02, 0xFF, 0x82, 0x81, 0xFF, 0x7F, 0x0D, 0x00, 0x82, 0xE0, 0xFF, 0x1F,
    0x0C, 0x00, 0x81, 0xFF, 0x1F, 0x0D, 0x00, 0x82, 0xC0, 0xFF, 0x7F, 0x0C, 0x00, 0x81, 0xFF, 0x07,
    0x0D, 0x00, 0x80, 0x80, 0x02, 0xFF, 0x0C, 0x00, 0x81, 0xFF, 0x01, 0x0E, 0x00, 0x02, 0xFF, 0x80,
    0x01, 0x0B, 0x00, 0x80, 0x7E, 0x0F, 0x00, 0x82, 0xFE, 0xFF, 0x07, 0x0B, 0x00, 0x80, 0x0E, 0x0F,
    0x00, 0x82, 0xFC, 0xFF, 0x1F, 0x1B, 0x00, 0x80, 0xF8, 0x02, 0xFF, 0x80, 0x01, 0x1A, 0x00, 0x80,
    0xF0, 0x02, 0xFF, 0x80, 0x03, 0x1A, 0x00, 0x80, 0xE0, 0x02, 0xFF, 0x80, 0x03, 0x1A, 0x00, 0x80,
    0xC0, 0x02, 0xFF, 0x80, 0x03, 0x1A, 0x00, 0x80, 0x80, 0x02, 0xFF, 0x80, 0x01, 0x1B, 0x00, 0x02,
    0xFF, 0x1C, 0x00, 0x81, 0xFC, 0xFF, 0x1C, 0x00, 0x82, 0xF8, 0xFF, 0x01, 0x1B, 0x00, 0x82, 0xF0,
    0xFF, 0x03, 0x1B, 0x00, 0x82, 0xE0, 0xFF, 0x0F, 0x1B, 0x00, 0x82, 0x80, 0xFF, 0x3F, 0x05, 0x00,
    0x81, 0xFC, 0x01, 0x15, 0x00, 0x81, 0xFF, 0x7F, 0x05, 0x00, 0x81, 0xFC, 0x01, 0x15, 0x00, 0x82,
    0xFE, 0xFF, 0x01, 0x04, 0x00, 0x81, 0xFE, 0x01, 0x15, 0x00, 0x82, 0xF8, 0xFF, 0x07, 0x04, 0x00,
    0x81, 0xFC, 0x01, 0x15, 0x00, 0x82, 0xF0, 0xFF, 0x1F, 0x04, 0x00, 0x81, 0xFC, 0x01, 0x15, 0x00,
    0x82, 0xC0, 0xFF, 0x7F, 0x04, 0x00, 0x81, 0xFE, 0x01, 0x16, 0x00, 0x02, 0xFF, 0x80, 0x01, 0x03,
    0x00, 0x81, 0xFE, 0x01, 0x16, 0x00, 0x82, 0xFE, 0xFF, 0x0F, 0x03, 0x00, 0x81, 0xFE, 0x01, 0x03,
    0x00, 0x82, 0x0C, 0xC0, 0x07, 0x10, 0x00, 0x82, 0xF8, 0xFF, 0x7F, 0x03, 0x00, 0x81, 0xFE, 0x01,
    0x02, 0x00, 0x80, 0xC0, 0x02, 0xFF, 0x80, 0x03, 0x10, 0x00, 0x80, 0xE0, 0x02, 0xFF, 0x80, 0x01,
    0x02, 0x00, 0x81, 0xFE, 0x01, 0x02, 0x00, 0x03, 0xFF, 0x11, 0x00, 0x80, 0x80, 0x02, 0xFF, 0x80,
    0x3F, 0x02, 0x00, 0x83, 0xFE, 0x01, 0x00, 0xF8, 0x02, 0xFF, 0x80, 0x3F, 0x12, 0x00, 0x80, 0xFE,
    0x02, 0xFF, 0x84, 0x03, 0x00, 0xFE, 0x01, 0xFC, 0x03, 0xFF, 0x80, 0x0F, 0x12, 0x00, 0x80, 0xF8,
    0x02, 0xFF, 0x82, 0x3F, 0x00, 0xFE, 0x05, 0xFF, 0x80, 0x03, 0x12, 0x00, 0x80, 0xE0, 0x03, 0xFF,
    0x81, 0x07, 0xFE, 0x04, 0xFF, 0x80, 0x7F, 0x14, 0x00, 0x09, 0xFF, 0x80, 0x0F, 0x14, 0x00, 0x80,
    0xF8, 0x03, 0xFF, 0x80, 0x07, 0x04, 0xFF, 0x80, 0x01, 0x14, 0x00, 0x80, 0xC0, 0x03, 0xFF, 0x81,
    0x0F, 0xFE, 0x03, 0xFF, 0x16, 0x00, 0x80, 0xFE, 0x02, 0xFF, 0x81, 0x3F, 0xFE, 0x02, 0xFF, 0x80,
    0x1F, 0x16, 0x00, 0x80, 0xF0, 0x02, 0xFF, 0x81, 0x7F, 0xFE, 0x02, 0xFF, 0x80, 0x07, 0x17, 0x00,
    0x80, 0xFE, 0x02, 0xFF, 0x82, 0x00, 0xE0, 0x3F, 0x18, 0x00, 0x80, 0x80, 0x02, 0xFF, 0x82, 0x00,
    0xE0, 0x01, 0x19, 0x00, 0x81, 0xE0, 0xFF, 0x0E, 0x00, 0x80, 0x80, 0x1D, 0x00, 0x80, 0xC0, 0x1D,
    0x00, 0x80, 0xE0, 0x1D, 0x00, 0x80, 0xF0, 0x1D, 0x00, 0x80, 0xF8, 0x1D, 0x00, 0x80, 0xFC, 0x1D,
    0x00, 0x80, 0xFE, 0x1D, 0x00, 0x80, 0xFF, 0x1C, 0x00, 0x81, 0x80, 0xFF, 0x1C, 0x00, 0x81, 0xC0,
    0xFF, 0x1C, 0x00, 0x81, 0xE0, 0xFF, 0x02, 0xFD, 0x06, 0x00, 0x00, 0x00, 0x02, 0x01, 0xFF, 0x64,
    0x00, 0x04, 0xFB, 0x08, 0x00, 0x00, 0x04, 0x00, 0x00, 0x00, 0xEF, 0x00, 0xEF, 0x00, 0x05, 0xFA,
    0x60, 0x0C, 0x00, 0x7F, 0x00, 0x7F, 0x00, 0x36, 0x00, 0x81, 0xFC, 0x3F, 0x1A, 0x00, 0x80, 0xC0,
    0x02, 0xFF, 0x80, 0x03, 0x16, 0x00, 0x80, 0x3C, 0x02, 0x00, 0x80, 0xE0, 0x02, 0xFF, 0x80, 0x3F,
    0x16, 0x00, 0x83, 0xE0, 0x07, 0x00, 0xE0, 0x03, 0xFF, 0x80, 0x03, 0x15, 0x00, 0x83, 0x80, 0x7F,
    0x00, 0xE0, 0x03, 0xFF, 0x80, 0x3F, 0x16, 0x00, 0x82, 0xFC, 0x0F, 0xC0, 0x04, 0xFF, 0x80, 0x03,
    0x15, 0x00, 0x82, 0xF0, 0xFF, 0x80, 0x04, 0xFF, 0x80, 0x3F, 0x15, 0x00, 0x82, 0xC0, 0xFF, 0x0F,
    0x05, 0xFF, 0x80, 0x01, 0x15, 0x00, 0x82, 0xFE, 0xFF, 0xFC, 0x03, 0xFF, 0x17, 0x00, 0x80, 0xF0,
    0x04, 0xFF, 0x80, 0x1F, 0x17, 0x00, 0x80, 0xC0, 0x04, 0xFF, 0x80, 0x1F, 0x18, 0x00, 0x80, 0xFE,
    0x03, 0xFF, 0x80, 0x1F, 0x18, 0x00, 0x80, 0xF0, 0x03, 0xFF, 0x80, 0x1F, 0x18, 0x00, 0x80, 0xC0,
    0x03, 0xFF, 0x80, 0x3F, 0x19, 0x00, 0x80, 0xFE, 0x03, 0xFF, 0x19, 0x00, 0x80, 0xF0, 0x03, 0xFF,
    0x80, 0x01, 0x18, 0x00, 0x80, 0x80, 0x03, 0xFF, 0x80, 0x07, 0x19, 0x00, 0x80, 0xFC, 0x02, 0xFF,
    0x80, 0x1F, 0x19, 0x00, 0x80, 0xF0, 0x02, 0xFF, 0x80, 0x3F, 0x19, 0x00, 0x80, 0x80, 0x03, 0xFF,
    0x80, 0x01, 0x19, 0x00, 0x80, 0xFC, 0x02, 0xFF, 0x80, 0x07, 0x19, 0x00, 0x80, 0xE0, 0x02, 0xFF,
    0x80, 0x1F, 0x1A, 0x00, 0x02, 0xFF, 0x80, 0x7F, 0x1A, 0x00, 0x80, 0xF8, 0x02, 0xFF, 0x80, 0x03,
    0x19, 0x00, 0x80, 0xC0, 0x02, 0xFF, 0x80, 0x0F, 0x1A, 0x00, 0x82, 0xFE, 0xFF, 0x3F, 0x1A, 0x00,
    0x80, 0xE0, 0x02, 0xFF, 0x80, 0x01, 0x06, 0x00, 0x81, 0xC0, 0x7F, 0x11, 0x00, 0x80, 0x80, 0x02,
    0xFF, 0x80, 0x07, 0x07, 0x00, 0x82, 0xFC, 0xFF, 0x07, 0x10, 0x00, 0x82, 0xF8, 0xFF, 0x3F, 0x07,
    0x00, 0x80, 0xC0, 0x02, 0xFF, 0x80, 0x0F, 0x0F, 0x00, 0x80, 0xC0, 0x02, 0xFF, 0x80, 0x01, 0x07,
    0x00, 0x80, 0xFC, 0x02, 0xFF, 0x80, 0x07, 0x0F, 0x00, 0x82, 0xFE, 0xFF, 0x0F, 0x07, 0x00, 0x80,
    0xC0, 0x03, 0xFF, 0x80, 0x03, 0x0E, 0x00, 0x82, 0xF0, 0xFF, 0x3F, 0x08, 0x00, 0x80, 0xFC, 0x03,
    0xFF, 0x80, 0x01, 0x0D, 0x00, 0x80, 0x80, 0x02, 0xFF, 0x80, 0x01, 0x07, 0x00, 0x80, 0xC0, 0x03,
    0xFF, 0x80, 0x7F, 0x0E, 0x00, 0x82, 0xFC, 0xFF, 0x0F, 0x08, 0x00, 0x80, 0xFC, 0x03, 0xFF, 0x80,
    0x3F, 0x0D, 0x00, 0x82, 0xC0, 0xFF, 0x7F, 0x08, 0x00, 0x80, 0xC0, 0x04, 0xFF, 0x80, 0x0F, 0x0D,
    0x00, 0x82, 0xFE, 0xFF, 0x03, 0x08, 0x00, 0x80, 0xFC, 0x04, 0xFF, 0x80, 0x03, 0x0C, 0x00, 0x82,
    0xF0, 0xFF, 0x1F, 0x08, 0x00, 0x80, 0xC0, 0x05, 0xFF, 0x0C, 0x00, 0x80, 0x80, 0x02, 0xFF, 0x0B,
    0x00, 0x80, 0xFE, 0x02, 0xFF, 0x80, 0x1F, 0x0C, 0x00, 0x82, 0xF8, 0xFF, 0x07, 0x0B, 0x00, 0x80,
    0xFC, 0x02, 0xFF, 0x80, 0x07, 0x0B, 0x00, 0x82, 0xC0, 0xFF, 0x3F, 0x0C, 0x00, 0x80, 0xFC, 0x02,
    0xFF, 0x80, 0x01, 0x0B, 0x00, 0x82, 0xFE, 0xFF, 0x01, 0x0C, 0x00, 0x82, 0xFE, 0xFF, 0x3F, 0x0B,
    0x00, 0x82, 0xF0, 0xFF, 0x0F, 0x0D, 0x00, 0x02, 0xFF, 0x80, 0x07, 0x0B, 0x00, 0x81, 0xFF, 0x7F,
    0x0D, 0x00, 0x80, 0xC0, 0x02, 0xFF, 0x80, 0x01, 0x0A, 0x00, 0x82, 0xF8, 0xFF, 0x03, 0x0D, 0x00,
    0x82, 0xF0, 0xFF, 0x3F, 0x0A, 0x00, 0x82, 0xC0, 0xFF, 0x3F, 0x0E, 0x00, 0x82, 0xFC, 0xFF, 0x0F,
    0x0A, 0x00, 0x82, 0xFC, 0xFF, 0x0F, 0x05, 0x00, 0x80, 0x80, 0x07, 0x00, 0x80, 0x80, 0x02, 0xFF,
    0x80, 0x01, 0x09, 0x00, 0x80, 0xE0, 0x02, 0xFF, 0x06, 0x00, 0x80, 0x02, 0x07, 0x00, 0x82, 0xE0,
    0xFF, 0x3F, 0x0A, 0x00, 0x82, 0xFE, 0xFF, 0x07, 0x05, 0x00, 0x80, 0x18, 0x08, 0x00, 0x82, 0xF8,
    0xFF, 0x07, 0x09, 0x00, 0x82, 0xF0, 0xFF, 0x7F, 0x05, 0x00, 0x80, 0xC0, 0x09, 0x00, 0x81, 0xFE,
    0xFF, 0x09, 0x00, 0x80, 0x80, 0x02, 0xFF, 0x80, 0x03, 0x05, 0x00, 0x80, 0x03, 0x08, 0x00, 0x82,
    0xC0, 0xFF, 0x1F, 0x09, 0x00, 0x82, 0xF8, 0xFF, 0x1F, 0x05, 0x00, 0x80, 0x1C, 0x09, 0x00, 0x82,
    0xF8, 0xFF, 0x03, 0x08, 0x00, 0x80, 0xC0, 0x02, 0xFF, 0x05, 0x00, 0x80, 0xE0, 0x0A, 0x00, 0x81,
    0xFF, 0x7F, 0x09, 0x00, 0x82, 0xFC, 0xFF, 0x0F, 0x05, 0x00, 0x80, 0x07, 0x09, 0x00, 0x82, 0xC0,
    0xFF, 0x0F, 0x08, 0x00, 0x82, 0xE0, 0xFF, 0x7F, 0x05, 0x00, 0x80, 0x3C, 0x0A, 0x00, 0x82, 0xF8,
    0xFF, 0x01, 0x08, 0x00, 0x02, 0xFF, 0x80, 0x03, 0x04, 0x00, 0x81, 0xE0, 0x01, 0x0A, 0x00, 0x81,
    0xFF, 0x3F, 0x08, 0x00, 0x82, 0xF0, 0xFF, 0x3F, 0x05, 0x00, 0x80, 0x0F, 0x0A, 0x00, 0x82, 0xE0,
    0xFF, 0x07, 0x07, 0x00, 0x80, 0x80, 0x02, 0xFF, 0x80, 0x01, 0x04, 0x00, 0x80, 0x78, 0x0B, 0x00,
    0x81, 0xFC, 0xFF, 0x08, 0x00, 0x82, 0xF8, 0xFF, 0x0F, 0x04, 0x00, 0x81, 0x80, 0x03, 0x0A, 0x00,
    0x82, 0x80, 0xFF, 0x1F, 0x07, 0x00, 0x80, 0xC0, 0x02, 0xFF, 0x05, 0x00, 0x80, 0x1C, 0x0B, 0x00,
    0x82, 0xF0, 0xFF, 0x01, 0x07, 0x00, 0x82, 0xFC, 0xFF, 0x07, 0x04, 0x00, 0x81, 0xE0, 0x01, 0x0B,
    0x00, 0x81, 0xFE, 0x3F, 0x07, 0x00, 0x82, 0xE0, 0xFF, 0x7F, 0x11, 0x00, 0x82, 0xC0, 0xFF, 0x07,
    0x07, 0x00, 0x82, 0xFE, 0xFF, 0x03, 0x11, 0x00, 0x81, 0xF8, 0xFF, 0x07, 0x00, 0x82, 0xF0, 0xFF,
    0x1F, 0x12, 0x00, 0x81, 0xFF, 0x0F, 0x07, 0x00, 0x02, 0xFF, 0x80, 0x01, 0x11, 0x00, 0x82, 0xE0,
    0xFF, 0x01, 0x06, 0x00, 0x82, 0xF8, 0xFF, 0x0F, 0x12, 0x00, 0x81, 0xFC, 0x3F, 0x06, 0x00, 0x80,
    0x80, 0x02, 0xFF, 0x12, 0x00, 0x82, 0xC0, 0xFF, 0x03, 0x06, 0x00, 0x82, 0xFC, 0xFF, 0x07, 0x12,
    0x00, 0x81, 0xF8, 0x7F, 0x06, 0x00, 0x82, 0xC0, 0xFF, 0x7F, 0x13, 0x00, 0x81, 0xFF, 0x0F, 0x06,
    0x00, 0x82, 0xFC, 0xFF, 0x07, 0x12, 0x00, 0x81, 0xF0, 0xFF, 0x06, 0x00, 0x82, 0xE0, 0xFF, 0x3F,
    0x13, 0x00, 0x81, 0xFE, 0x1F, 0x06, 0x00, 0x82, 0xFE, 0xFF, 0x03, 0x12, 0x00, 0x82, 0xC0, 0xFF,
    0x01, 0x05, 0x00, 0x82, 0xF0, 0xFF, 0x1F, 0x13, 0x00, 0x81, 0xFC, 0x1F, 0x06, 0x00, 0x02, 0xFF,
    0x80, 0x01, 0x12, 0x00, 0x82, 0x80, 0xFF, 0x03, 0x05, 0x00, 0x82, 0xF0, 0xFF, 0x1F, 0x13, 0x00,
    0x81, 0xF8, 0x7F, 0x05, 0x00, 0x80, 0x80, 0x02, 0xFF, 0x14, 0x00, 0x81, 0xFF, 0x07, 0x05, 0x00,
    0x82, 0xF8, 0xFF, 0x0F, 0x13, 0x00, 0x81, 0xE0, 0xFF, 0x05, 0x00, 0x82, 0x80, 0xFF, 0x7F, 0x14,
    0x00, 0x81, 0xFE, 0x0F, 0x05, 0x00, 0x82, 0xFC, 0xFF, 0x07, 0x13, 0x00, 0x81, 0xC0, 0xFF, 0x05,
    0x00, 0x82, 0xC0, 0xFF, 0x7F, 0x14, 0x00, 0x81, 0xFC, 0x1F, 0x05, 0x00, 0x82, 0xFC, 0xFF, 0x03,
    0x13, 0x00, 0x82, 0x80, 0xFF, 0x01, 0x04, 0x00, 0x82, 0xE0, 0xFF, 0x3F, 0x14, 0x00, 0x81, 0xF8,
    0x3F, 0x05, 0x00, 0x82, 0xFE, 0xFF, 0x03, 0x13, 0x00, 0x82, 0x80, 0xFF, 0x03, 0x04, 0x00, 0x82,
    0xE0, 0xFF, 0x1F, 0x14, 0x00, 0x81, 0xF0, 0x3F, 0x05, 0x00, 0x82, 0xFE, 0xFF, 0x01, 0x14, 0x00,
    0x81, 0xFF, 0x03, 0x04, 0x00, 0x82, 0xF0, 0xFF, 0x1F, 0x14, 0x00, 0x81, 0xE0, 0x7F, 0x05, 0x00,
    0x02, 0xFF, 0x15, 0x00, 0x81, 0xFE, 0x07, 0x04, 0x00, 0x82, 0xF0, 0xFF, 0x0F, 0x14, 0x00, 0x81,
    0xE0, 0x7F, 0x05, 0x00, 0x02, 0xFF, 0x15, 0x00, 0x81, 0xFE, 0x0F, 0x04, 0x00, 0x82, 0xF8, 0xFF,
    0x0F, 0x12, 0x00, 0x83, 0x18, 0x00, 0xC0, 0xFF, 0x04, 0x00, 0x80, 0x80, 0x02, 0xFF, 0x12, 0x00,
    0x84, 0xE0, 0x07, 0x00, 0xFC, 0x0F, 0x02, 0x00, 0x84, 0x03, 0x00, 0xF8, 0xFF, 0x07, 0x12, 0x00,
    0x83, 0x7F, 0x00, 0xC0, 0xFF, 0x02, 0x00, 0x84, 0x3C, 0x00, 0x80, 0xFF, 0x7F, 0x12, 0x00, 0x8B,
    0xF0, 0x07, 0x00, 0xF8, 0x0F, 0x00, 0xF0, 0x07, 0x00, 0xF8, 0xFF, 0x07, 0x12, 0x00, 0x8A, 0x7F,
    0x00, 0x80, 0xFF, 0x01, 0xC0, 0x7F, 0x00, 0x80, 0xF3, 0x7F, 0x12, 0x00, 0x8B, 0xE0, 0x07, 0x00,
    0xF8, 0x1F, 0x00, 0xFE, 0x07, 0x00, 0x9C, 0xFF, 0x07, 0x12, 0x00, 0x8A, 0x3E, 0x00, 0x80, 0xFF,
    0x01, 0xF0, 0x7F, 0x00, 0xC0, 0xF9, 0x3F, 0x15, 0x00, 0x88, 0xF8, 0x1F, 0x00, 0xFF, 0x07, 0x00,
    0x9C, 0xFF, 0x03, 0x15, 0x00, 0x87, 0xFF, 0x01, 0xE0, 0x7F, 0x00, 0xC0, 0xF8, 0x3F, 0x15, 0x00,
    0x88, 0xF0, 0x1F, 0x00, 0xFE, 0x07, 0x00, 0x8C, 0xFF, 0x03, 0x0A, 0x00, 0x82, 0x38, 0x00, 0x1C,
    0x03, 0x00, 0x80, 0x07, 0x04, 0x00, 0x83, 0xFF, 0x03, 0xE0, 0xFF, 0x02, 0x00, 0x81, 0xF8, 0x3F,
    0x06, 0x00, 0x8B, 0xF8, 0x0F, 0x00, 0xFC, 0xE0, 0x1F, 0xF0, 0x0F, 0x80, 0x1F, 0xFC, 0x03, 0x03,
    0x00, 0x88, 0xF0, 0x3F, 0x00, 0xFE, 0x0F, 0x00, 0x80, 0xFF, 0x03, 0x05, 0x00, 0x8D, 0xE0, 0xFF,
    0x07, 0xC0, 0x9F, 0xFF, 0xC3, 0xFF, 0x01, 0xF8, 0xF3, 0x7F, 0x00, 0x7F, 0x02, 0x00, 0x83, 0xFF,
    0x03, 0xE0, 0xFF, 0x02, 0x00, 0x81, 0xF8, 0x3F, 0x06, 0x00, 0x02, 0xFF, 0x95, 0x00, 0xFC, 0xFD,
    0x7F, 0xFE, 0x3F, 0x80, 0xBF, 0xFF, 0x0F, 0xF0, 0x07, 0x00, 0xF0, 0x3F, 0x00, 0xFE, 0x0F, 0x00,
    0x80, 0xFF, 0x01, 0x05, 0x00, 0x83, 0xF8, 0xFF, 0x1F, 0xC0, 0x02, 0xFF, 0x83, 0xE7, 0xFF, 0x07,
    0xF8, 0x02, 0xFF, 0x81, 0x01, 0x7F, 0x02, 0x00, 0x83, 0xFE, 0x03, 0xE0, 0xFF, 0x02, 0x00, 0x81,
    0xFC, 0x1F, 0x05, 0x00, 0x80, 0xC0, 0x02, 0xFF, 0x81, 0x03, 0xFC, 0x03, 0xFF, 0x81, 0x7F, 0x80,
    0x02, 0xFF, 0x8C, 0x1F, 0xF0, 0x07, 0x00, 0xE0, 0x3F, 0x00, 0xFE, 0x0F, 0x00, 0xC0, 0xFF, 0x01,
    0x05, 0x00, 0x83, 0xFE, 0xF7, 0x3F, 0xC0, 0x04, 0xFF, 0x81, 0x07, 0xF8, 0x02, 0xFF, 0x81, 0x01,
    0x7F, 0x02, 0x00, 0x83, 0xFE, 0x03, 0xE0, 0xFF, 0x02, 0x00, 0x81, 0xFC, 0x1F, 0x05, 0x00, 0x98,
    0xE0, 0x1F, 0xFC, 0x07, 0xFC, 0x0F, 0xFE, 0x07, 0xFF, 0x80, 0xFF, 0xE1, 0x3F, 0xF0, 0x07, 0x00,
    0xE0, 0x3F, 0x00, 0xFE, 0x0F, 0x00, 0xC0, 0xFF, 0x01, 0x05, 0x00, 0x8D, 0xFF, 0x80, 0x7F, 0xC0,
    0x7F, 0xE0, 0x3F, 0xF0, 0x0F, 0xF8, 0x0F, 0xFC, 0x03, 0x7F, 0x02, 0x00, 0x83, 0xFE, 0x03, 0xC0,
    0xFF, 0x02, 0x00, 0x81, 0xFC, 0x1F, 0x05, 0x00, 0x98, 0xF0, 0x07, 0xF0, 0x07, 0xFC, 0x03, 0xFE,
    0x01, 0xFE, 0x80, 0x7F, 0xC0, 0x3F, 0xF0, 0x07, 0x00, 0xE0, 0x3F, 0x00, 0xFC, 0x0F, 0x00, 0xC0,
    0xFF, 0x01, 0x05, 0x00, 0x8D, 0x7F, 0x00, 0xFF, 0xC0, 0x1F, 0xE0, 0x1F, 0xE0, 0x0F, 0xF8, 0x07,
    0xF8, 0x03, 0x7F, 0x02, 0x00, 0x83, 0xFE, 0x03, 0xC0, 0xFF, 0x02, 0x00, 0x81, 0xFC, 0x1F, 0x05,
    0x00, 0x98, 0xF0, 0x03, 0xE0, 0x0F, 0xFC, 0x01, 0xFE, 0x01, 0xFE, 0x80, 0x3F, 0x80, 0x3F, 0xF0,
    0x07, 0x00, 0xE0, 0x3F, 0x00, 0xFC, 0x0F, 0x00, 0xC0, 0xFF, 0x01, 0x04, 0x00, 0x8E, 0x80, 0x3F,
    0x00, 0xFE, 0xC0, 0x1F, 0xE0, 0x1F, 0xE0, 0x0F, 0xF8, 0x03, 0xF8, 0x03, 0x7F, 0x02, 0x00, 0x83,
    0xFE, 0x03, 0xC0, 0xFF, 0x02, 0x00, 0x81, 0xFC, 0x1F, 0x05, 0x00, 0x98, 0xF8, 0x03, 0xE0, 0x0F,
    0xFC, 0x01, 0xFE, 0x01, 0xFE, 0x80, 0x3F, 0x80, 0x3F, 0xF0, 0x07, 0x00, 0xE0, 0x3F, 0x00, 0xFC,
    0x0F, 0x00, 0xC0, 0xFF, 0x01, 0x04, 0x00, 0x8E, 0x80, 0x3F, 0x00, 0xFE, 0xC0, 0x1F, 0xE0, 0x1F,
    0xE0, 0x0F, 0xF8, 0x03, 0xF8, 0x03, 0x7F, 0x02, 0x00, 0x83, 0xFE, 0x03, 0xC0, 0xFF, 0x02, 0x00,
    0x81, 0xFC, 0x1F, 0x05, 0x00, 0x98, 0xF8, 0x03, 0xE0, 0x0F, 0xFC, 0x01, 0xFE, 0x01, 0xFE, 0x80,
    0x3F, 0x80, 0x3F, 0xF0, 0x07, 0x00, 0xE0, 0x3F, 0x00, 0xFC, 0x0F, 0x00, 0xC0, 0xFF, 0x01, 0x05,
    0x00, 0x8D, 0x7F, 0x00, 0xFE, 0xC0, 0x1F, 0xE0, 0x1F, 0xE0, 0x0F, 0xF8, 0x03, 0xF8, 0x03, 0x7F,
    0x02, 0x00, 0x83, 0xFE, 0x03, 0xC0, 0xFF, 0x02, 0x00, 0x81, 0xFC, 0x3F, 0x05, 0x00, 0x98, 0xF0,
    0x07, 0xF0, 0x0F, 0xFC, 0x01, 0xFE, 0x01, 0xFE, 0x80, 0x3F, 0x80, 0x3F, 0xF0, 0x07, 0x00, 0xE0,
    0x3F, 0x00, 0xFC, 0x0F, 0x00, 0xC0, 0xFF, 0x03, 0x05, 0x00, 0x8D, 0x7F, 0x00, 0xFF, 0xC0, 0x1F,
    0xE0, 0x1F, 0xE0, 0x0F, 0xF8, 0x03, 0xF8, 0x03, 0x7F, 0x02, 0x00, 0x83, 0xFE, 0x03, 0xC0, 0xFF,
    0x02, 0x00, 0x81, 0xFC, 0x3F, 0x05, 0x00, 0x98, 0xF0, 0x0F, 0xF8, 0x07, 0xFC, 0x01, 0xFE, 0x01,
    0xFE, 0x80, 0x3F, 0x80, 0x3F, 0xF0, 0x07, 0x00, 0xF0, 0x3F, 0x00, 0xFC, 0x0F, 0x00, 0xC0, 0xFF,
    0x03, 0x05, 0x00, 0x8D, 0xFE, 0xC1, 0x7F, 0xC0, 0x1F, 0xE0, 0x1F, 0xE0, 0x0F, 0xF8, 0x03, 0xF8,
    0x03, 0x7F, 0x02, 0x00, 0x83, 0xFF, 0x03, 0xC0, 0xFF, 0x02, 0x00, 0x81, 0xFC, 0x3F, 0x05, 0x00,
    0x80, 0xE0, 0x02, 0xFF, 0x95, 0x03, 0xFC, 0x01, 0xFE, 0x01, 0xFE, 0x80, 0x3F, 0x80, 0x3F, 0xF0,
    0x07, 0x00, 0xF0, 0x3F, 0x00, 0xFC, 0x0F, 0x00, 0x80, 0xFF, 0x03, 0x05, 0x00, 0x8D, 0xFC, 0xFF,
    0x3F, 0xC0, 0x1F, 0xE0, 0x1F, 0xE0, 0x0F, 0xF8, 0x03, 0xF8, 0x03, 0x7F, 0x02, 0x00, 0x83, 0xFF,
    0x03, 0xC0, 0xFF, 0x02, 0x00, 0x81, 0xF8, 0x3F, 0x05, 0x00, 0x80, 0x80, 0x02, 0xFF, 0x95, 0x01,
    0xFC, 0x01, 0xFE, 0x01, 0xFE, 0x80, 0x3F, 0x80, 0x3F, 0xF0, 0x07, 0x00, 0xF0, 0x3F, 0x00, 0xFE,
    0x0F, 0x00, 0x80, 0xFF, 0x03, 0x05, 0x00, 0x8D, 0xF8, 0xFF, 0x0F, 0xC0, 0x1F, 0xE0, 0x1F, 0xE0,
    0x0F, 0xF8, 0x03, 0xF8, 0x03, 0x7F, 0x02, 0x00, 0x83, 0xFF, 0x01, 0xE0, 0xFF, 0x02, 0x00, 0x81,
    0xF8, 0x3F, 0x06, 0x00, 0x97, 0xFE, 0x7F, 0x00, 0xFC, 0x01, 0xFE, 0x01, 0xFE, 0x80, 0x3F, 0x80,
    0x3F, 0xF0, 0x07, 0x00, 0xF0, 0x1F, 0x00, 0xFE, 0x0F, 0x00, 0x80, 0xFF, 0x07, 0x05, 0x00, 0x93,
    0x80, 0xFF, 0x00, 0xC0, 0x1F, 0xC0, 0x0F, 0xE0, 0x0F, 0xF8, 0x03, 0xF8, 0x03, 0x7E, 0x00, 0x80,
    0xFF, 0x01, 0xE0, 0x7F, 0x02, 0x00, 0x81, 0xF8, 0x7F, 0x06, 0x00, 0x80, 0x80, 0x0E, 0x00, 0x88,
    0xF8, 0x1F, 0x00, 0xFE, 0x07, 0x00, 0x80, 0xFF, 0x07, 0x14, 0x00, 0x84, 0x80, 0xFF, 0x01, 0xFC,
    0x7F, 0x02, 0x00, 0x81, 0xF0, 0x7F, 0x15, 0x00, 0x84, 0xF8, 0x0F, 0xE0, 0xE7, 0x07, 0x02, 0x00,
    0x81, 0xFF, 0x07, 0x14, 0x00, 0x84, 0xC0, 0xFF, 0x00, 0x7E, 0x70, 0x02, 0x00, 0x81, 0xF0, 0x7F,
    0x15, 0x00, 0x83, 0xFC, 0x0F, 0xE0, 0x07, 0x03, 0x00, 0x81, 0xFF, 0x0F, 0x14, 0x00, 0x83, 0xC0,
    0xFF, 0x00, 0x3E, 0x03, 0x00, 0x81, 0xF0, 0xFF, 0x15, 0x00, 0x83, 0xFE, 0x07, 0xE0, 0x03, 0x03,
    0x00, 0x81, 0xFF, 0x0F, 0x14, 0x00, 0x83, 0xE0, 0x7F, 0x00, 0x3F, 0x03, 0x00, 0x82, 0xE0, 0xFF,
    0x01, 0x14, 0x00, 0x83, 0xFE, 0x07, 0xF0, 0x03, 0x03, 0x00, 0x81, 0xFE, 0x1F, 0x14, 0x00, 0x83,
    0xF0, 0x7F, 0x00, 0x3F, 0x03, 0x00, 0x82, 0xE0, 0xFF, 0x01, 0x14, 0x00, 0x83, 0xFF, 0x03, 0xF0,
    0x03, 0x03, 0x00, 0x81, 0xFE, 0x1F, 0x14, 0x00, 0x83, 0xF0, 0x3F, 0x00, 0xFF, 0x03, 0x00, 0x82,
    0xE0, 0xFF, 0x03, 0x13, 0x00, 0x84, 0x80, 0xFF, 0x01, 0xF8, 0x0F, 0x03, 0x00, 0x81, 0xFC, 0x3F,
    0x14, 0x00, 0x83, 0xF8, 0x1F, 0x80, 0x7F, 0x03, 0x00, 0x82, 0xC0, 0xFF, 0x03, 0x13, 0x00, 0x84,
    0x80, 0xFF, 0x01, 0xF8, 0x07, 0x03, 0x00, 0x81, 0xFC, 0x7F, 0x14, 0x00, 0x83, 0xFC, 0x0F, 0xC0,
    0x7F, 0x03, 0x00, 0x82, 0x80, 0xFF, 0x07, 0x13, 0x00, 0x84, 0xC0, 0xFF, 0x00, 0xFC, 0x03, 0x03,
    0x00, 0x82, 0xF8, 0x7F, 0x80, 0x13, 0x00, 0x83, 0xFE, 0x0F, 0xE0, 0x3F, 0x03, 0x00, 0x83, 0x80,
    0xFF, 0x0F, 0x1F, 0x12, 0x00, 0x84, 0xE0, 0x7F, 0x00, 0xFE, 0x03, 0x03, 0x00, 0x83, 0xF0, 0xFF,
    0xFD, 0x01, 0x12, 0x00, 0x83, 0xFF, 0x07, 0xE0, 0x1F, 0x04, 0x00, 0x02, 0xFF, 0x80, 0x1F, 0x12,
    0x00, 0x84, 0xF0, 0x3F, 0x00, 0xFE, 0x01, 0x03, 0x00, 0x80, 0xF0, 0x02, 0xFF, 0x80, 0x03, 0x11,
    0x00, 0x84, 0x80, 0xFF, 0x03, 0xF0, 0x0F, 0x04, 0x00, 0x82, 0xFE, 0xFF, 0x3F, 0x12, 0x00, 0x83,
    0xFC, 0x1F, 0x00, 0xFF, 0x04, 0x00, 0x80, 0xE0, 0x02, 0xFF, 0x80, 0x07, 0x11, 0x00, 0x84, 0xC0,
    0xFF, 0x01, 0xF8, 0x07, 0x04, 0x00, 0x82, 0xFE, 0xFF, 0x7F, 0x12, 0x00, 0x83, 0xFE, 0x0F, 0x80,
    0x7F, 0x04, 0x00, 0x80, 0xC0, 0x02, 0xFF, 0x80, 0x0F, 0x11, 0x00, 0x84, 0xE0, 0xFF, 0x00, 0xF8,
    0x03, 0x04, 0x00, 0x80, 0xFC, 0x02, 0xFF, 0x12, 0x00, 0x83, 0xFF, 0x07, 0xC0, 0x3F, 0x04, 0x00,
    0x80, 0x80, 0x02, 0xFF, 0x80, 0x1F, 0x11, 0x00, 0x84, 0xF8, 0x7F, 0x00, 0xFC, 0x01, 0x04, 0x00,
    0x80, 0xF8, 0x02, 0xFF, 0x80, 0x03, 0x10, 0x00, 0x84, 0xC0, 0xFF, 0x03, 0xE0, 0x01, 0x05, 0x00,
    0x02, 0xFF, 0x80, 0x3F, 0x11, 0x00, 0x83, 0xFC, 0x1F, 0x00, 0x0E, 0x05, 0x00, 0x80, 0xF0, 0x02,
    0xFF, 0x80, 0x07, 0x10, 0x00, 0x83, 0xE0, 0xFF, 0x01, 0xF0, 0x06, 0x00, 0x82, 0xFE, 0xFF, 0x7F,
    0x11, 0x00, 0x83, 0xFF, 0x0F, 0x00, 0x07, 0x05, 0x00, 0x80, 0xE0, 0x02, 0xFF, 0x80, 0x0F, 0x10,
    0x00, 0x83, 0xF8, 0xFF, 0x00, 0x78, 0x06, 0x00, 0x80, 0xFE, 0x02, 0xFF, 0x80, 0x01, 0x0F, 0x00,
    0x84, 0xC0, 0xFF, 0x07, 0x80, 0x03, 0x05, 0x00, 0x80, 0xC0, 0x02, 0xFF, 0x80, 0x3F, 0x10, 0x00,
    0x83, 0xFE, 0x3F, 0x00, 0x3C, 0x06, 0x00, 0x83, 0xFC, 0x3F, 0xFF, 0x03, 0x0F, 0x00, 0x84, 0xF0,
    0xFF, 0x03, 0xE0, 0x01, 0x05, 0x00, 0x83, 0x80, 0xFF, 0xF1, 0x7F, 0x10, 0x00, 0x83, 0xFF, 0x1F,
    0x00, 0x1E, 0x06, 0x00, 0x83, 0xF0, 0x1F, 0xFE, 0x0F, 0x0F, 0x00, 0x83, 0xF8, 0xFF, 0x00, 0xF0,
    0x07, 0x00, 0x82, 0xFF, 0xC0, 0xFF, 0x0F, 0x00, 0x84, 0xE0, 0xFF, 0x07, 0x80, 0x07, 0x06, 0x00,
    0x83, 0xE0, 0x0F, 0xFC, 0x1F, 0x0F, 0x00, 0x83, 0xFF, 0x3F, 0x00, 0x7C, 0x07, 0x00, 0x83, 0x7E,
    0x80, 0xFF, 0x03, 0x0E, 0x00, 0x84, 0xF8, 0xFF, 0x03, 0xC0, 0x03, 0x06, 0x00, 0x83, 0xC0, 0x07,
    0xF8, 0x3F, 0x0E, 0x00, 0x82, 0xC0, 0xFF, 0x1F, 0x09, 0x00, 0x83, 0x38, 0x00, 0xFF, 0x07, 0x06,
    0x00, 0x80, 0x04, 0x07, 0x00, 0x81, 0xFE, 0xFF, 0x09, 0x00, 0x83, 0x80, 0x03, 0xF0, 0xFF, 0x0E,
    0x00, 0x82, 0xF8, 0xFF, 0x07, 0x09, 0x00, 0x83, 0x10, 0x00, 0xFE, 0x1F, 0x0D, 0x00, 0x82, 0xC0,
    0xFF, 0x3F, 0x0A, 0x00, 0x83, 0x01, 0xC0, 0xFF, 0x03, 0x0D, 0x00, 0x81, 0xFE, 0xFF, 0x0C, 0x00,
    0x81, 0xF8, 0x7F, 0x0D, 0x00, 0x84, 0xF8, 0xFF, 0x07, 0x00, 0x02, 0x09, 0x00, 0x82, 0x80, 0xFF,
    0x07, 0x03, 0x00, 0x80, 0x30, 0x08, 0x00, 0x84, 0xC0, 0xFF, 0x3F, 0x00, 0x30, 0x0A, 0x00, 0x81,
    0xF0, 0xFF, 0x03, 0x00, 0x81, 0x80, 0x0F, 0x08, 0x00, 0x02, 0xFF, 0x82, 0x01, 0x80, 0x03, 0x0A,
    0x00, 0x81, 0xFE, 0x1F, 0x03, 0x00, 0x81, 0xFE, 0x01, 0x07, 0x00, 0x84, 0xFC, 0xFF, 0x0F, 0x00,
    0x7C, 0x0A, 0x00, 0x82, 0xC0, 0xFF, 0x03, 0x02, 0x00, 0x81, 0xF0, 0xFF, 0x07, 0x00, 0x85, 0xF0,
    0xFF, 0x7F, 0x00, 0xE0, 0x0F, 0x0A, 0x00, 0x81, 0xF8, 0x7F, 0x02, 0x00, 0x82, 0x80, 0xFF, 0x7F,
    0x06, 0x00, 0x80, 0xC0, 0x02, 0xFF, 0x82, 0x01, 0x00, 0x7F, 0x0B, 0x00, 0x81, 0xFF, 0x0F, 0x02,
    0x00, 0x82, 0xF8, 0xFF, 0x1F, 0x05, 0x00, 0x80, 0x80, 0x02, 0xFF, 0x83, 0x0F, 0x00, 0xF8, 0x03,
    0x0A, 0x00, 0x84, 0xE0, 0xFF, 0x01, 0x00, 0xC0, 0x02, 0xFF, 0x80, 0x0F, 0x05, 0x00, 0x02, 0xFF,
    0x83, 0x3F, 0x00, 0xC0, 0x1F, 0x0B, 0x00, 0x81, 0xFC, 0x3F, 0x02, 0x00, 0x80, 0xFE, 0x02, 0xFF,
    0x80, 0x07, 0x04, 0x00, 0x80, 0xFE, 0x02, 0xFF, 0x82, 0x01, 0x00, 0xFE, 0x0B, 0x00, 0x84, 0x80,
    0xFF, 0x0F, 0x00, 0xE0, 0x03, 0xFF, 0x80, 0x0F, 0x03, 0x00, 0x80, 0xFE, 0x02, 0xFF, 0x83, 0x0F,
    0x00, 0xF0, 0x07, 0x0B, 0x00, 0x84, 0xF0, 0xFF, 0x01, 0x00, 0xF8, 0x03, 0xFF, 0x82, 0x7F, 0x00,
    0x80, 0x03, 0xFF, 0x83, 0x3F, 0x00, 0x80, 0x3F, 0x0C, 0x00, 0x81, 0xFE, 0x3F, 0x02, 0x00, 0x0A,
    0xFF, 0x02, 0x00, 0x81, 0xFE, 0x01, 0x0B, 0x00, 0x84, 0xC0, 0xFF, 0x07, 0x00, 0xC0, 0x09, 0xFF,
    0x83, 0x07, 0x00, 0xF0, 0x0F, 0x0C, 0x00, 0x84, 0xF8, 0xFF, 0x01, 0x00, 0xF0, 0x08, 0xFF, 0x83,
    0x1F, 0x00, 0x80, 0x7F, 0x0D, 0x00, 0x81, 0xFF, 0x3F, 0x02, 0x00, 0x80, 0xFC, 0x07, 0xFF, 0x80,
    0x7F, 0x02, 0x00, 0x81, 0xFE, 0x03, 0x0C, 0x00, 0x82, 0xE0, 0xFF, 0x07, 0x02, 0x00, 0x80, 0xFE,
    0x07, 0xFF, 0x02, 0x00, 0x81, 0xF0, 0x1F, 0x0D, 0x00, 0x82, 0xFC, 0xFF, 0x01, 0x02, 0x00, 0x07,
    0xFF, 0x83, 0x03, 0x00, 0xC0, 0xFF, 0x0D, 0x00, 0x82, 0x80, 0xFF, 0x3F, 0x02, 0x00, 0x80, 0x80,
    0x06, 0xFF, 0x80, 0x07, 0x02, 0x00, 0x81, 0xFF, 0x07, 0x0D, 0x00, 0x82, 0xF0, 0xFF, 0x0F, 0x02,
    0x00, 0x80, 0xC0, 0x05, 0xFF, 0x80, 0x0F, 0x02, 0x00, 0x81, 0xFC, 0x1F, 0x0E, 0x00, 0x82, 0xFC,
    0xFF, 0x01, 0x02, 0x00, 0x80, 0xC0, 0x04, 0xFF, 0x80, 0x07, 0x02, 0x00, 0x81, 0xE0, 0xFF, 0x0E,
    0x00, 0x82, 0x80, 0xFF, 0x3F, 0x04, 0x00, 0x80, 0xFC, 0x02, 0xFF, 0x80, 0x01, 0x02, 0x00, 0x82,
    0x80, 0xFF, 0x03, 0x0E, 0x00, 0x82, 0xF0, 0xFF, 0x0F, 0x0A, 0x00, 0x81, 0xFE, 0x1F, 0x0F, 0x00,
    0x82, 0xFC, 0xFF, 0x03, 0x09, 0x00, 0x81, 0xF8, 0x7F, 0x0F, 0x00, 0x82, 0x80, 0xFF, 0x7F, 0x09,
    0x00, 0x82, 0xF0, 0xFF, 0x03, 0x0F, 0x00, 0x82, 0xE0, 0xFF, 0x0F, 0x08, 0x00, 0x82, 0xC0, 0xFF,
    0x1F, 0x10, 0x00, 0x82, 0xFC, 0xFF, 0x03, 0x07, 0x00, 0x80, 0x80, 0x02, 0xFF, 0x80, 0x01, 0x10,
    0x00, 0x81, 0xFF, 0x7F, 0x08, 0x00, 0x02, 0xFF, 0x80, 0x1F, 0x10, 0x00, 0x82, 0xC0, 0xFF, 0x07,
    0x07, 0x00, 0x03, 0xFF, 0x11, 0x00, 0x82, 0xF8, 0xFF, 0x01, 0x05, 0x00, 0x80, 0x80, 0x03, 0xFF,
    0x80, 0x03, 0x11, 0x00, 0x81, 0xFE, 0x7F, 0x02, 0x00, 0x80, 0x06, 0x02, 0x00, 0x80, 0xC0, 0x03,
    0xFF, 0x80, 0x0F, 0x12, 0x00, 0x86, 0xFF, 0x0F, 0x00, 0xF0, 0x07, 0xBE, 0xFA, 0x03, 0xFF, 0x80,
    0x3F, 0x12, 0x00, 0x83, 0xC0, 0xFF, 0x0F, 0x00, 0x06, 0xFF, 0x80, 0x7F, 0x13, 0x00, 0x83, 0xF0,
    0xFF, 0x0F, 0xF0, 0x06, 0xFF, 0x80, 0x01, 0x13, 0x00, 0x82, 0xFC, 0xFF, 0x01, 0x06, 0xFF, 0x80,
    0x03, 0x14, 0x00, 0x80, 0xFE, 0x07, 0xFF, 0x80, 0x07, 0x15, 0x00, 0x80, 0xFC, 0x06, 0xFF, 0x80,
    0x0F, 0x16, 0x00, 0x80, 0xFE, 0x05, 0xFF, 0x80, 0x1F, 0x17, 0x00, 0x80, 0xFC, 0x04, 0xFF, 0x80,
    0x0F, 0x18, 0x00, 0x80, 0xFC, 0x03, 0xFF, 0x80, 0x07, 0x7F, 0x00, 0x7F, 0x00, 0x7F, 0x00, 0x7F,
    0x00, 0x5E, 0x00, 0x02, 0xFD, 0x06, 0x00, 0x00, 0x00, 0x00, 0x01, 0xFF, 0x64, 0x00, 0x05, 0xFA,
    0x62, 0x0D, 0x00, 0x0C, 0x00, 0x80, 0xE0, 0x02, 0xFF, 0x80, 0x03, 0x1A, 0x00, 0x80, 0xFE, 0x02,
    0xFF, 0x80, 0x03, 0x19, 0x00, 0x80, 0xE0, 0x03, 0xFF, 0x80, 0x03, 0x19, 0x00, 0x80, 0xFC, 0x03,
    0xFF, 0x80, 0x03, 0x19, 0x00, 0x04, 0xFF, 0x80, 0x03, 0x18, 0x00, 0x80, 0xE0, 0x04, 0xFF, 0x80,
    0x03, 0x18, 0x00, 0x80, 0xF8, 0x04, 0xFF, 0x80, 0x03, 0x18, 0x00, 0x04, 0xFF, 0x80, 0x0B, 0x18,
    0x00, 0x80, 0xC0, 0x03, 0xFF, 0x80, 0x01, 0x19, 0x00, 0x80, 0xF0, 0x02, 0xFF, 0x80, 0x0F, 0x1A,
    0x00, 0x80, 0xFC, 0x02, 0xFF, 0x1B, 0x00, 0x02, 0xFF, 0x80, 0x0F, 0x1A, 0x00, 0x80, 0xC0, 0x02,
    0xFF, 0x80, 0x03, 0x1A, 0x00, 0x82, 0xE0, 0xFF, 0x7F, 0x1B, 0x00, 0x82, 0xF8, 0xFF, 0x0F, 0x1B,
    0x00, 0x82, 0xFC, 0xFF, 0x03, 0x1B, 0x00, 0x02, 0xFF, 0x04, 0x00, 0x81, 0xF8, 0x03, 0x15, 0x00,
    0x82, 0x80, 0xFF, 0x3F, 0x03, 0x00, 0x82, 0xFC, 0xFF, 0x03, 0x15, 0x00, 0x82, 0xE0, 0xFF, 0x0F,
    0x02, 0x00, 0x80, 0xF0, 0x02, 0xFF, 0x80, 0x03, 0x15, 0x00, 0x82, 0xF0, 0xFF, 0x03, 0x02, 0x00,
    0x80, 0xFE, 0x02, 0xFF, 0x80, 0x03, 0x15, 0x00, 0x84, 0xFC, 0xFF, 0x01, 0x00, 0xE0, 0x03, 0xFF,
    0x80, 0x03, 0x15, 0x00, 0x81, 0xFE, 0x7F, 0x02, 0x00, 0x80, 0xF8, 0x03, 0xFF, 0x80, 0x03, 0x15,
    0x00, 0x81, 0xFF, 0x3F, 0x02, 0x00, 0x04, 0xFF, 0x80, 0x03, 0x14, 0x00, 0x84, 0xC0, 0xFF, 0x0F,
    0x00, 0xE0, 0x03, 0xFF, 0x81, 0xBF, 0x03, 0x14, 0x00, 0x84, 0xE0, 0xFF, 0x07, 0x00, 0xF8, 0x02,
    0xFF, 0x80, 0x7F, 0x16, 0x00, 0x84, 0xF0, 0xFF, 0x01, 0x00, 0xFE, 0x02, 0xFF, 0x83, 0x01, 0x00,
    0xFC, 0x1F, 0x13, 0x00, 0x83, 0xF8, 0xFF, 0x00, 0x80, 0x02, 0xFF, 0x80, 0x1F, 0x02, 0x00, 0x82,
    0xFC, 0xFF, 0x7F, 0x12, 0x00, 0x83, 0xFC, 0x3F, 0x00, 0xE0, 0x02, 0xFF, 0x80, 0x01, 0x02, 0x00,
    0x80, 0xFC, 0x02, 0xFF, 0x80, 0x03, 0x11, 0x00, 0x85, 0xFF, 0x1F, 0x00, 0xF8, 0xFF, 0x1F, 0x03,
    0x00, 0x80, 0xFC, 0x02, 0xFF, 0x80, 0x1F, 0x11, 0x00, 0x85, 0xFF, 0x0F, 0x00, 0xFE, 0xFF, 0x07,
    0x03, 0x00, 0x80, 0xFC, 0x02, 0xFF, 0x80, 0x3F, 0x10, 0x00, 0x83, 0x80, 0xFF, 0x07, 0x00, 0x02,
    0xFF, 0x80, 0x01, 0x03, 0x00, 0x80, 0xFC, 0x02, 0xFF, 0x80, 0x3F, 0x10, 0x00, 0x85, 0xE0, 0xFF,
    0x03, 0xC0, 0xFF, 0x3F, 0x04, 0x00, 0x80, 0xFC, 0x02, 0xFF, 0x80, 0x1F, 0x10, 0x00, 0x85, 0xF0,
    0xFF, 0x00, 0xF0, 0xFF, 0x0F, 0x06, 0x00, 0x81, 0xF0, 0x1F, 0x10, 0x00, 0x85, 0xF8, 0x7F, 0x00,
    0xF8, 0xFF, 0x03, 0x07, 0x00, 0x80, 0x0C, 0x10, 0x00, 0x84, 0xFC, 0x3F, 0x00, 0xFE, 0xFF, 0x19,
    0x00, 0x84, 0xFE, 0x1F, 0x00, 0xFF, 0x3F, 0x19, 0x00, 0x84, 0xFE, 0x0F, 0x80, 0xFF, 0x1F, 0x19,
    0x00, 0x84, 0xFF, 0x07, 0xE0, 0xFF, 0x07, 0x19, 0x00, 0x84, 0xFF, 0x03, 0xF0, 0xFF, 0x01, 0x19,
    0x00, 0x83, 0xFE, 0x01, 0xF8, 0xFF, 0x1A, 0x00, 0x83, 0xFC, 0x00, 0xFC, 0x7F, 0x09, 0x00, 0x80,
    0x38, 0x10, 0x00, 0x83, 0x78, 0x00, 0xFE, 0x1F, 0x09, 0x00, 0x81, 0xFF, 0x01, 0x0F, 0x00, 0x83,
    0x30, 0x80, 0xFF, 0x0F, 0x08, 0x00, 0x82, 0xC0, 0xFF, 0x0F, 0x10, 0x00, 0x82, 0xC0, 0xFF, 0x07,
    0x08, 0x00, 0x82, 0x80, 0xFF, 0x3F, 0x0E, 0x00, 0x84, 0x0C, 0x00, 0xE0, 0xFF, 0x01, 0x08, 0x00,
    0x80, 0x80, 0x02, 0xFF, 0x0E, 0x00, 0x83, 0x1E, 0x00, 0xF0, 0xFF, 0x09, 0x00, 0x80, 0x80, 0x02,
    0xFF, 0x80, 0x03, 0x0D, 0x00, 0x83, 0x3F, 0x00, 0xF8, 0x7F, 0x0A, 0x00, 0x02, 0xFF, 0x80, 0x0F,
    0x0C, 0x00, 0x84, 0x80, 0x7F, 0x00, 0xFC, 0x3F, 0x0A, 0x00, 0x02, 0xFF, 0x80, 0x1F, 0x0C, 0x00,
    0x84, 0x80, 0xFF, 0x00, 0xFE, 0x1F, 0x0A, 0x00, 0x82, 0xFE, 0xFF, 0x7F, 0x0C, 0x00, 0x84, 0xC0,
    0xFF, 0x00, 0xFF, 0x0F, 0x0A, 0x00, 0x80, 0xFC, 0x02, 0xFF, 0x80, 0x01, 0x0B, 0x00, 0x84, 0xE0,
    0x7F, 0x80, 0xFF, 0x07, 0x0A, 0x00, 0x80, 0xE0, 0x02, 0xFF, 0x80, 0x03, 0x0B, 0x00, 0x84, 0xE0,
    0x7F, 0x80, 0xFF, 0x03, 0x0A, 0x00, 0x80, 0x80, 0x02, 0xFF, 0x80, 0x0F, 0x0B, 0x00, 0x84, 0xF0,
    0x3F, 0xC0, 0xFF, 0x01, 0x0B, 0x00, 0x82, 0xFC, 0xFF, 0x1F, 0x03, 0x00, 0x80, 0x01, 0x07, 0x00,
    0x83, 0xF8, 0x1F, 0xE0, 0xFF, 0x0C, 0x00, 0x82, 0xF0, 0xFF, 0x3F, 0x02, 0x00, 0x81, 0xC0, 0x03,
    0x07, 0x00, 0x83, 0xF8, 0x0F, 0xF0, 0x7F, 0x0C, 0x00, 0x82, 0xC0, 0xFF, 0x7F, 0x02, 0x00, 0x81,
    0xC0, 0x03, 0x07, 0x00, 0x83, 0xFC, 0x0F, 0xF8, 0x3F, 0x0C, 0x00, 0x80, 0x80, 0x02, 0xFF, 0x83,
    0x01, 0x00, 0xF0, 0x07, 0x07, 0x00, 0x83, 0xFE, 0x07, 0xFC, 0x1F, 0x0D, 0x00, 0x85, 0xFE, 0xFF,
    0x03, 0x00, 0xF0, 0x0F, 0x07, 0x00, 0x83, 0xFE, 0x03, 0xFC, 0x1F, 0x0D, 0x00, 0x85, 0xF8, 0xFF,
    0x07, 0x00, 0xFC, 0x0F, 0x07, 0x00, 0x83, 0xFF, 0x03, 0xFE, 0x0F, 0x0D, 0x00, 0x85, 0xF0, 0xFF,
    0x0F, 0x00, 0xFC, 0x1F, 0x06, 0x00, 0x84, 0x80, 0xFF, 0x01, 0xFF, 0x07, 0x0D, 0x00, 0x85, 0xC0,
    0xFF, 0x1F, 0x00, 0xF8, 0x3F, 0x06, 0x00, 0x84, 0x80, 0xFF, 0x80, 0xFF, 0x03, 0x0D, 0x00, 0x85,
    0x80, 0xFF, 0x3F, 0x00, 0xF0, 0x3F, 0x06, 0x00, 0x84, 0xC0, 0xFF, 0x80, 0xFF, 0x01, 0x0E, 0x00,
    0x84, 0xFF, 0x7F, 0x00, 0xF0, 0x7F, 0x06, 0x00, 0x84, 0xC0, 0x7F, 0xC0, 0xFF, 0x01, 0x0E, 0x00,
    0x85, 0xFC, 0xFF, 0x00, 0xE0, 0xFF, 0x01, 0x05, 0x00, 0x83, 0xE0, 0x7F, 0xE0, 0xFF, 0x0F, 0x00,
    0x85, 0xF8, 0xFF, 0x01, 0xC0, 0xFF, 0x01, 0x05, 0x00, 0x83, 0xE0, 0x3F, 0xE0, 0x7F, 0x0F, 0x00,
    0x85, 0xF0, 0xFF, 0x03, 0x80, 0xFF, 0x03, 0x05, 0x00, 0x83, 0xF0, 0x1F, 0xF0, 0x3F, 0x0F, 0x00,
    0x85, 0xE0, 0xFF, 0x07, 0x00, 0xFF, 0x07, 0x05, 0x00, 0x83, 0xF0, 0x1F, 0xF0, 0x3F, 0x0F, 0x00,
    0x85, 0xC0, 0xFF, 0x0F, 0x00, 0xFF, 0x07, 0x05, 0x00, 0x83, 0xF8, 0x0F, 0xF8, 0x1F, 0x0F, 0x00,
    0x85, 0x80, 0xFF, 0x0F, 0x00, 0xFE, 0x0F, 0x05, 0x00, 0x83, 0xF8, 0x0F, 0xFC, 0x0F, 0x10, 0x00,
    0x84, 0xFF, 0x1F, 0x00, 0xFC, 0x0F, 0x05, 0x00, 0x83, 0xFC, 0x07, 0xFC, 0x0F, 0x10, 0x00, 0x84,
    0xFE, 0x3F, 0x00, 0xFC, 0x1F, 0x05, 0x00, 0x83, 0xFC, 0x07, 0xFE, 0x07, 0x10, 0x00, 0x84, 0xFC,
    0x7F, 0x00, 0xF8, 0x1F, 0x05, 0x00, 0x83, 0xFE, 0x03, 0xFE, 0x07, 0x10, 0x00, 0x84, 0xF8, 0x7F,
    0x00, 0xF0, 0x3F, 0x05, 0x00, 0x83, 0xFE, 0x03, 0xFF, 0x03, 0x10, 0x00, 0x84, 0xF0, 0xFF, 0x00,
    0xF0, 0x3F, 0x05, 0x00, 0x83, 0xFF, 0x01, 0xFF, 0x01, 0x10, 0x00, 0x84, 0xE0, 0xFF, 0x01, 0xE0,
    0x7F, 0x05, 0x00, 0x83, 0xFF, 0x81, 0xFF, 0x01, 0x10, 0x00, 0x84, 0xC0, 0xFF, 0x01, 0xC0, 0x7F,
    0x05, 0x00, 0x82, 0xFF, 0x80, 0xFF, 0x11, 0x00, 0x84, 0xC0, 0xFF, 0x03, 0xC0, 0x7F, 0x04, 0x00,
    0x83, 0x80, 0xFF, 0xC0, 0xFF, 0x11, 0x00, 0x84, 0x80, 0xFF, 0x03, 0x80, 0xFF, 0x04, 0x00, 0x83,
    0x80, 0x7F, 0xC0, 0x7F, 0x12, 0x00, 0x83, 0xFF, 0x07, 0x80, 0xFF, 0x04, 0x00, 0x83, 0xC0, 0x7F,
    0xE0, 0x7F, 0x12, 0x00, 0x83, 0xFF, 0x07, 0x00, 0x1F, 0x04, 0x00, 0x83, 0xC0, 0x7F, 0xE0, 0x3F,
    0x12, 0x00, 0x81, 0xFE, 0x0F, 0x06, 0x00, 0x83, 0xC0, 0x3F, 0xF0, 0x3F, 0x12, 0x00, 0x81, 0xFC,
    0x0F, 0x06, 0x00, 0x83, 0xE0, 0x3F, 0xF0, 0x1F, 0x12, 0x00, 0x81, 0xFC, 0x1F, 0x06, 0x00, 0x83,
    0xE0, 0x1F, 0xF0, 0x1F, 0x12, 0x00, 0x81, 0xF8, 0x3F, 0x06, 0x00, 0x83, 0xE0, 0x1F, 0xF0, 0x1F,
    0x12, 0x00, 0x81, 0xF8, 0x3F, 0x06, 0x00, 0x83, 0xF0, 0x0F, 0xF8, 0x0F, 0x12, 0x00, 0x81, 0xF0,
    0x3F, 0x06, 0x00, 0x83, 0xF0, 0x0F, 0xF8, 0x0F, 0x12, 0x00, 0x81, 0xE0, 0x7F, 0x06, 0x00, 0x83,
    0xF0, 0x0F, 0xFC, 0x0F, 0x12, 0x00, 0x81, 0xE0, 0x7F, 0x06, 0x00, 0x83, 0xF8, 0x0F, 0xFC, 0x07,
    0x12, 0x00, 0x81, 0xC0, 0xFF, 0x06, 0x00, 0x83, 0xF8, 0x07, 0xFE, 0x07, 0x12, 0x00, 0x81, 0xC0,
    0xFF, 0x06, 0x00, 0x83, 0xF8, 0x07, 0xFE, 0x07, 0x12, 0x00, 0x82, 0x80, 0xFF, 0x01, 0x05, 0x00,
    0x83, 0xFC, 0x07, 0xFE, 0x03, 0x12, 0x00, 0x82, 0x80, 0xFF, 0x01, 0x05, 0x00, 0x83, 0xFC, 0x03,
    0xFF, 0x03, 0x0B, 0x00, 0x81, 0xFE, 0x1F, 0x06, 0x00, 0x81, 0xFF, 0x03, 0x05, 0x00, 0x83, 0xFC,
    0x03, 0xFF, 0x03, 0x0A, 0x00, 0x80, 0xE0, 0x02, 0xFF, 0x80, 0x03, 0x05, 0x00, 0x81, 0xFF, 0x03,
    0x05, 0x00, 0x83, 0xFE, 0x83, 0xFF, 0x01, 0x0A, 0x00, 0x80, 0xFC, 0x02, 0xFF, 0x80, 0x1F, 0x05,
    0x00, 0x81, 0xFE, 0x03, 0x05, 0x00, 0x83, 0xFE, 0x81, 0xFF, 0x01, 0x0A, 0x00, 0x80, 0xFC, 0x02,
    0xFF, 0x80, 0x7F, 0x05, 0x00, 0x81, 0xFE, 0x07, 0x05, 0x00, 0x83, 0xFE, 0x81, 0xFF, 0x01, 0x0A,
    0x00, 0x80, 0xFC, 0x03, 0xFF, 0x05, 0x00, 0x81, 0xFE, 0x07, 0x05, 0x00, 0x82, 0xFE, 0x80, 0xFF,
    0x0B, 0x00, 0x80, 0xFC, 0x02, 0xFF, 0x80, 0x7F, 0x05, 0x00, 0x81, 0xFE, 0x07, 0x05, 0x00, 0x82,
    0x02, 0xC0, 0xFF, 0x0B, 0x00, 0x80, 0xFC, 0x02, 0xFF, 0x80, 0x3F, 0x05, 0x00, 0x81, 0xFC, 0x07,
    0x06, 0x00, 0x81, 0xC0, 0xFF, 0x0B, 0x00, 0x80, 0xFC, 0x02, 0xFF, 0x80, 0x1F, 0x03, 0x00, 0x83,
    0x01, 0x00, 0xFC, 0x0F, 0x06, 0x00, 0x81, 0xC0, 0x7F, 0x0B, 0x00, 0x80, 0xFC, 0x02, 0xFF, 0x80,
    0x0F, 0x02, 0x00, 0x84, 0xC0, 0x07, 0x00, 0xFC, 0x0F, 0x06, 0x00, 0x81, 0xC0, 0x7F, 0x0B, 0x00,
    0x80, 0xFC, 0x02, 0xFF, 0x80, 0x07, 0x02, 0x00, 0x84, 0xC0, 0x0F, 0x00, 0xF8, 0x0F, 0x06, 0x00,
    0x81, 0xC0, 0x7F, 0x0B, 0x00, 0x80, 0xFC, 0x02, 0xFF, 0x80, 0x03, 0x02, 0x00, 0x84, 0xE0, 0x0F,
    0x00, 0xF8, 0x0F, 0x06, 0x00, 0x81, 0xC0, 0x7F, 0x0B, 0x00, 0x80, 0xFC, 0x02, 0xFF, 0x80, 0x01,
    0x02, 0x00, 0x84, 0xE0, 0x0F, 0x00, 0xF8, 0x0F, 0x06, 0x00, 0x81, 0xE0, 0x7F, 0x0B, 0x00, 0x80,
    0xFC, 0x02, 0xFF, 0x03, 0x00, 0x84, 0xC0, 0x0F, 0x00, 0xF8, 0x1F, 0x06, 0x00, 0x81, 0xE0, 0x7F,
    0x0B, 0x00, 0x82, 0xFC, 0xFF, 0x7F, 0x03, 0x00, 0x84, 0xC0, 0x07, 0x00, 0xF0, 0x1F, 0x06, 0x00,
    0x81, 0xE0, 0x7F, 0x0B, 0x00, 0x82, 0xFC, 0xFF, 0x3F, 0x06, 0x00, 0x81, 0xF0, 0x1F, 0x06, 0x00,
    0x81, 0xE0, 0x7F, 0x0B, 0x00, 0x82, 0xFC, 0xFF, 0x1F, 0x06, 0x00, 0x81, 0xF0, 0x1F, 0x06, 0x00,
    0x81, 0xE0, 0x3F, 0x0B, 0x00, 0x82, 0xFC, 0xFF, 0x0F, 0x06, 0x00, 0x81, 0xF0, 0x1F, 0x06, 0x00,
    0x81, 0xE0, 0x3F, 0x0A, 0x00, 0x85, 0x0E, 0xFC, 0xFF, 0x07, 0x00, 0x80, 0x04, 0x00, 0x81, 0xF0,
    0x3F, 0x06, 0x00, 0x81, 0xE0, 0x3F, 0x05, 0x00, 0x8B, 0xE0, 0x7F, 0x00, 0xF0, 0x83, 0x7F, 0xFC,
    0xE7, 0x03, 0x7E, 0xF8, 0x07, 0x03, 0x00, 0x81, 0xF0, 0x3F, 0x06, 0x00, 0x81, 0xE0, 0x3F, 0x05,
    0x00, 0x90, 0xF8, 0xFF, 0x01, 0xF0, 0xE7, 0xFF, 0xFC, 0xDF, 0x00, 0x7E, 0xFC, 0x0F, 0xE0, 0x0F,
    0x00, 0xF0, 0x3F, 0x06, 0x00, 0x81, 0xE0, 0x3F, 0x05, 0x00, 0x90, 0xFC, 0xFF, 0x03, 0xF0, 0xF7,
    0xFF, 0x79, 0xFE, 0x00, 0x7E, 0xFE, 0x1F, 0xE0, 0x0F, 0x00, 0xE0, 0x3F, 0x06, 0x00, 0x81, 0xF0,
    0x3F, 0x05, 0x00, 0x83, 0xFE, 0xFF, 0x07, 0xF0, 0x02, 0xFF, 0x8A, 0x19, 0xFE, 0x00, 0xFE, 0xFF,
    0x3F, 0xE0, 0x0F, 0x00, 0xE0, 0x3F, 0x06, 0x00, 0x81, 0xE0, 0x1F, 0x05, 0x00, 0x02, 0xFF, 0x81,
    0x0F, 0xF0, 0x02, 0xFF, 0x8A, 0x03, 0xFF, 0x01, 0xFE, 0xFF, 0x3F, 0xE0, 0x0F, 0x00, 0xE0, 0x3F,
    0x06, 0x00, 0x81, 0xF0, 0x1F, 0x05, 0x00, 0x83, 0xFF, 0xFD, 0x0F, 0xF0, 0x02, 0xFF, 0x8A, 0xC3,
    0xFF, 0x01, 0xFE, 0xFF, 0x7F, 0xE0, 0x0F, 0x00, 0xE0, 0x3F, 0x06, 0x00, 0x81, 0xF0, 0x1F, 0x04,
    0x00, 0x91, 0x80, 0x7F, 0xE0, 0x1F, 0xF0, 0x3F, 0xF8, 0x07, 0xFC, 0x03, 0xFE, 0x83, 0x7F, 0xE0,
    0x0F, 0x00, 0xE0, 0x3F, 0x06, 0x00, 0x81, 0xF0, 0x1F, 0x04, 0x00, 0x91, 0x80, 0x3F, 0xC0, 0x1F,
    0xF0, 0x1F, 0xF8, 0x07, 0xFC, 0x03, 0xFE, 0x01, 0x7F, 0xE0, 0x0F, 0x00, 0xE0, 0x3F, 0x06, 0x00,
    0x81, 0xF0, 0x1F, 0x04, 0x00, 0x91, 0xC0, 0x1F, 0xC0, 0x1F, 0xF0, 0x0F, 0xF8, 0x07, 0xF8, 0x03,
    0xFE, 0x00, 0x7F, 0xE0, 0x0F, 0x00, 0xE0, 0x3F, 0x06, 0x00, 0x81, 0xF0, 0x1F, 0x04, 0x00, 0x91,
    0xC0, 0x1F, 0x80, 0x3F, 0xF0, 0x0F, 0xF8, 0x07, 0xF8, 0x03, 0xFE, 0x00, 0x7F, 0xE0, 0x0F, 0x00,
    0xE0, 0x3F, 0x06, 0x00, 0x81, 0xF0, 0x1F, 0x04, 0x00, 0x91, 0xC0, 0x1F, 0x80, 0x3F, 0xF0, 0x07,
    0xF8, 0x07, 0xF8, 0x03, 0xFE, 0x00, 0x7F, 0xE0, 0x0F, 0x00, 0xE0, 0x3F, 0x06, 0x00, 0x81, 0xF0,
    0x1F, 0x04, 0x00, 0x91, 0xC0, 0x1F, 0x80, 0x3F, 0xF0, 0x07, 0xF0, 0x07, 0xF8, 0x03, 0xFE, 0x00,
    0x7F, 0xE0, 0x0F, 0x00, 0xE0, 0x3F, 0x06, 0x00, 0x81, 0xF0, 0x1F, 0x04, 0x00, 0x91, 0xC0, 0x1F,
    0x80, 0x3F, 0xF0, 0x07, 0xF8, 0x07, 0xF8, 0x03, 0xFE, 0x00, 0x7F, 0xE0, 0x0F, 0x00, 0xE0, 0x3F,
    0x06, 0x00, 0x97, 0xF0, 0x1F, 0x00, 0x80, 0x0F, 0x00, 0xC0, 0x1F, 0x80, 0x3F, 0xF0, 0x07, 0xF8,
    0x07, 0xF8, 0x03, 0xFE, 0x00, 0x7F, 0xE0, 0x0F, 0x00, 0xE0, 0x3F, 0x06, 0x00, 0x97, 0xF0, 0x1F,
    0x00, 0x80, 0x1F, 0x00, 0xC0, 0x1F, 0x80, 0x3F, 0xF0, 0x07, 0xF0, 0x07, 0xF8, 0x03, 0xFE, 0x00,
    0x7F, 0xE0, 0x0F, 0x00, 0xE0, 0x3F, 0x06, 0x00, 0x97, 0xE0, 0x1F, 0x00, 0x80, 0x1F, 0x00, 0xC0,
    0x1F, 0x80, 0x3F, 0xF0, 0x07, 0xF8, 0x07, 0xF8, 0x03, 0xFE, 0x00, 0x7F, 0xE0, 0x0F, 0x00, 0xE0,
    0x3F, 0x06, 0x00, 0x97, 0xF0, 0x3F, 0x00, 0x80, 0x1F, 0x00, 0xC0, 0x1F, 0x80, 0x3F, 0xF0, 0x07,
    0xF0, 0x07, 0xF8, 0x03, 0xFE, 0x00, 0x7F, 0xE0, 0x0F, 0x00, 0xE0, 0x3F, 0x06, 0x00, 0x81, 0xE0,
    0x3F, 0x02, 0x00, 0x93, 0x1F, 0x00, 0xC0, 0x3F, 0xC0, 0x3F, 0xF0, 0x07, 0xF0, 0x07, 0xF8, 0x03,
    0xFE, 0x00, 0x7F, 0xE0, 0x0F, 0x00, 0xE0, 0x3F, 0x06, 0x00, 0x81, 0xE0, 0x3F, 0x02, 0x00, 0x93,
    0x1F, 0x00, 0x80, 0x3F, 0xC0, 0x1F, 0xF0, 0x07, 0xF0, 0x07, 0xF8, 0x03, 0xFE, 0x00, 0x7F, 0xE0,
    0x0F, 0x00, 0xE0, 0x3F, 0x06, 0x00, 0x81, 0xE0, 0x3F, 0x02, 0x00, 0x93, 0x1F, 0x00, 0x80, 0x7F,
    0xF0, 0x1F, 0xF0, 0x07, 0xF0, 0x07, 0xF8, 0x03, 0xFE, 0x00, 0x7F, 0xE0, 0x0F, 0x00, 0xE0, 0x3F,
    0x06, 0x00, 0x81, 0xE0, 0x3F, 0x02, 0x00, 0x80, 0x3F, 0x02, 0x00, 0x02, 0xFF, 0x8E, 0x0F, 0xF0,
    0x07, 0xF0, 0x07, 0xF8, 0x03, 0xFE, 0x00, 0x7F, 0xE0, 0x0F, 0x00, 0xF0, 0x1F, 0x06, 0x00, 0x81,
    0xE0, 0x3F, 0x02, 0x00, 0x80, 0x3F, 0x02, 0x00, 0x02, 0xFF, 0x8E, 0x0F, 0xF0, 0x07, 0xF0, 0x07,
    0xF8, 0x03, 0xFE, 0x00, 0x7F, 0xC0, 0x0F, 0x00, 0xF0, 0x1F, 0x06, 0x00, 0x81, 0xE0, 0x7F, 0x02,
    0x00, 0x80, 0x3E, 0x02, 0x00, 0x90, 0xFE, 0xFF, 0x07, 0xF0, 0x07, 0xF0, 0x07, 0xF8, 0x03, 0xFE,
    0x00, 0x7F, 0xC0, 0x0F, 0x00, 0xF0, 0x1F, 0x06, 0x00, 0x81, 0xE0, 0x7F, 0x02, 0x00, 0x80, 0x3E,
    0x02, 0x00, 0x90, 0xFC, 0xFF, 0x03, 0xF0, 0x07, 0xF0, 0x07, 0xF8, 0x03, 0xFE, 0x00, 0x7F, 0xC0,
    0x0F, 0x00, 0xF0, 0x1F, 0x06, 0x00, 0x81, 0xE0, 0x7F, 0x02, 0x00, 0x80, 0x3E, 0x02, 0x00, 0x90,
    0xF8, 0xFF, 0x00, 0xF0, 0x07, 0xF0, 0x07, 0xF8, 0x03, 0xFE, 0x00, 0x7F, 0xC0, 0x0F, 0x00, 0xF0,
    0x1F, 0x06, 0x00, 0x84, 0xE0, 0x7F, 0x00, 0x80, 0x7F, 0x02, 0x00, 0x90, 0xE0, 0x3F, 0x00, 0xF0,
    0x07, 0xF0, 0x03, 0xF8, 0x01, 0x7E, 0x00, 0x7E, 0xC0, 0x0F, 0x00, 0xF0, 0x1F, 0x06, 0x00, 0x84,
    0xC0, 0x7F, 0x00, 0xE0, 0x7F, 0x11, 0x00, 0x81, 0xF8, 0x1F, 0x06, 0x00, 0x84, 0xC0, 0x7F, 0x00,
    0xE0, 0x7F, 0x11, 0x00, 0x81, 0xF8, 0x0F, 0x06, 0x00, 0x84, 0xC0, 0xFF, 0x00, 0xE0, 0xFF, 0x11,
    0x00, 0x81, 0xF8, 0x0F, 0x06, 0x00, 0x84, 0xC0, 0xFF, 0x00, 0xE0, 0xFF, 0x11, 0x00, 0x81, 0xFC,
    0x0F, 0x06, 0x00, 0x84, 0xC0, 0xFF, 0x00, 0xC0, 0xFF, 0x11, 0x00, 0x81, 0xFC, 0x0F, 0x06, 0x00,
    0x85, 0xC0, 0xFF, 0x00, 0xC0, 0xFF, 0x01, 0x10, 0x00, 0x81, 0xFC, 0x07, 0x06, 0x00, 0x85, 0x80,
    0xFF, 0x01, 0xC0, 0xFF, 0x01, 0x10, 0x00, 0x81, 0xFC, 0x07, 0x06, 0x00, 0x85, 0x80, 0xFF, 0x01,
    0xC0, 0xFF, 0x01, 0x10, 0x00, 0x81, 0xFE, 0x07, 0x06, 0x00, 0x85, 0x80, 0xFF, 0x01, 0x80, 0xFF,
    0x01, 0x10, 0x00, 0x81, 0xFE, 0x07, 0x07, 0x00, 0x84, 0xFF, 0x01, 0xC0, 0xFF, 0x03, 0x10, 0x00,
    0x81, 0xFE, 0x03, 0x07, 0x00, 0x84, 0xFF, 0x03, 0xE0, 0xFF, 0x03, 0x10, 0x00, 0x81, 0xFE, 0x03,
    0x07, 0x00, 0x84, 0xFF, 0x03, 0xC0, 0xFF, 0x03, 0x10, 0x00, 0x81, 0xFF, 0x03, 0x07, 0x00, 0x84,
    0xFF, 0x03, 0xC0, 0xFF, 0x03, 0x10, 0x00, 0x81, 0xFF, 0x03, 0x07, 0x00, 0x84, 0xFE, 0x07, 0xC0,
    0xFF, 0x01, 0x10, 0x00, 0x81, 0xFF, 0x01, 0x07, 0x00, 0x83, 0xFE, 0x07, 0x80, 0xFF, 0x11, 0x00,
    0x81, 0xFC, 0x01, 0x07, 0x00, 0x83, 0xFE, 0x07, 0x80, 0x3F, 0x11, 0x00, 0x81, 0xF0, 0x01, 0x07,
    0x00, 0x83, 0xFC, 0x07, 0x80, 0x01, 0x11, 0x00, 0x80, 0xE0, 0x08, 0x00, 0x83, 0xFC, 0x0F, 0x80,
    0x01, 0x1A, 0x00, 0x83, 0xF8, 0x0F, 0x00, 0x01, 0x1A, 0x00, 0x81, 0xF8, 0x1F, 0x1C, 0x00, 0x83,
    0xF8, 0x1F, 0x00, 0x02, 0x1A, 0x00, 0x81, 0xF0, 0x0F, 0x1C, 0x00, 0x81, 0xF0, 0x0F, 0x1C, 0x00,
    0x81, 0xE0, 0x0F, 0x1C, 0x00, 0x81, 0xE0, 0x0F, 0x1C, 0x00, 0x81, 0xC0, 0x1F, 0x02, 0x00, 0x80,
    0x10, 0x19, 0x00, 0x81, 0xC0, 0x1F, 0x02, 0x00, 0x80, 0x34, 0x19, 0x00, 0x84, 0x80, 0x1F, 0x00,
    0x80, 0x74, 0x19, 0x00, 0x84, 0x80, 0x3F, 0x00, 0xC0, 0xE3, 0x1A, 0x00, 0x84, 0xFF, 0x03, 0xC0,
    0xC5, 0x01, 0x19, 0x00, 0x84, 0xFF, 0x03, 0x80, 0xDF, 0x23, 0x19, 0x00, 0x84, 0xFE, 0x03, 0x00,
    0xBF, 0x23, 0x19, 0x00, 0x84, 0xFC, 0x03, 0x00, 0x7E, 0x66, 0x19, 0x00, 0x85, 0xFC, 0x07, 0x00,
    0xFE, 0xEC, 0x01, 0x18, 0x00, 0x85, 0xF8, 0x07, 0x00, 0xFC, 0xFD, 0x03, 0x18, 0x00, 0x85, 0xF8,
    0x07, 0x00, 0xF8, 0xFF, 0x07, 0x18, 0x00, 0x85, 0xF0, 0x07, 0x00, 0xF0, 0xFF, 0x07, 0x18, 0x00,
    0x85, 0xF0, 0x0F, 0x00, 0xE0, 0xFF, 0x0F, 0x18, 0x00, 0x85, 0xE0, 0x0F, 0x00, 0xE0, 0xFF, 0x3F,
    0x18, 0x00, 0x85, 0xC0, 0x1F, 0x00, 0xC0, 0xFF, 0x7F, 0x18, 0x00, 0x83, 0xC0, 0x3F, 0x00, 0x80,
    0x02, 0xFF, 0x18, 0x00, 0x81, 0x80, 0x3F, 0x02, 0x00, 0x02, 0xFF, 0x80, 0x01, 0x18, 0x00, 0x80,
    0x7F, 0x02, 0x00, 0x82, 0xFE, 0xFF, 0x03, 0x18, 0x00, 0x80, 0xFE, 0x02, 0x00, 0x82, 0xFC, 0xFF,
    0x0F, 0x0D, 0x00, 0x80, 0x08, 0x0A, 0x00, 0x85, 0xFE, 0x01, 0x00, 0xF8, 0xFF, 0x3F, 0x09, 0x00,
    0x81, 0xC0, 0x01, 0x02, 0x00, 0x80, 0x1C, 0x0A, 0x00, 0x85, 0xFC, 0x07, 0x00, 0xF0, 0xFF, 0x7F,
    0x09, 0x00, 0x81, 0xE0, 0x03, 0x02, 0x00, 0x80, 0x7E, 0x0A, 0x00, 0x83, 0xF8, 0x1F, 0x00, 0xC0,
    0x02, 0xFF, 0x80, 0x01, 0x08, 0x00, 0x81, 0xF8, 0x07, 0x02, 0x00, 0x81, 0xFE, 0x03, 0x09, 0x00,
    0x83, 0xF0, 0x3F, 0x00, 0xC0, 0x02, 0xFF, 0x80, 0x03, 0x08, 0x00, 0x81, 0xFC, 0x1F, 0x02, 0x00,
    0x81, 0xFF, 0x07, 0x09, 0x00, 0x83, 0xE0, 0x7F, 0x00, 0x80, 0x02, 0xFF, 0x80, 0x0F, 0x08, 0x00,
    0x85, 0xFF, 0x3F, 0x00, 0x80, 0xFF, 0x03, 0x09, 0x00, 0x81, 0xC0, 0xFF, 0x02, 0x00, 0x02, 0xFF,
    0x80, 0x3F, 0x07, 0x00, 0x80, 0xC0, 0x02, 0xFF, 0x83, 0x00, 0xC0, 0xFF, 0x01, 0x09, 0x00, 0x84,
    0x80, 0xFF, 0x01, 0x00, 0xFE, 0x02, 0xFF, 0x07, 0x00, 0x80, 0xF0, 0x02, 0xFF, 0x82, 0x00, 0xE0,
    0xFF, 0x0B, 0x00, 0x83, 0xFF, 0x03, 0x00, 0xF8, 0x02, 0xFF, 0x80, 0x07, 0x06, 0x00, 0x85, 0xFC,
    0xFF, 0x3F, 0x00, 0xF0, 0x7F, 0x0B, 0x00, 0x83, 0xFE, 0x07, 0x00, 0xF0, 0x02, 0xFF, 0x80, 0x3F,
    0x05, 0x00, 0x80, 0x80, 0x02, 0xFF, 0x83, 0x0F, 0x00, 0xF8, 0x7F, 0x0B, 0x00, 0x80, 0x7C, 0x02,
    0x00, 0x80, 0xC0, 0x03, 0xFF, 0x80, 0x01, 0x04, 0x00, 0x80, 0xF0, 0x02, 0xFF, 0x83, 0x03, 0x00,
    0xFC, 0x3F, 0x0B, 0x00, 0x80, 0x7C, 0x02, 0x00, 0x80, 0x80, 0x03, 0xFF, 0x80, 0x1F, 0x04, 0x00,
    0x80, 0xFE, 0x02, 0xFF, 0x83, 0x01, 0x00, 0xFE, 0x1F, 0x0B, 0x00, 0x80, 0x38, 0x03, 0x00, 0x80,
    0xFE, 0x03, 0xFF, 0x03, 0x00, 0x80, 0xE0, 0x03, 0xFF, 0x02, 0x00, 0x81, 0xFF, 0x0F, 0x0B, 0x00,
    0x80, 0x30, 0x03, 0x00, 0x80, 0xFC, 0x03, 0xFF, 0x82, 0x7F, 0x02, 0xFC, 0x03, 0xFF, 0x84, 0x3F,
    0x00, 0xC0, 0xFF, 0x07, 0x0F, 0x00, 0x80, 0xF0, 0x04, 0xFF, 0x81, 0x0F, 0xFA, 0x03, 0xFF, 0x84,
    0x0F, 0x00, 0xE0, 0xFF, 0x03, 0x0F, 0x00, 0x80, 0x80, 0x09, 0xFF, 0x84, 0x03, 0x00, 0xE0, 0xFF,
    0x01, 0x10, 0x00, 0x80, 0xFE, 0x08, 0xFF, 0x02, 0x00, 0x81, 0xF8, 0xFF, 0x11, 0x00, 0x80, 0xF8,
    0x07, 0xFF, 0x80, 0x3F, 0x02, 0x00, 0x81, 0xFC, 0x7F, 0x11, 0x00, 0x80, 0xE0, 0x07, 0xFF, 0x80,
    0x0F, 0x02, 0x00, 0x81, 0xFF, 0x3F, 0x12, 0x00, 0x07, 0xFF, 0x84, 0x03, 0x00, 0xC0, 0xFF, 0x1F,
    0x0F, 0x00, 0x80, 0x04, 0x02, 0x00, 0x80, 0xF8, 0x05, 0xFF, 0x80, 0x3F, 0x02, 0x00, 0x82, 0xF0,
    0xFF, 0x0F, 0x0F, 0x00, 0x80, 0x0E, 0x02, 0x00, 0x80, 0x80, 0x05, 0xFF, 0x80, 0x03, 0x02, 0x00,
    0x82, 0xF8, 0xFF, 0x07, 0x0F, 0x00, 0x80, 0x3F, 0x03, 0x00, 0x80, 0xF8, 0x03, 0xFF, 0x80, 0x7F,
    0x03, 0x00, 0x82, 0xFE, 0xFF, 0x03, 0x0F, 0x00, 0x80, 0x7F, 0x04, 0x00, 0x80, 0xFC, 0x02, 0xFF,
    0x80, 0x01, 0x03, 0x00, 0x02, 0xFF, 0x80, 0x01, 0x0E, 0x00, 0x82, 0x80, 0xFF, 0x01, 0x04, 0x00,
    0x81, 0x48, 0x01, 0x03, 0x00, 0x82, 0xE0, 0xFF, 0x7F, 0x0F, 0x00, 0x82, 0xC0, 0xFF, 0x0F, 0x09,
    0x00, 0x82, 0xF8, 0xFF, 0x3F, 0x0F, 0x00, 0x82, 0xC0, 0xFF, 0x3F, 0x09, 0x00, 0x02, 0xFF, 0x80,
    0x1F, 0x0F, 0x00, 0x80, 0x80, 0x02, 0xFF, 0x80, 0x01, 0x07, 0x00, 0x80, 0xC0, 0x02, 0xFF, 0x80,
    0x07, 0x10, 0x00, 0x82, 0xFE, 0xFF, 0x0F, 0x07, 0x00, 0x80, 0xF8, 0x02, 0xFF, 0x80, 0x01, 0x10,
    0x00, 0x82, 0xFC, 0xFF, 0x7F, 0x07, 0x00, 0x02, 0xFF, 0x80, 0x1F, 0x11, 0x00, 0x80, 0xF0, 0x02,
    0xFF, 0x80, 0x03, 0x05, 0x00, 0x80, 0xF0, 0x02, 0xFF, 0x80, 0x07, 0x11, 0x00, 0x80, 0xC0, 0x02,
    0xFF, 0x80, 0x3F, 0x05, 0x00, 0x03, 0xFF, 0x80, 0x01, 0x12, 0x00, 0x80, 0xFE, 0x02, 0xFF, 0x80,
    0x07, 0x03, 0x00, 0x80, 0xFC, 0x02, 0xFF, 0x80, 0x7F, 0x13, 0x00, 0x80, 0xF8, 0x03, 0xFF, 0x82,
    0x03, 0xEE, 0xFA, 0x03, 0xFF, 0x80, 0x1F, 0x13, 0x00, 0x80, 0xE0, 0x09, 0xFF, 0x80, 0x07, 0x13,
    0x00, 0x80, 0xC0, 0x09, 0xFF, 0x80, 0x01, 0x13, 0x00, 0x80, 0x80, 0x08, 0xFF, 0x80, 0x3F, 0x15,
    0x00, 0x80, 0xFC, 0x07, 0xFF, 0x80, 0x07, 0x15, 0x00, 0x80, 0xE0, 0x07, 0xFF, 0x0B, 0x00, 0x80,
    0x01, 0x0B, 0x00, 0x06, 0xFF, 0x80, 0x0F, 0x0B, 0x00, 0x80, 0x03, 0x0B, 0x00, 0x80, 0xF0, 0x04,
    0xFF, 0x80, 0x7F, 0x0C, 0x00, 0x80, 0x07, 0x0C, 0x00, 0x80, 0xF8, 0x03, 0xFF, 0x80, 0x01, 0x0C,
    0x00, 0x80, 0x0F, 0x0D, 0x00, 0x80, 0xC0, 0x0F, 0x00, 0x80, 0x1F, 0x1C, 0x00, 0x81, 0x80, 0x3F,
    0x1C, 0x00, 0x81, 0xC0, 0x7F, 0x1C, 0x00, 0x81, 0xE0, 0xFF, 0x1C, 0x00, 0x82, 0xF0, 0xFF, 0x01,
    0x1B, 0x00, 0x82, 0xF8, 0xFF, 0x03, 0x1B, 0x00, 0x82, 0xFC, 0xFF, 0x07, 0x1B, 0x00, 0x82, 0xFE,
    0xFF, 0x0F, 0x1B, 0x00, 0x02, 0xFF, 0x80, 0x1F, 0x1A, 0x00, 0x80, 0x80, 0x02, 0xFF, 0x80, 0x3F,
    0x1A, 0x00, 0x80, 0xC0, 0x02, 0xFF, 0x80, 0x7F, 0x1A, 0x00, 0x80, 0xE0, 0x03, 0xFF, 0x80, 0x01,
    0x19, 0x00, 0x84, 0xF0, 0xFF, 0xFE, 0xFF, 0x03, 0x19, 0x00, 0x84, 0xF8, 0xFF, 0xFE, 0xFF, 0x07,
    0x19, 0x00, 0x84, 0xFC, 0xFF, 0xFC, 0xFF, 0x0F, 0x19, 0x00, 0x84, 0xFE, 0xFF, 0xF8, 0xFF, 0x3F,
    0x18, 0x00, 0x80, 0x80, 0x02, 0xFF, 0x82, 0xF0, 0xFF, 0x7F, 0x18, 0x00, 0x80, 0xC0, 0x02, 0xFF,
    0x80, 0xE0, 0x02, 0xFF, 0x18, 0x00, 0x83, 0xE0, 0xFF, 0x7F, 0x80, 0x02, 0xFF, 0x80, 0x01, 0x17,
    0x00, 0x82, 0xF0, 0xFF, 0x3F, 0x02, 0xFD, 0x06, 0x00, 0x00, 0x00, 0x00, 0x01, 0xFF, 0x64, 0x00,
    0x05, 0xFA, 0x3B, 0x0D, 0x00, 0x0E, 0x00, 0x81, 0xF8, 0x03, 0x1C, 0x00, 0x81, 0xF8, 0x03, 0x1B,
    0x00, 0x82, 0xE0, 0xFF, 0x03, 0x1A, 0x00, 0x80, 0xC0, 0x02, 0xFF, 0x80, 0x03, 0x1A, 0x00, 0x80,
    0xFC, 0x02, 0xFF, 0x80, 0x03, 0x19, 0x00, 0x80, 0xC0, 0x03, 0xFF, 0x80, 0x03, 0x19, 0x00, 0x80,
    0xF8, 0x03, 0xFF, 0x80, 0x03, 0x19, 0x00, 0x80, 0xFE, 0x03, 0xFF, 0x80, 0x01, 0x18, 0x00, 0x80,
    0xC0, 0x02, 0xFF, 0x80, 0x1F, 0x1A, 0x00, 0x82, 0xF0, 0xFF, 0x3F, 0x1B, 0x00, 0x82, 0xF0, 0xFF,
    0x03, 0x1B, 0x00, 0x81, 0xE0, 0x3F, 0x1C, 0x00, 0x81, 0xC0, 0x07, 0x1C, 0x00, 0x80, 0x80, 0x5D,
    0x00, 0x81, 0xF8, 0x03, 0x1B, 0x00, 0x82, 0xF8, 0xFF, 0x03, 0x1A, 0x00, 0x80, 0xE0, 0x02, 0xFF,
    0x80, 0x03, 0x1A, 0x00, 0x80, 0xFE, 0x02, 0xFF, 0x80, 0x03, 0x19, 0x00, 0x80, 0xC0, 0x03, 0xFF,
    0x80, 0x03, 0x19, 0x00, 0x80, 0xF8, 0x03, 0xFF, 0x80, 0x03, 0x19, 0x00, 0x04, 0xFF, 0x80, 0x03,
    0x18, 0x00, 0x80, 0xC0, 0x03, 0xFF, 0x81, 0xBF, 0x01, 0x18, 0x00, 0x80, 0xF0, 0x02, 0xFF, 0x80,
    0x7F, 0x1A, 0x00, 0x80, 0xFE, 0x02, 0xFF, 0x83, 0x01, 0x00, 0xFC, 0x3F, 0x17, 0x00, 0x02, 0xFF,
    0x80, 0x1F, 0x02, 0x00, 0x82, 0xFC, 0xFF, 0x7F, 0x15, 0x00, 0x80, 0xE0, 0x02, 0xFF, 0x80, 0x01,
    0x02, 0x00, 0x80, 0xFC, 0x02, 0xFF, 0x80, 0x07, 0x14, 0x00, 0x82, 0xF8, 0xFF, 0x3F, 0x03, 0x00,
    0x80, 0xFC, 0x02, 0xFF, 0x80, 0x7F, 0x14, 0x00, 0x82, 0xFC, 0xFF, 0x07, 0x03, 0x00, 0x80, 0xFC,
    0x03, 0xFF, 0x14, 0x00, 0x02, 0xFF, 0x80, 0x01, 0x03, 0x00, 0x80, 0xFC, 0x03, 0xFF, 0x80, 0x03,
    0x12, 0x00, 0x82, 0xC0, 0xFF, 0x7F, 0x05, 0x00, 0x80, 0x80, 0x02, 0xFF, 0x80, 0x1F, 0x12, 0x00,
    0x82, 0xE0, 0xFF, 0x0F, 0x03, 0x00, 0x83, 0xE0, 0x01, 0x00, 0xE0, 0x02, 0xFF, 0x12, 0x00, 0x82,
    0xF8, 0xFF, 0x03, 0x02, 0x00, 0x82, 0xC0, 0xFF, 0x03, 0x02, 0x00, 0x82, 0xF8, 0xFF, 0x03, 0x11,
    0x00, 0x81, 0xFC, 0xFF, 0x03, 0x00, 0x02, 0xFF, 0x80, 0x03, 0x02, 0x00, 0x82, 0x80, 0xFF, 0x1F,
    0x11, 0x00, 0x81, 0xFF, 0x7F, 0x02, 0x00, 0x80, 0xF0, 0x02, 0xFF, 0x80, 0x03, 0x03, 0x00, 0x81,
    0xFC, 0xFF, 0x10, 0x00, 0x82, 0x80, 0xFF, 0x1F, 0x02, 0x00, 0x80, 0xFE, 0x02, 0xFF, 0x80, 0x03,
    0x03, 0x00, 0x82, 0xC0, 0xFF, 0x03, 0x0F, 0x00, 0x84, 0xC0, 0xFF, 0x07, 0x00, 0xC0, 0x03, 0xFF,
    0x80, 0x03, 0x03, 0x00, 0x82, 0x80, 0xFF, 0x07, 0x0F, 0x00, 0x84, 0xE0, 0xFF, 0x01, 0x00, 0xF0,
    0x03, 0xFF, 0x80, 0x03, 0x04, 0x00, 0x81, 0xFC, 0x1F, 0x0F, 0x00, 0x81, 0xF8, 0xFF, 0x02, 0x00,
    0x80, 0xFC, 0x03, 0xFF, 0x80, 0x03, 0x04, 0x00, 0x81, 0xF0, 0x7F, 0x0F, 0x00, 0x81, 0xFC, 0x7F,
    0x02, 0x00, 0x03, 0xFF, 0x80, 0x1F, 0x05, 0x00, 0x81, 0xC0, 0xFF, 0x0F, 0x00, 0x83, 0xFE, 0x1F,
    0x00, 0xC0, 0x02, 0xFF, 0x80, 0x1F, 0x07, 0x00, 0x81, 0xFF, 0x03, 0x0E, 0x00, 0x83, 0xFF, 0x0F,
    0x00, 0xF0, 0x02, 0xFF, 0x80, 0x01, 0x07, 0x00, 0x81, 0xFC, 0x0F, 0x0D, 0x00, 0x86, 0x80, 0xFF,
    0x07, 0x00, 0xFC, 0xFF, 0x1F, 0x08, 0x00, 0x81, 0x70, 0x1C, 0x0D, 0x00, 0x83, 0xC0, 0xFF, 0x01,
    0x00, 0x02, 0xFF, 0x80, 0x03, 0x09, 0x00, 0x80, 0x70, 0x0D, 0x00, 0x83, 0xE0, 0xFF, 0x00, 0x80,
    0x02, 0xFF, 0x0A, 0x00, 0x80, 0xE0, 0x0D, 0x00, 0x81, 0xC0, 0x7F, 0x02, 0x00, 0x81, 0xFF, 0x3F,
    0x0A, 0x00, 0x81, 0xC0, 0x01, 0x0D, 0x00, 0x80, 0x3F, 0x02, 0x00, 0x81, 0xFF, 0x07, 0x0A, 0x00,
    0x81, 0x80, 0x01, 0x0D, 0x00, 0x80, 0x1E, 0x02, 0x00, 0x81, 0xFE, 0x01, 0x19, 0x00, 0x80, 0x08,
    0x02, 0x00, 0x80, 0xFC, 0x1D, 0x00, 0x80, 0x38, 0x68, 0x00, 0x80, 0x06, 0x1D, 0x00, 0x80, 0x0F,
    0x1C, 0x00, 0x81, 0x80, 0x0F, 0x1C, 0x00, 0x81, 0xC0, 0x1F, 0x1C, 0x00, 0x81, 0xE0, 0x3F, 0x1C,
    0x00, 0x81, 0xC0, 0x3F, 0x1C, 0x00, 0x81, 0xC0, 0x7F, 0x1C, 0x00, 0x81, 0x80, 0xFF, 0x13, 0x00,
    0x81, 0xFC, 0x0F, 0x08, 0x00, 0x81, 0xFF, 0x01, 0x12, 0x00, 0x82, 0xFC, 0xFF, 0x01, 0x07, 0x00,
    0x81, 0xFF, 0x01, 0x12, 0x00, 0x82, 0xFC, 0xFF, 0x0F, 0x07, 0x00, 0x81, 0xFE, 0x03, 0x12, 0x00,
    0x82, 0xFC, 0xFF, 0x0F, 0x07, 0x00, 0x81, 0xFC, 0x03, 0x12, 0x00, 0x82, 0xFC, 0xFF, 0x0F, 0x07,
    0x00, 0x81, 0xFC, 0x07, 0x12, 0x00, 0x82, 0xFC, 0xFF, 0x0F, 0x07, 0x00, 0x81, 0xFE, 0x07, 0x12,
    0x00, 0x82, 0xFC, 0xFF, 0x0F, 0x07, 0x00, 0x81, 0xFE, 0x0F, 0x12, 0x00, 0x82, 0xFC, 0xFF, 0x7F,
    0x07, 0x00, 0x81, 0xFC, 0x1F, 0x12, 0x00, 0x80, 0xFC, 0x02, 0xFF, 0x80, 0x07, 0x06, 0x00, 0x81,
    0xF8, 0x1F, 0x12, 0x00, 0x80, 0xFC, 0x02, 0xFF, 0x80, 0x1F, 0x06, 0x00, 0x81, 0xF8, 0x3F, 0x12,
    0x00, 0x80, 0xFC, 0x02, 0xFF, 0x80, 0x3F, 0x06, 0x00, 0x81, 0xF0, 0x3F, 0x12, 0x00, 0x80, 0xFC,
    0x03, 0xFF, 0x06, 0x00, 0x81, 0xE0, 0x7F, 0x12, 0x00, 0x80, 0xFC, 0x03, 0xFF, 0x80, 0x01, 0x05,
    0x00, 0x81, 0xE0, 0x7F, 0x12, 0x00, 0x80, 0xFC, 0x03, 0xFF, 0x80, 0x07, 0x03, 0x00, 0x83, 0x80,
    0x01, 0xC0, 0xFF, 0x12, 0x00, 0x80, 0xFC, 0x03, 0xFF, 0x80, 0x0F, 0x03, 0x00, 0x83, 0x80, 0x03,
    0xC0, 0xFF, 0x12, 0x00, 0x80, 0xFC, 0x03, 0xFF, 0x80, 0x3F, 0x04, 0x00, 0x83, 0x03, 0x80, 0xFF,
    0x01, 0x11, 0x00, 0x80, 0xFC, 0x03, 0xFF, 0x80, 0x7F, 0x04, 0x00, 0x83, 0x07, 0x80, 0xFF, 0x01,
    0x11, 0x00, 0x80, 0xFC, 0x04, 0xFF, 0x04, 0x00, 0x83, 0x0E, 0x00, 0xFF, 0x03, 0x11, 0x00, 0x80,
    0xFC, 0x04, 0xFF, 0x80, 0x01, 0x03, 0x00, 0x83, 0x0C, 0x00, 0xFF, 0x03, 0x11, 0x00, 0x80, 0xFC,
    0x04, 0xFF, 0x80, 0x03, 0x03, 0x00, 0x83, 0x1C, 0x00, 0xFE, 0x07, 0x11, 0x00, 0x80, 0xFC, 0x04,
    0xFF, 0x80, 0x07, 0x03, 0x00, 0x83, 0x18, 0x00, 0xFE, 0x07, 0x11, 0x00, 0x80, 0xFC, 0x04, 0xFF,
    0x80, 0x0F, 0x03, 0x00, 0x83, 0x10, 0x00, 0xFC, 0x07, 0x11, 0x00, 0x80, 0xFC, 0x04, 0xFF, 0x80,
    0x1F, 0x03, 0x00, 0x83, 0x20, 0x00, 0xFC, 0x0F, 0x11, 0x00, 0x80, 0xFC, 0x04, 0xFF, 0x80, 0x3F,
    0x05, 0x00, 0x81, 0xF8, 0x0F, 0x11, 0x00, 0x80, 0xFC, 0x04, 0xFF, 0x80, 0x3F, 0x05, 0x00, 0x81,
    0xF8, 0x1F, 0x11, 0x00, 0x80, 0xFC, 0x04, 0xFF, 0x80, 0x7F, 0x05, 0x00, 0x81, 0xF8, 0x1F, 0x11,
    0x00, 0x80, 0xFC, 0x05, 0xFF, 0x05, 0x00, 0x81, 0xF0, 0x1F, 0x11, 0x00, 0x80, 0xFC, 0x05, 0xFF,
    0x80, 0x01, 0x04, 0x00, 0x81, 0xF0, 0x3F, 0x11, 0x00, 0x80, 0xFC, 0x05, 0xFF, 0x80, 0x01, 0x04,
    0x00, 0x81, 0xF0, 0x3F, 0x11, 0x00, 0x80, 0xFC, 0x05, 0xFF, 0x80, 0x03, 0x04, 0x00, 0x81, 0xE0,
    0x3F, 0x11, 0x00, 0x80, 0xFC, 0x05, 0xFF, 0x80, 0x07, 0x04, 0x00, 0x81, 0xE0, 0x3F, 0x05, 0x00,
    0x80, 0x70, 0x0B, 0x00, 0x80, 0xFC, 0x05, 0xFF, 0x80, 0x07, 0x04, 0x00, 0x81, 0xE0, 0x7F, 0x05,
    0x00, 0x81, 0xF0, 0x01, 0x0A, 0x00, 0x80, 0xFC, 0x05, 0xFF, 0x80, 0x0F, 0x04, 0x00, 0x81, 0xC0,
    0x7F, 0x05, 0x00, 0x81, 0xF8, 0x01, 0x0A, 0x00, 0x80, 0xFC, 0x05, 0xFF, 0x80, 0x0F, 0x02, 0x00,
    0x83, 0x80, 0x03, 0xC0, 0x7F, 0x05, 0x00, 0x84, 0xF8, 0x01, 0x00, 0xC0, 0x01, 0x07, 0x00, 0x80,
    0xFC, 0x05, 0xFF, 0x80, 0x1F, 0x02, 0x00, 0x83, 0xFC, 0x07, 0xC0, 0x7F, 0x05, 0x00, 0x80, 0xF8,
    0x02, 0x00, 0x81, 0xF8, 0x03, 0x07, 0x00, 0x80, 0xFC, 0x05, 0xFF, 0x80, 0x1F, 0x02, 0x00, 0x83,
    0xFC, 0x07, 0xC0, 0xFF, 0x05, 0x00, 0x80, 0xFC, 0x02, 0x00, 0x81, 0xFC, 0x01, 0x07, 0x00, 0x80,
    0xFC, 0x05, 0xFF, 0x80, 0x3F, 0x02, 0x00, 0x83, 0xFC, 0x07, 0x80, 0xFF, 0x05, 0x00, 0x80, 0xFC,
    0x02, 0x00, 0x81, 0xFC, 0x01, 0x07, 0x00, 0x80, 0xFC, 0x05, 0xFF, 0x80, 0x3F, 0x02, 0x00, 0x83,
    0xFC, 0x0F, 0x80, 0xFF, 0x05, 0x00, 0x80, 0xFC, 0x02, 0x00, 0x81, 0xFC, 0x01, 0x07, 0x00, 0x80,
    0xFC, 0x06, 0xFF, 0x86, 0x0F, 0x00, 0xF8, 0x0F, 0x80, 0xFF, 0x01, 0x04, 0x00, 0x80, 0x7C, 0x02,
    0x00, 0x81, 0xFC, 0x01, 0x07, 0x00, 0x80, 0xFC, 0x06, 0xFF, 0x86, 0x1F, 0x00, 0xF8, 0x0F, 0x80,
    0xFF, 0x01, 0x04, 0x00, 0x80, 0x7E, 0x02, 0x00, 0x81, 0xFE, 0x01, 0x07, 0x00, 0x80, 0xFC, 0x06,
    0xFF, 0x86, 0x1F, 0x00, 0xF8, 0x0F, 0x00, 0xFF, 0x01, 0x04, 0x00, 0x80, 0x7E, 0x02, 0x00, 0x80,
    0xFE, 0x08, 0x00, 0x80, 0xFC, 0x06, 0xFF, 0x86, 0x1F, 0x00, 0xF0, 0x0F, 0x00, 0xFF, 0x01, 0x04,
    0x00, 0x80, 0x7E, 0x02, 0x00, 0x80, 0xFE, 0x08, 0x00, 0x80, 0xFC, 0x06, 0xFF, 0x86, 0x1F, 0x00,
    0xF0, 0x1F, 0x00, 0xFF, 0x01, 0x04, 0x00, 0x80, 0x7E, 0x02, 0x00, 0x80, 0xFE, 0x08, 0x00, 0x80,
    0xFC, 0x06, 0xFF, 0x86, 0x0F, 0x00, 0xF0, 0x1F, 0x00, 0xFF, 0x03, 0x04, 0x00, 0x80, 0x3E, 0x02,
    0x00, 0x80, 0xFE, 0x08, 0x00, 0x80, 0xFC, 0x06, 0xFF, 0x86, 0x03, 0x00, 0xF0, 0x1F, 0x00, 0xFE,
    0x03, 0x04, 0x00, 0x80, 0x3C, 0x02, 0x00, 0x80, 0xFE, 0x08, 0x00, 0x80, 0xFC, 0x05, 0xFF, 0x80,
    0x7F, 0x02, 0x00, 0x84, 0xF0, 0x1F, 0x00, 0xFE, 0x03, 0x07, 0x00, 0x80, 0xFE, 0x08, 0x00, 0x80,
    0xFC, 0x05, 0xFF, 0x80, 0x7F, 0x02, 0x00, 0x84, 0xE0, 0x1F, 0x00, 0xFE, 0x03, 0x07, 0x00, 0x80,
    0x7E, 0x08, 0x00, 0x80, 0xFC, 0x05, 0xFF, 0x80, 0x7F, 0x02, 0x00, 0x84, 0xE0, 0x1F, 0x00, 0xFE,
    0x03, 0x07, 0x00, 0x80, 0xFE, 0x03, 0x00, 0x81, 0xFF, 0x01, 0x02, 0x00, 0x82, 0xFE, 0xFC, 0xC3,
    0x02, 0xFF, 0x82, 0x7F, 0xFE, 0x7F, 0x02, 0x00, 0x84, 0xE0, 0x3F, 0x00, 0xFE, 0x03, 0x07, 0x00,
    0x80, 0x7E, 0x02, 0x00, 0x84, 0xC0, 0xFF, 0x07, 0x80, 0x9D, 0x02, 0xFF, 0x8C, 0x00, 0xFF, 0x07,
    0x0F, 0xF0, 0xFF, 0x1F, 0x00, 0xE0, 0x3F, 0x00, 0xFE, 0x03, 0x07, 0x00, 0x80, 0x7E, 0x02, 0x00,
    0x88, 0xE0, 0xFF, 0x0F, 0x80, 0xDD, 0xFF, 0x73, 0x00, 0xFC, 0x02, 0x07, 0x88, 0xC0, 0xFF, 0x1F,
    0x00, 0xE0, 0x3F, 0x00, 0xFE, 0x03, 0x07, 0x00, 0x80, 0x7E, 0x02, 0x00, 0x93, 0xF0, 0xFF, 0x1F,
    0x80, 0xDF, 0xFF, 0x13, 0x00, 0xFC, 0x07, 0x01, 0x80, 0xFF, 0x1F, 0x00, 0xE0, 0x3F, 0x00, 0xFE,
    0x03, 0x07, 0x00, 0x80, 0x7E, 0x02, 0x00, 0x83, 0xF8, 0xFF, 0x3F, 0x80, 0x02, 0xFF, 0x8D, 0x03,
    0x00, 0xF8, 0x07, 0x00, 0x80, 0xFF, 0x1F, 0x00, 0xE0, 0x3F, 0x00, 0xFE, 0x07, 0x07, 0x00, 0x80,
    0x7E, 0x02, 0x00, 0x83, 0xFC, 0xFF, 0x7F, 0x80, 0x02, 0xFF, 0x83, 0x03, 0x00, 0xF8, 0x07, 0x02,
    0x00, 0x87, 0xFF, 0x1F, 0x00, 0xE0, 0x3F, 0x00, 0xFE, 0x07, 0x07, 0x00, 0x80, 0x7E, 0x02, 0x00,
    0x93, 0xFC, 0x81, 0x7F, 0x80, 0xFF, 0xE0, 0x07, 0x0F, 0xF8, 0x07, 0xF0, 0x01, 0xFF, 0x1F, 0x00,
    0xE0, 0x3F, 0x00, 0xFC, 0x07, 0x07, 0x00, 0x80, 0x7E, 0x02, 0x00, 0x93, 0xFE, 0x01, 0x7F, 0x80,
    0x3F, 0xE0, 0xC7, 0x1F, 0xF0, 0x07, 0xFC, 0x01, 0xFF, 0x1F, 0x00, 0xE0, 0x3F, 0x00, 0xFC, 0x07,
    0x07, 0x00, 0x80, 0x7E, 0x02, 0x00, 0x93, 0xFE, 0x00, 0xFE, 0xC0, 0x3F, 0xE0, 0xE7, 0x1F, 0xF0,
    0x07, 0xFE, 0x03, 0xFF, 0x1F, 0x00, 0xE0, 0x3F, 0x00, 0xFC, 0x07, 0x03, 0x00, 0x81, 0xC0, 0x1F,
    0x02, 0x00, 0x80, 0x7E, 0x02, 0x00, 0x93, 0x7E, 0x00, 0xFE, 0xC0, 0x1F, 0xC0, 0xE3, 0x1F, 0xF0,
    0x07, 0xFE, 0x03, 0xC4, 0x1F, 0x00, 0xE0, 0x3F, 0x00, 0xFC, 0x07, 0x03, 0x00, 0x81, 0xC0, 0x3F,
    0x02, 0x00, 0x80, 0x7E, 0x02, 0x00, 0x93, 0x7E, 0x00, 0xFE, 0xC0, 0x1F, 0xC0, 0xE3, 0x1F, 0xF0,
    0x07, 0xFE, 0x03, 0xD0, 0x1F, 0x00, 0xE0, 0x3F, 0x00, 0xFC, 0x07, 0x03, 0x00, 0x81, 0xC0, 0x3F,
    0x02, 0x00, 0x80, 0x7E, 0x02, 0x00, 0x93, 0x7E, 0x00, 0xFE, 0xC0, 0x1F, 0xC0, 0xE1, 0x1F, 0xF0,
    0x07, 0xFE, 0x03, 0xC0, 0x1F, 0x00, 0xE0, 0x3F, 0x00, 0xFC, 0x07, 0x03, 0x00, 0x84, 0xC0, 0x3F,
    0xC0, 0x0B, 0x1F, 0x02, 0x00, 0x93, 0x7F, 0x00, 0xFC, 0xC1, 0x1F, 0xC0, 0xE1, 0x1F, 0xF0, 0x07,
    0xFE, 0x03, 0xC0, 0x1F, 0x00, 0xE0, 0x3F, 0x00, 0xFC, 0x07, 0x03, 0x00, 0x84, 0xC0, 0x3F, 0xC0,
    0x1F, 0x0F, 0x02, 0x00, 0x93, 0x7F, 0x00, 0xFE, 0xC1, 0x1F, 0xC0, 0xE1, 0x1F, 0xF0, 0x07, 0xFE,
    0x03, 0xC0, 0x1F, 0x00, 0xE0, 0x3F, 0x00, 0xFC, 0x07, 0x03, 0x00, 0x83, 0xC0, 0x3F, 0xC0, 0x3F,
    0x03, 0x00, 0x93, 0x7E, 0x00, 0xFE, 0xC1, 0x1F, 0xC0, 0xE1, 0x1F, 0xF0, 0x07, 0xFE, 0x03, 0xC0,
    0x1F, 0x00, 0xE0, 0x3F, 0x00, 0xFC, 0x07, 0x03, 0x00, 0x83, 0xC0, 0x3F, 0xC0, 0x3F, 0x03, 0x00,
    0x93, 0xF8, 0x00, 0xFE, 0xC0, 0x1F, 0xC0, 0xE1, 0x1F, 0xF0, 0x07, 0xFE, 0x03, 0xD5, 0x1F, 0x00,
    0xE0, 0x3F, 0x00, 0xFC, 0x07, 0x03, 0x00, 0x83, 0xC0, 0x3F, 0xC0, 0x3F, 0x03, 0x00, 0x93, 0xE0,
    0x00, 0xFE, 0xC0, 0x1F, 0xC0, 0xE1, 0x1F, 0xF0, 0x07, 0xFE, 0x03, 0xC7, 0x1F, 0x00, 0xE0, 0x3F,
    0x00, 0xFC, 0x07, 0x03, 0x00, 0x83, 0xC0, 0x3F, 0xC0, 0x3F, 0x05, 0x00, 0x91, 0xFE, 0xC0, 0x1F,
    0xC0, 0xE1, 0x1F, 0xF0, 0x07, 0xFE, 0x03, 0xCF, 0x1F, 0x00, 0xE0, 0x3F, 0x00, 0xFE, 0x07, 0x03,
    0x00, 0x83, 0x80, 0x3F, 0xC0, 0x3F, 0x05, 0x00, 0x91, 0xFF, 0xC0, 0x1F, 0xC0, 0xE1, 0x1F, 0xF0,
    0x07, 0xFE, 0x03, 0xD7, 0x1F, 0x00, 0xE0, 0x3F, 0x00, 0xFE, 0x03, 0x03, 0x00, 0x83, 0x80, 0x3F,
    0xC0, 0x3F, 0x04, 0x00, 0x92, 0x80, 0x7F, 0xC0, 0x1F, 0xC0, 0xE1, 0x1F, 0xF0, 0x07, 0xFE, 0x03,
    0xFF, 0x1F, 0x00, 0xE0, 0x3F, 0x00, 0xFE, 0x07, 0x03, 0x00, 0x83, 0x80, 0x3F, 0x80, 0x3F, 0x04,
    0x00, 0x92, 0xFC, 0x7F, 0xC0, 0x1F, 0x80, 0xE1, 0x1F, 0xF0, 0x07, 0xFE, 0x03, 0xFF, 0x1F, 0x00,
    0xE0, 0x1F, 0x00, 0xFE, 0x03, 0x03, 0x00, 0x83, 0x80, 0x3F, 0x80, 0x3F, 0x04, 0x00, 0x92, 0xFE,
    0x3F, 0xC0, 0x1F, 0x80, 0xE0, 0x1F, 0xF0, 0x07, 0xFE, 0x03, 0xFF, 0x1F, 0x00, 0xF0, 0x1F, 0x00,
    0xFE, 0x03, 0x03, 0x00, 0x84, 0x80, 0x7F, 0x80, 0x7F, 0x08, 0x03, 0x00, 0x92, 0xFE, 0x1F, 0xC0,
    0x1F, 0x80, 0xE0, 0x1F, 0xF0, 0x07, 0xFE, 0x03, 0xFF, 0x1F, 0x00, 0xF0, 0x1F, 0x00, 0xFE, 0x03,
    0x03, 0x00, 0x84, 0x80, 0x7F, 0x80, 0x7F, 0x08, 0x03, 0x00, 0x92, 0xFE, 0x0F, 0xC0, 0x1F, 0xC0,
    0xE0, 0x1F, 0xF0, 0x07, 0xFE, 0x03, 0xFF, 0x1F, 0x00, 0xF0, 0x1F, 0x00, 0xFE, 0x03, 0x03, 0x00,
    0x83, 0x80, 0x7F, 0x80, 0x7F, 0x04, 0x00, 0x92, 0xFF, 0x07, 0xC0, 0x1F, 0xC0, 0xE0, 0x3F, 0xF0,
    0x07, 0xFE, 0x87, 0xFF, 0x1F, 0x00, 0xF0, 0x1F, 0x00, 0xFE, 0x03, 0x03, 0x00, 0x84, 0x80, 0x7F,
    0x00, 0x7F, 0x10, 0x03, 0x00, 0x84, 0xFF, 0x00, 0x80, 0x1E, 0x80, 0x07, 0xFF, 0x02, 0x00, 0x84,
    0xF0, 0x1F, 0x00, 0xFE, 0x03, 0x03, 0x00, 0x83, 0x80, 0x7F, 0x00, 0xFF, 0x08, 0x00, 0x80, 0x80,
    0x06, 0xFF, 0x80, 0x7F, 0x02, 0x00, 0x84, 0xF0, 0x1F, 0x00, 0xFE, 0x03, 0x04, 0x00, 0x82, 0x7F,
    0x00, 0xFF, 0x08, 0x00, 0x80, 0x80, 0x06, 0xFF, 0x80, 0x7F, 0x02, 0x00, 0x84, 0xF8, 0x0F, 0x00,
    0xFE, 0x03, 0x04, 0x00, 0x82, 0x7F, 0x00, 0xFF, 0x08, 0x00, 0x80, 0x80, 0x06, 0xFF, 0x80, 0x3F,
    0x02, 0x00, 0x84, 0xF8, 0x0F, 0x00, 0xFE, 0x03, 0x04, 0x00, 0x82, 0xFF, 0x00, 0xFE, 0x08, 0x00,
    0x80, 0xC0, 0x06, 0xFF, 0x80, 0x3F, 0x02, 0x00, 0x83, 0xF8, 0x0F, 0x00, 0xFF, 0x05, 0x00, 0x83,
    0xFF, 0x00, 0xFE, 0x01, 0x07, 0x00, 0x80, 0xC0, 0x06, 0xFF, 0x80, 0x3F, 0x02, 0x00, 0x83, 0xFC,
    0x0F, 0x00, 0x7F, 0x05, 0x00, 0x83, 0xFF, 0x00, 0xFE, 0x01, 0x07, 0x00, 0x80, 0xC0, 0x06, 0xFF,
    0x80, 0x1F, 0x02, 0x00, 0x83, 0xFC, 0x07, 0x00, 0x7F, 0x05, 0x00, 0x82, 0xFF, 0x00, 0xFE, 0x08,
    0x00, 0x80, 0xC0, 0x06, 0xFF, 0x80, 0x1F, 0x02, 0x00, 0x83, 0xFC, 0x07, 0x80, 0x7F, 0x05, 0x00,
    0x82, 0xFE, 0x01, 0x3C, 0x08, 0x00, 0x80, 0xC0, 0x06, 0xFF, 0x80, 0x0F, 0x02, 0x00, 0x83, 0xFE,
    0x07, 0x80, 0x7F, 0x05, 0x00, 0x82, 0xFE, 0x01, 0x0C, 0x08, 0x00, 0x80, 0xC0, 0x06, 0xFF, 0x80,
    0x07, 0x02, 0x00, 0x83, 0xFE, 0x03, 0x80, 0x3F, 0x05, 0x00, 0x81, 0xFE, 0x01, 0x09, 0x00, 0x80,
    0xC0, 0x06, 0xFF, 0x80, 0x07, 0x02, 0x00, 0x83, 0xFE, 0x03, 0x80, 0x3F, 0x05, 0x00, 0x81, 0xFC,
    0x03, 0x09, 0x00, 0x80, 0xE0, 0x06, 0xFF, 0x80, 0x03, 0x02, 0x00, 0x83, 0xFF, 0x03, 0xC0, 0x3F,
    0x05, 0x00, 0x81, 0xFC, 0x03, 0x09, 0x00, 0x80, 0xE0, 0x06, 0xFF, 0x80, 0x03, 0x02, 0x00, 0x83,
    0xFF, 0x01, 0xC0, 0x1F, 0x05, 0x00, 0x81, 0xFC, 0x03, 0x09, 0x00, 0x80, 0xE0, 0x06, 0xFF, 0x80,
    0x01, 0x02, 0x00, 0x83, 0xFF, 0x01, 0xE0, 0x1F, 0x05, 0x00, 0x81, 0xF8, 0x03, 0x09, 0x00, 0x80,
    0xE0, 0x06, 0xFF, 0x03, 0x00, 0x83, 0xFE, 0x01, 0xE0, 0x1F, 0x05, 0x00, 0x82, 0xF8, 0x07, 0x40,
    0x08, 0x00, 0x80, 0xE0, 0x06, 0xFF, 0x02, 0x00, 0x84, 0x80, 0xFC, 0x00, 0xE0, 0x1F, 0x05, 0x00,
    0x81, 0xF8, 0x07, 0x09, 0x00, 0x80, 0xE0, 0x05, 0xFF, 0x80, 0x7F, 0x03, 0x00, 0x83, 0xF8, 0x00,
    0xE0, 0x0F, 0x05, 0x00, 0x81, 0xF8, 0x07, 0x09, 0x00, 0x80, 0xF0, 0x05, 0xFF, 0x80, 0x3F, 0x03,
    0x00, 0x83, 0x60, 0x00, 0xE0, 0x0F, 0x05, 0x00, 0x81, 0xF0, 0x0F, 0x09, 0x00, 0x80, 0xF0, 0x05,
    0xFF, 0x80, 0x1F, 0x02, 0x00, 0x84, 0x20, 0x02, 0x00, 0xE0, 0x0F, 0x05, 0x00, 0x82, 0xF0, 0x0F,
    0x80, 0x08, 0x00, 0x80, 0xF0, 0x05, 0xFF, 0x80, 0x0F, 0x02, 0x00, 0x84, 0x80, 0x04, 0x00, 0xF0,
    0x07, 0x05, 0x00, 0x81, 0xE0, 0x0F, 0x09, 0x00, 0x80, 0xF0, 0x05, 0xFF, 0x80, 0x07, 0x02, 0x00,
    0x84, 0xB0, 0x09, 0x00, 0xF8, 0x07, 0x05, 0x00, 0x83, 0xE0, 0x1F, 0x00, 0x03, 0x07, 0x00, 0x80,
    0xF0, 0x05, 0xFF, 0x80, 0x03, 0x02, 0x00, 0x84, 0x60, 0x07, 0x00, 0xFC, 0x03, 0x05, 0x00, 0x83,
    0xE0, 0x1F, 0x00, 0x0B, 0x07, 0x00, 0x80, 0xF0, 0x05, 0xFF, 0x80, 0x03, 0x02, 0x00, 0x84, 0xD0,
    0x07, 0x00, 0xFC, 0x03, 0x05, 0x00, 0x83, 0xC0, 0x3F, 0x00, 0x06, 0x07, 0x00, 0x80, 0xF0, 0x05,
    0xFF, 0x80, 0x01, 0x02, 0x00, 0x84, 0xBC, 0x03, 0x00, 0xFC, 0x07, 0x05, 0x00, 0x83, 0xC0, 0x3F,
    0x00, 0x14, 0x07, 0x00, 0x80, 0xF8, 0x04, 0xFF, 0x80, 0x7F, 0x03, 0x00, 0x84, 0xFC, 0x03, 0x00,
    0xFE, 0x07, 0x05, 0x00, 0x83, 0x80, 0x1F, 0x00, 0x58, 0x07, 0x00, 0x80, 0xF8, 0x04, 0xFF, 0x80,
    0x3F, 0x03, 0x00, 0x84, 0xFE, 0x03, 0x00, 0xFE, 0x03, 0x05, 0x00, 0x83, 0x80, 0x0F, 0x00, 0x78,
    0x07, 0x00, 0x80, 0xF8, 0x04, 0xFF, 0x80, 0x1F, 0x03, 0x00, 0x84, 0xFF, 0x01, 0x00, 0xFF, 0x03,
    0x06, 0x00, 0x83, 0x03, 0x00, 0xF0, 0x01, 0x06, 0x00, 0x80, 0xF8, 0x04, 0xFF, 0x80, 0x0F, 0x03,
    0x00, 0x84, 0xFF, 0x01, 0x00, 0xFF, 0x03, 0x06, 0x00, 0x83, 0x03, 0x00, 0xF0, 0x03, 0x06, 0x00,
    0x80, 0xF8, 0x04, 0xFF, 0x80, 0x07, 0x02, 0x00, 0x85, 0x80, 0xFF, 0x00, 0x80, 0xFF, 0x01, 0x06,
    0x00, 0x84, 0x06, 0x00, 0xE0, 0x07, 0x04, 0x05, 0x00, 0x80, 0xF8, 0x04, 0xFF, 0x80, 0x01, 0x02,
    0x00, 0x84, 0xC0, 0x7F, 0x00, 0x80, 0xFF, 0x07, 0x00, 0x84, 0x0E, 0x00, 0xC0, 0x07, 0x02, 0x05,
    0x00, 0x80, 0xFC, 0x03, 0xFF, 0x80, 0x7F, 0x03, 0x00, 0x84, 0xC0, 0x7F, 0x00, 0xC0, 0xFF, 0x07,
    0x00, 0x83, 0x0C, 0x00, 0xC0, 0x1F, 0x06, 0x00, 0x80, 0xFC, 0x03, 0xFF, 0x80, 0x3F, 0x03, 0x00,
    0x84, 0xE0, 0x3F, 0x00, 0xE0, 0xFF, 0x07, 0x00, 0x83, 0x18, 0x00, 0x80, 0x1F, 0x06, 0x00, 0x80,
    0xFC, 0x03, 0xFF, 0x80, 0x0F, 0x03, 0x00, 0x84, 0xF0, 0x1F, 0x00, 0xC0, 0x7F, 0x07, 0x00, 0x80,
    0x38, 0x02, 0x00, 0x80, 0x3F, 0x06, 0x00, 0x80, 0xFC, 0x03, 0xFF, 0x80, 0x03, 0x03, 0x00, 0x84,
    0xF8, 0x0F, 0x00, 0x80, 0x7F, 0x07, 0x00, 0x80, 0x30, 0x02, 0x00, 0x80, 0x7E, 0x06, 0x00, 0x80,
    0xFC, 0x02, 0xFF, 0x80, 0x7F, 0x04, 0x00, 0x81, 0xFC, 0x07, 0x02, 0x00, 0x80, 0x3E, 0x07, 0x00,
    0x80, 0x70, 0x02, 0x00, 0x80, 0xFC, 0x06, 0x00, 0x80, 0xFC, 0x02, 0xFF, 0x80, 0x1F, 0x04, 0x00,
    0x81, 0xFE, 0x03, 0x02, 0x00, 0x80, 0x1C, 0x07, 0x00, 0x80, 0x60, 0x02, 0x00, 0x81, 0xFC, 0x01,
    0x05, 0x00, 0x80, 0x80, 0x02, 0xFF, 0x80, 0x01, 0x04, 0x00, 0x81, 0xFF, 0x01, 0x02, 0x00, 0x80,
    0x10, 0x07, 0x00, 0x80, 0xC0, 0x02, 0x00, 0x81, 0xF8, 0x03, 0x06, 0x00, 0x81, 0xFE, 0x07, 0x04,
    0x00, 0x81, 0x80, 0xFF, 0x0B, 0x00, 0x80, 0xC0, 0x02, 0x00, 0x81, 0xF0, 0x07, 0x0C, 0x00, 0x81,
    0xC0, 0x7F, 0x0B, 0x00, 0x84, 0x80, 0x01, 0x00, 0xE0, 0x3F, 0x0C, 0x00, 0x81, 0xF0, 0x3F, 0x0C,
    0x00, 0x84, 0x81, 0x01, 0xC0, 0xFF, 0x20, 0x0B, 0x00, 0x81, 0xF8, 0x1F, 0x0C, 0x00, 0x84, 0xC3,
    0x01, 0x80, 0xFF, 0x33, 0x0B, 0x00, 0x81, 0xFE, 0x0F, 0x0C, 0x00, 0x85, 0xE6, 0x03, 0x00, 0xFF,
    0x1F, 0x01, 0x0A, 0x00, 0x81, 0xFF, 0x07, 0x0C, 0x00, 0x85, 0xFC, 0x07, 0x00, 0xFF, 0xBF, 0x01,
    0x09, 0x00, 0x82, 0xC0, 0xFF, 0x03, 0x0C, 0x00, 0x84, 0xFC, 0x0F, 0x00, 0xFE, 0xFF, 0x0A, 0x00,
    0x82, 0xF0, 0xFF, 0x01, 0x0C, 0x00, 0x84, 0xF8, 0x1F, 0x00, 0xFC, 0x7F, 0x0A, 0x00, 0x81, 0xF8,
    0xFF, 0x0D, 0x00, 0x84, 0xF0, 0x1F, 0x00, 0xF8, 0x3F, 0x0A, 0x00, 0x81, 0xFE, 0x3F, 0x0D, 0x00,
    0x84, 0xF0, 0x3F, 0x00, 0xE0, 0x3F, 0x0A, 0x00, 0x81, 0xFF, 0x1F, 0x0D, 0x00, 0x86, 0xE0, 0x7F,
    0x00, 0xC0, 0x1F, 0x80, 0x01, 0x07, 0x00, 0x82, 0xC0, 0xFF, 0x07, 0x0D, 0x00, 0x86, 0xC0, 0xFF,
    0x00, 0x80, 0x1F, 0xC0, 0x03, 0x07, 0x00, 0x82, 0xF8, 0xFF, 0x01, 0x0D, 0x00, 0x86, 0x80, 0xFF,
    0x01, 0x00, 0x0F, 0x80, 0x03, 0x07, 0x00, 0x81, 0xFC, 0xFF, 0x0F, 0x00, 0x85, 0xFF, 0x03, 0x00,
    0x0E, 0x00, 0x01, 0x07, 0x00, 0x81, 0xF8, 0x3F, 0x0F, 0x00, 0x83, 0xFF, 0x07, 0x00, 0x04, 0x08,
    0x00, 0x82, 0x1C, 0xF0, 0x0F, 0x0F, 0x00, 0x81, 0xFE, 0x0F, 0x09, 0x00, 0x83, 0xE0, 0x1F, 0xC0,
    0x03, 0x0F, 0x00, 0x81, 0xFC, 0x1F, 0x09, 0x00, 0x81, 0xFC, 0x0F, 0x11, 0x00, 0x81, 0xF8, 0x3F,
    0x09, 0x00, 0x80, 0x0C, 0x12, 0x00, 0x81, 0xF0, 0x7F, 0x02, 0x00, 0x80, 0x3C, 0x06, 0x00, 0x80,
    0x0C, 0x12, 0x00, 0x84, 0xE0, 0xFF, 0x01, 0x00, 0x3C, 0x06, 0x00, 0x80, 0x3C, 0x12, 0x00, 0x84,
    0xC0, 0xFF, 0x03, 0x00, 0x30, 0x06, 0x00, 0x80, 0x7C, 0x13, 0x00, 0x81, 0xFF, 0x07, 0x08, 0x00,
    0x81, 0xFC, 0x7F, 0x12, 0x00, 0x81, 0xFE, 0x1F, 0x08, 0x00, 0x81, 0xFC, 0x1F, 0x12, 0x00, 0x81,
    0xFC, 0x3F, 0x08, 0x00, 0x80, 0x7C, 0x13, 0x00, 0x81, 0xF8, 0xFF, 0x1C, 0x00, 0x82, 0xF0, 0xFF,
    0x01, 0x1B, 0x00, 0x82, 0xE0, 0xFF, 0x07, 0x1B, 0x00, 0x82, 0x80, 0xFF, 0x0F, 0x1C, 0x00, 0x81,
    0xFF, 0x3F, 0x1C, 0x00, 0x81, 0xFE, 0xFF, 0x1C, 0x00, 0x82, 0xF8, 0xFF, 0x03, 0x1B, 0x00, 0x82,
    0xE0, 0xFF, 0x0F, 0x1B, 0x00, 0x82, 0xC0, 0xFF, 0x3F, 0x1B, 0x00, 0x80, 0x80, 0x02, 0xFF, 0x1C,
    0x00, 0x82, 0xFE, 0xFF, 0x03, 0x1B, 0x00, 0x82, 0xF8, 0xFF, 0x1F, 0x1B, 0x00, 0x80, 0xE0, 0x02,
    0xFF, 0x1B, 0x00, 0x80, 0x80, 0x02, 0xFF, 0x80, 0x07, 0x1B, 0x00, 0x02, 0xFF, 0x80, 0x7F, 0x1B,
    0x00, 0x80, 0xF8, 0x02, 0xFF, 0x80, 0x0F, 0x1A, 0x00, 0x80, 0xE0, 0x03, 0xFF, 0x80, 0x0F, 0x19,
    0x00, 0x80, 0x80, 0x04, 0xFF, 0x80, 0x01, 0x19, 0x00, 0x80, 0xFC, 0x03, 0xFF, 0x80, 0x01, 0x19,
    0x00, 0x80, 0xC0, 0x03, 0xFF, 0x80, 0x01, 0x1A, 0x00, 0x80, 0xFE, 0x02, 0xFF, 0x80, 0x01, 0x0E,
    0x00, 0x80, 0x01, 0x0B, 0x00, 0x80, 0xF0, 0x02, 0xFF, 0x80, 0x01, 0x1B, 0x00, 0x82, 0xFE, 0xFF,
    0x01, 0x1C, 0x00, 0x81, 0xFF, 0x01, 0x7F, 0x00, 0x7F, 0x00, 0x7F, 0x00, 0x7F, 0x00, 0x6A, 0x00,
    0x02, 0xFD, 0x06, 0x00, 0x00, 0x00, 0x02, 0x01, 0xFF, 0x64, 0x00, 0x04, 0xFB, 0x08, 0x00, 0x00,
    0x00, 0x00, 0x00, 0x00, 0xEC, 0x00, 0xE4, 0x00, 0x05, 0xFA, 0x1B, 0x0D, 0x00, 0x7F, 0x00, 0x7F,
    0x00, 0x7F, 0x00, 0x6B, 0x00, 0x81, 0xF0, 0x03, 0x1B, 0x00, 0x81, 0xFF, 0x7F, 0x1A, 0x00, 0x80,
    0x80, 0x02, 0xFF, 0x80, 0x0F, 0x1A, 0x00, 0x03, 0xFF, 0x80, 0x01, 0x19, 0x00, 0x80, 0xFC, 0x02,
    0xFF, 0x80, 0x3F, 0x19, 0x00, 0x80, 0xF0, 0x03, 0xFF, 0x80, 0x07, 0x18, 0x00, 0x80, 0x80, 0x04,
    0xFF, 0x19, 0x00, 0x80, 0xFE, 0x03, 0xFF, 0x80, 0x0D, 0x18, 0x00, 0x80, 0xF0, 0x02, 0xFF, 0x80,
    0x7F, 0x19, 0x00, 0x80, 0x80, 0x02, 0xFF, 0x80, 0x3F, 0x1A, 0x00, 0x82, 0xFC, 0xFF, 0x7F, 0x1A,
    0x00, 0x80, 0xF0, 0x02, 0xFF, 0x1A, 0x00, 0x80, 0x80, 0x02, 0xFF, 0x80, 0x03, 0x1A, 0x00, 0x82,
    0xF8, 0xFF, 0x0F, 0x1A, 0x00, 0x82, 0xC0, 0xFF, 0x7F, 0x1B, 0x00, 0x82, 0xFC, 0xFF, 0x03, 0x1A,
    0x00, 0x82, 0xE0, 0xFF, 0x0F, 0x03, 0x00, 0x81, 0x40, 0x01, 0x16, 0x00, 0x81, 0xFF, 0x7F, 0x03,
    0x00, 0x81, 0xF8, 0x7F, 0x16, 0x00, 0x82, 0xF0, 0xFF, 0x03, 0x02, 0x00, 0x82, 0xFC, 0xFF, 0x0F,
    0x16, 0x00, 0x81, 0xFF, 0x3F, 0x02, 0x00, 0x80, 0xF0, 0x02, 0xFF, 0x80, 0x01, 0x15, 0x00, 0x84,
    0xF8, 0xFF, 0x01, 0x00, 0xE0, 0x02, 0xFF, 0x80, 0x3F, 0x15, 0x00, 0x82, 0x80, 0xFF, 0x0F, 0x02,
    0x00, 0x03, 0xFF, 0x80, 0x07, 0x15, 0x00, 0x81, 0xF8, 0x7F, 0x02, 0x00, 0x80, 0xFC, 0x03, 0xFF,
    0x15, 0x00, 0x84, 0x80, 0xFF, 0x07, 0x00, 0xE0, 0x03, 0xFF, 0x80, 0x1F, 0x15, 0x00, 0x81, 0xFC,
    0x7F, 0x02, 0x00, 0x03, 0xFF, 0x80, 0x1F, 0x15, 0x00, 0x84, 0xC0, 0xFF, 0x03, 0x00, 0xF8, 0x02,
    0xFF, 0x80, 0x07, 0x16, 0x00, 0x83, 0xFC, 0x3F, 0x00, 0xC0, 0x02, 0xFF, 0x80, 0x07, 0x16, 0x00,
    0x86, 0xC0, 0xFF, 0x03, 0x00, 0xFE, 0xFF, 0x0F, 0x17, 0x00, 0x85, 0xFC, 0x1F, 0x00, 0xF0, 0xFF,
    0x3F, 0x17, 0x00, 0x83, 0xC0, 0xFF, 0x01, 0x00, 0x02, 0xFF, 0x80, 0x01, 0x17, 0x00, 0x85, 0xFC,
    0x1F, 0x00, 0xF8, 0xFF, 0x0F, 0x17, 0x00, 0x85, 0xC0, 0xFF, 0x01, 0x80, 0xFF, 0x7F, 0x18, 0x00,
    0x85, 0xFC, 0x1F, 0x00, 0xFC, 0xFF, 0x01, 0x17, 0x00, 0x85, 0xC0, 0xFF, 0x01, 0xC0, 0xFF, 0x1F,
    0x18, 0x00, 0x84, 0xFC, 0x1F, 0x00, 0xFC, 0xFF, 0x04, 0x00, 0x82, 0x80, 0xFF, 0x1F, 0x11, 0x00,
    0x85, 0x80, 0xFF, 0x01, 0xE0, 0xFF, 0x07, 0x04, 0x00, 0x82, 0xFE, 0xFF, 0x7F, 0x11, 0x00, 0x84,
    0xF8, 0x1F, 0x00, 0xFE, 0x7F, 0x04, 0x00, 0x80, 0xC0, 0x03, 0xFF, 0x10, 0x00, 0x85, 0x80, 0xFF,
    0x01, 0xE0, 0xFF, 0x03, 0x04, 0x00, 0x80, 0xF8, 0x03, 0xFF, 0x10, 0x00, 0x84, 0xF8, 0x1F, 0x00,
    0xFE, 0x3F, 0x05, 0x00, 0x03, 0xFF, 0x80, 0x7F, 0x0F, 0x00, 0x85, 0x80, 0xFF, 0x01, 0xE0, 0xFF,
    0x03, 0x04, 0x00, 0x80, 0xE0, 0x03, 0xFF, 0x80, 0x7F, 0x0F, 0x00, 0x84, 0xF0, 0x1F, 0x00, 0xFE,
    0x1F, 0x05, 0x00, 0x80, 0xFC, 0x03, 0xFF, 0x80, 0x3F, 0x03, 0x00, 0x80, 0x30, 0x0B, 0x00, 0x84,
    0xFF, 0x01, 0xE0, 0xFF, 0x01, 0x04, 0x00, 0x80, 0x80, 0x04, 0xFF, 0x80, 0x3F, 0x03, 0x00, 0x80,
    0x0F, 0x0A, 0x00, 0x84, 0xF0, 0x3F, 0x00, 0xFE, 0x1F, 0x05, 0x00, 0x80, 0xF0, 0x04, 0xFF, 0x80,
    0x0F, 0x02, 0x00, 0x81, 0xF0, 0x03, 0x0A, 0x00, 0x83, 0xFE, 0x03, 0xE0, 0xFF, 0x06, 0x00, 0x80,
    0xFE, 0x04, 0xFF, 0x80, 0x07, 0x02, 0x00, 0x80, 0x7F, 0x0A, 0x00, 0x84, 0xE0, 0x3F, 0x00, 0xFE,
    0x0F, 0x05, 0x00, 0x80, 0xC0, 0x05, 0xFF, 0x83, 0x03, 0x00, 0xF0, 0x1F, 0x0A, 0x00, 0x83, 0xFE,
    0x07, 0xE0, 0xFF, 0x06, 0x00, 0x80, 0xF8, 0x05, 0xFF, 0x02, 0x00, 0x81, 0xFF, 0x07, 0x09, 0x00,
    0x84, 0xC0, 0x7F, 0x00, 0xFE, 0x0F, 0x06, 0x00, 0x05, 0xFF, 0x84, 0x7F, 0x00, 0xC0, 0xFF, 0x01,
    0x09, 0x00, 0x83, 0xFC, 0x07, 0xE0, 0xFF, 0x06, 0x00, 0x80, 0xE0, 0x05, 0xFF, 0x83, 0x3F, 0x00,
    0xF0, 0x7F, 0x09, 0x00, 0x84, 0xC0, 0x7F, 0x00, 0xFE, 0x0F, 0x06, 0x00, 0x80, 0xFC, 0x05, 0xFF,
    0x83, 0x0F, 0x00, 0xFC, 0x0F, 0x09, 0x00, 0x84, 0xF8, 0x0F, 0xC0, 0xFF, 0x01, 0x05, 0x00, 0x80,
    0x80, 0x06, 0xFF, 0x83, 0x03, 0x00, 0xFF, 0x03, 0x08, 0x00, 0x84, 0x80, 0xFF, 0x00, 0xFC, 0x1F,
    0x06, 0x00, 0x80, 0xF0, 0x06, 0xFF, 0x82, 0x00, 0xC0, 0xFF, 0x09, 0x00, 0x84, 0xF0, 0x0F, 0xC0,
    0xFF, 0x01, 0x06, 0x00, 0x80, 0xFE, 0x05, 0xFF, 0x83, 0x3F, 0x00, 0xF8, 0x3F, 0x09, 0x00, 0x83,
    0xFF, 0x01, 0xF8, 0x1F, 0x06, 0x00, 0x80, 0xC0, 0x06, 0xFF, 0x83, 0x0F, 0x00, 0xFE, 0x07, 0x08,
    0x00, 0x84, 0xE0, 0x1F, 0x80, 0xFF, 0x01, 0x06, 0x00, 0x80, 0xF8, 0x06, 0xFF, 0x83, 0x03, 0x80,
    0xFF, 0x01, 0x08, 0x00, 0x83, 0xFE, 0x03, 0xF8, 0x1F, 0x07, 0x00, 0x07, 0xFF, 0x82, 0x00, 0xE0,
    0x7F, 0x08, 0x00, 0x84, 0xE0, 0x3F, 0x00, 0xFF, 0x03, 0x06, 0x00, 0x80, 0xE0, 0x06, 0xFF, 0x83,
    0x3F, 0x00, 0xF8, 0x0F, 0x08, 0x00, 0x83, 0xFC, 0x03, 0xF0, 0x3F, 0x07, 0x00, 0x80, 0xFC, 0x06,
    0xFF, 0x83, 0x0F, 0x00, 0xFF, 0x03, 0x07, 0x00, 0x84, 0xC0, 0x7F, 0x00, 0xFF, 0x03, 0x06, 0x00,
    0x80, 0x80, 0x07, 0xFF, 0x82, 0x03, 0xC0, 0xFF, 0x08, 0x00, 0x83, 0xF8, 0x07, 0xE0, 0x7F, 0x07,
    0x00, 0x80, 0xF0, 0x07, 0xFF, 0x82, 0x00, 0xF0, 0x1F, 0x07, 0x00, 0x84, 0x80, 0xFF, 0x00, 0xFE,
    0x07, 0x07, 0x00, 0x80, 0xFE, 0x06, 0xFF, 0x83, 0x3F, 0x00, 0xFC, 0x07, 0x07, 0x00, 0x83, 0xF0,
    0x0F, 0xC0, 0x7F, 0x07, 0x00, 0x80, 0xC0, 0x07, 0xFF, 0x83, 0x0F, 0x80, 0xFF, 0x01, 0x07, 0x00,
    0x83, 0xFE, 0x01, 0xFC, 0x0F, 0x07, 0x00, 0x80, 0xF8, 0x07, 0xFF, 0x82, 0x01, 0xE0, 0x3F, 0x07,
    0x00, 0x83, 0xE0, 0x1F, 0x80, 0xFF, 0x08, 0x00, 0x07, 0xFF, 0x83, 0x7F, 0x00, 0xFC, 0x0F, 0x07,
    0x00, 0x83, 0xFC, 0x03, 0xF8, 0x0F, 0x07, 0x00, 0x80, 0xE0, 0x07, 0xFF, 0x83, 0x1F, 0x00, 0xFF,
    0x01, 0x06, 0x00, 0x84, 0x80, 0x7F, 0x00, 0xFF, 0x01, 0x07, 0x00, 0x80, 0xFC, 0x07, 0xFF, 0x82,
    0x03, 0xC0, 0x71, 0x07, 0x00, 0x83, 0xF8, 0x07, 0xF0, 0x1F, 0x07, 0x00, 0x80, 0x80, 0x08, 0xFF,
    0x82, 0x00, 0x30, 0x0E, 0x07, 0x00, 0x83, 0xFF, 0x00, 0xFE, 0x03, 0x07, 0x00, 0x80, 0xF0, 0x07,
    0xFF, 0x83, 0x3F, 0x00, 0xC0, 0x03, 0x06, 0x00, 0x83, 0xF0, 0x0F, 0xE0, 0x3F, 0x08, 0x00, 0x80,
    0xFE, 0x07, 0xFF, 0x82, 0x07, 0x00, 0x70, 0x07, 0x00, 0x83, 0xFE, 0x01, 0xFC, 0x07, 0x07, 0x00,
    0x80, 0xC0, 0x08, 0xFF, 0x82, 0x01, 0x00, 0x0F, 0x06, 0x00, 0x83, 0xC0, 0x1F, 0xC0, 0x7F, 0x08,
    0x00, 0x80, 0xF8, 0x07, 0xFF, 0x83, 0x3E, 0x00, 0xF8, 0x01, 0x06, 0x00, 0x83, 0xFC, 0x03, 0xF8,
    0x0F, 0x08, 0x00, 0x08, 0xFF, 0x82, 0x0F, 0x80, 0x7F, 0x06, 0x00, 0x83, 0x80, 0x7F, 0x00, 0xFF,
    0x08, 0x00, 0x80, 0xE0, 0x07, 0xFF, 0x83, 0xF9, 0x03, 0xF8, 0x0F, 0x06, 0x00, 0x83, 0xF8, 0x07,
    0xF0, 0x1F, 0x08, 0x00, 0x80, 0xFC, 0x06, 0xFF, 0x84, 0x7F, 0x7D, 0x00, 0xFE, 0x01, 0x06, 0x00,
    0x83, 0xFF, 0x00, 0xFE, 0x01, 0x07, 0x00, 0x80, 0x80, 0x07, 0xFF, 0x83, 0xDB, 0x1F, 0x80, 0x7F,
    0x06, 0x00, 0x83, 0xE0, 0x1F, 0xE0, 0x3F, 0x08, 0x00, 0x80, 0xF0, 0x07, 0xFF, 0x83, 0xF6, 0x03,
    0xF0, 0x0F, 0x06, 0x00, 0x83, 0xFE, 0x01, 0xFC, 0x07, 0x08, 0x00, 0x80, 0xFE, 0x06, 0xFF, 0x84,
    0x97, 0xFD, 0x00, 0xFE, 0x03, 0x05, 0x00, 0x83, 0xC0, 0x3F, 0x80, 0x7F, 0x08, 0x00, 0x80, 0xC0,
    0x06, 0xFF, 0x84, 0xBF, 0x6D, 0x1F, 0x80, 0x7F, 0x06, 0x00, 0x83, 0xF8, 0x07, 0xF0, 0x0F, 0x08,
    0x00, 0x80, 0xF8, 0x08, 0xFF, 0x82, 0x03, 0xF0, 0x0F, 0x06, 0x00, 0x83, 0x7F, 0x00, 0xFF, 0x01,
    0x08, 0x00, 0x09, 0xFF, 0x82, 0x00, 0xFE, 0x03, 0x05, 0x00, 0x83, 0xF0, 0x0F, 0xE0, 0x1F, 0x08,
    0x00, 0x80, 0xE0, 0x08, 0xFF, 0x82, 0x1F, 0xC0, 0x7F, 0x06, 0x00, 0x83, 0xFE, 0x01, 0xFC, 0x03,
    0x08, 0x00, 0x80, 0xFC, 0x08, 0xFF, 0x82, 0x07, 0xF0, 0x0F, 0x05, 0x00, 0x83, 0xC0, 0x1F, 0xC0,
    0x7F, 0x08, 0x00, 0x80, 0x80, 0x09, 0xFF, 0x82, 0x00, 0xFE, 0x03, 0x05, 0x00, 0x83, 0xF8, 0x03,
    0xF8, 0x07, 0x08, 0x00, 0x80, 0xF0, 0x08, 0xFF, 0x82, 0x1F, 0x80, 0x7F, 0x05, 0x00, 0x83, 0x80,
    0x7F, 0x00, 0xFF, 0x09, 0x00, 0x80, 0xFE, 0x06, 0xFF, 0x84, 0xF8, 0xBF, 0x03, 0xF0, 0x0F, 0x05,
    0x00, 0x83, 0xF0, 0x0F, 0xE0, 0x1F, 0x08, 0x00, 0x80, 0xC0, 0x06, 0xFF, 0x85, 0x07, 0xFE, 0xF7,
    0x00, 0xFE, 0x01, 0x05, 0x00, 0x83, 0xFE, 0x01, 0xFE, 0x03, 0x08, 0x00, 0x80, 0xF8, 0x06, 0xFF,
    0x84, 0xC0, 0xFF, 0x1C, 0x80, 0x3F, 0x05, 0x00, 0x83, 0xC0, 0x1F, 0xC0, 0x3F, 0x09, 0x00, 0x06,
    0xFF, 0x85, 0x0F, 0xF8, 0x9F, 0x03, 0xF0, 0x07, 0x05, 0x00, 0x83, 0xF8, 0x03, 0xF8, 0x07, 0x08,
    0x00, 0x80, 0xE0, 0x06, 0xFF, 0x86, 0x01, 0xFF, 0xE3, 0x00, 0xFC, 0x70, 0x1E, 0x04, 0x00, 0x82,
    0x7F, 0x00, 0xFF, 0x09, 0x00, 0x80, 0xFC, 0x05, 0xFF, 0x83, 0x7F, 0xFF, 0x7F, 0x1C, 0x02, 0x00,
    0x81, 0xFE, 0x03, 0x03, 0x00, 0x83, 0xF0, 0x0F, 0xF0, 0x1F, 0x08, 0x00, 0x80, 0x80, 0x08, 0xFF,
    0x84, 0x1F, 0x03, 0x00, 0xC0, 0x7F, 0x04, 0x00, 0x83, 0xFE, 0x01, 0xFE, 0x03, 0x08, 0x00, 0x80,
    0xF0, 0x08, 0xFF, 0x80, 0x63, 0x02, 0x00, 0x81, 0xF8, 0x0F, 0x03, 0x00, 0x83, 0xC0, 0x3F, 0xC0,
    0x3F, 0x09, 0x00, 0x80, 0xFE, 0x07, 0xFF, 0x81, 0x7F, 0x18, 0x02, 0x00, 0x81, 0xFF, 0x01, 0x03,
    0x00, 0x83, 0xF8, 0x03, 0xF8, 0x07, 0x08, 0x00, 0x80, 0xC0, 0x08, 0xFF, 0x84, 0x0F, 0x02, 0x00,
    0xE0, 0x3F, 0x04, 0x00, 0x82, 0x7F, 0x00, 0xFF, 0x04, 0x00, 0x86, 0xF8, 0x0F, 0x00, 0x2A, 0xF8,
    0xFF, 0x87, 0x03, 0xFF, 0x80, 0xFD, 0x03, 0xFF, 0x80, 0xC1, 0x02, 0x00, 0x81, 0xFC, 0x07, 0x03,
    0x00, 0x83, 0xE0, 0x0F, 0xE0, 0x1F, 0x03, 0x00, 0x8E, 0xC0, 0xFF, 0x03, 0xC0, 0x8F, 0xFF, 0x3F,
    0xC0, 0xFF, 0xC1, 0x03, 0xFC, 0x1F, 0xF8, 0x7F, 0x02, 0x00, 0x81, 0x80, 0xFF, 0x04, 0x00, 0x83,
    0xFC, 0x01, 0xFC, 0x03, 0x03, 0x00, 0x8E, 0xFC, 0xFF, 0x01, 0xF8, 0xF9, 0x9F, 0x03, 0xE0, 0x3F,
    0x38, 0x00, 0xFE, 0x03, 0xFF, 0x0F, 0x02, 0x00, 0x81, 0xF0, 0x1F, 0x03, 0x00, 0x83, 0x80, 0x3F,
    0x80, 0x7F, 0x03, 0x00, 0x8F, 0xC0, 0xFF, 0x7F, 0x00, 0xBF, 0xFF, 0x13, 0x00, 0xFC, 0x07, 0x01,
    0x80, 0x7F, 0xE0, 0xFF, 0x01, 0x02, 0x00, 0x81, 0xFE, 0x03, 0x03, 0x00, 0x83, 0xF8, 0x07, 0xF8,
    0x0F, 0x03, 0x00, 0x85, 0xFC, 0xFF, 0x1F, 0xE0, 0xFF, 0x7F, 0x02, 0x00, 0x80, 0xFF, 0x02, 0x00,
    0x83, 0xF0, 0x0F, 0xFC, 0x3F, 0x02, 0x00, 0x81, 0x80, 0xFF, 0x04, 0x00, 0x82, 0xFF, 0x00, 0xFF,
    0x03, 0x00, 0x89, 0x80, 0x1F, 0xFE, 0x03, 0xFC, 0xFF, 0x1F, 0x00, 0xE0, 0x1F, 0x02, 0x00, 0x83,
    0xFE, 0x81, 0xFF, 0x0F, 0x02, 0x00, 0x81, 0xF8, 0x1F, 0x03, 0x00, 0x83, 0xE0, 0x1F, 0xE0, 0x1F,
    0x03, 0x00, 0x8F, 0xF8, 0x01, 0xFF, 0x80, 0xFF, 0xE0, 0x83, 0x07, 0xFC, 0x03, 0xF8, 0x80, 0x3F,
    0xF0, 0xFF, 0x01, 0x02, 0x00, 0x81, 0xFE, 0x03, 0x03, 0x00, 0x83, 0xFC, 0x03, 0xFC, 0x03, 0x03,
    0x00, 0x8E, 0x3F, 0xC0, 0x1F, 0xF0, 0x0F, 0x0C, 0xFC, 0x01, 0x7F, 0xC0, 0x1F, 0xF0, 0x07, 0xFE,
    0x3F, 0x02, 0x00, 0x81, 0xC0, 0x7F, 0x03, 0x00, 0x83, 0x80, 0x7F, 0x80, 0x7F, 0x03, 0x00, 0x8F,
    0xF0, 0x03, 0xF8, 0x07, 0xFE, 0xF0, 0xC0, 0x3F, 0xE0, 0x0F, 0xFC, 0x03, 0xFE, 0xC0, 0xFF, 0x07,
    0x02, 0x00, 0x81, 0xF8, 0x0F, 0x03, 0x00, 0x83, 0xF0, 0x0F, 0xF0, 0x0F, 0x03, 0x00, 0x8E, 0x7E,
    0x00, 0xFE, 0xC0, 0xF3, 0x1F, 0xF8, 0x07, 0xFC, 0x81, 0xFF, 0xC0, 0x1F, 0xF8, 0xFF, 0x03, 0x00,
    0x81, 0xFF, 0x01, 0x03, 0x00, 0x83, 0xFE, 0x01, 0xFE, 0x01, 0x02, 0x00, 0x8D, 0xC0, 0x0F, 0xC0,
    0x1F, 0x00, 0xFE, 0x03, 0xFF, 0x80, 0x3F, 0xF0, 0x1F, 0xF8, 0x03, 0x02, 0xFF, 0x83, 0x01, 0x00,
    0xE0, 0x3F, 0x03, 0x00, 0x83, 0xC0, 0x3F, 0xC0, 0x3F, 0x03, 0x00, 0x8F, 0xF8, 0x01, 0xF0, 0xFF,
    0xC0, 0x3F, 0xE0, 0x1F, 0xF0, 0x07, 0xFE, 0x03, 0x7F, 0xE0, 0xFF, 0x3F, 0x02, 0x00, 0x81, 0xFC,
    0x07, 0x03, 0x00, 0x83, 0xF8, 0x07, 0xF8, 0x07, 0x03, 0x00, 0x8B, 0x3F, 0xC0, 0x80, 0x1F, 0xF8,
    0x0F, 0xFC, 0x03, 0xFE, 0xC0, 0x7F, 0xE0, 0x03, 0xFF, 0x83, 0x07, 0x00, 0x80, 0xFF, 0x04, 0x00,
    0x82, 0xFF, 0x00, 0xFF, 0x03, 0x00, 0x8C, 0xE0, 0x07, 0x1F, 0xF0, 0x03, 0xFF, 0x80, 0x7F, 0xC0,
    0x1F, 0xF8, 0x0F, 0xFC, 0x03, 0xFF, 0x02, 0x00, 0x81, 0xF0, 0x1F, 0x03, 0x00, 0x83, 0xE0, 0x1F,
    0xE0, 0x1F, 0x03, 0x00, 0x8B, 0xFC, 0xFF, 0x03, 0x7E, 0xE0, 0x1F, 0xF0, 0x0F, 0xF8, 0x03, 0xFF,
    0x81, 0x03, 0xFF, 0x80, 0x1F, 0x02, 0x00, 0x81, 0xFE, 0x03, 0x03, 0x00, 0x83, 0xFC, 0x03, 0xFC,
    0x03, 0x02, 0x00, 0x8C, 0xC0, 0xF3, 0x7F, 0xC0, 0x0F, 0xFC, 0x03, 0xFE, 0x01, 0x7F, 0xE0, 0x3F,
    0xF0, 0x03, 0xFF, 0x83, 0x03, 0x00, 0xC0, 0x7F, 0x03, 0x00, 0x83, 0x80, 0x7F, 0x80, 0x7F, 0x03,
    0x00, 0x8F, 0x0F, 0xFC, 0x0F, 0xFC, 0x81, 0x7F, 0xC0, 0x3F, 0xE0, 0x0F, 0xFC, 0x07, 0xFE, 0xFF,
    0xD7, 0x7F, 0x02, 0x00, 0x81, 0xF8, 0x0F, 0x03, 0x00, 0x83, 0xF0, 0x0F, 0xF0, 0x0F, 0x02, 0x00,
    0x8C, 0xF8, 0x81, 0xFF, 0x81, 0x3F, 0xF0, 0x0F, 0xF8, 0x07, 0xFC, 0x81, 0xFF, 0xC0, 0x02, 0xFF,
    0x85, 0xF0, 0x0F, 0x00, 0x80, 0xFF, 0x01, 0x03, 0x00, 0x83, 0xFC, 0x01, 0xFE, 0x01, 0x02, 0x00,
    0x93, 0x7F, 0xE0, 0x1F, 0xF0, 0x07, 0xFE, 0x01, 0xFF, 0x80, 0x3F, 0xF0, 0x1F, 0xF8, 0xFF, 0xBF,
    0xFE, 0x01, 0x00, 0xF0, 0x1F, 0x03, 0x00, 0x83, 0x80, 0x3F, 0x80, 0x7F, 0x02, 0x00, 0x8C, 0xE0,
    0x0F, 0xF0, 0x01, 0xFE, 0xC0, 0x3F, 0xE0, 0x1F, 0xF0, 0x07, 0xFE, 0x03, 0x02, 0xFF, 0x81, 0xEF,
    0x1F, 0x02, 0x00, 0x81, 0xFE, 0x03, 0x03, 0x00, 0x83, 0xF0, 0x07, 0xF0, 0x0F, 0x02, 0x00, 0x8C,
    0xFC, 0x03, 0x00, 0xE0, 0x1F, 0xF8, 0x07, 0xFC, 0x03, 0xFE, 0xC0, 0x7F, 0xE0, 0x02, 0xFF, 0x84,
    0xFB, 0x07, 0x00, 0xC0, 0x7F, 0x04, 0x00, 0x86, 0xFE, 0x00, 0xFE, 0x01, 0x00, 0x80, 0x7F, 0x02,
    0x00, 0x8A, 0xFE, 0x03, 0xFF, 0x80, 0x7F, 0xC0, 0x1F, 0xF8, 0x0F, 0xFC, 0xFF, 0x02, 0x7F, 0x02,
    0x00, 0x81, 0xF8, 0x0F, 0x03, 0x00, 0x83, 0xC0, 0x3F, 0xC0, 0x3F, 0x02, 0x00, 0x8C, 0xF0, 0x1F,
    0x00, 0xE0, 0x3F, 0xE0, 0x1F, 0xF0, 0x0F, 0xF8, 0x03, 0xFF, 0x81, 0x03, 0xFF, 0x80, 0x0F, 0x02,
    0x00, 0x81, 0xFF, 0x01, 0x03, 0x00, 0x83, 0xF8, 0x07, 0xF8, 0x07, 0x02, 0x00, 0x8C, 0xFE, 0x07,
    0x00, 0xFE, 0x0F, 0xFC, 0x03, 0xFE, 0x01, 0x7F, 0xE0, 0x3F, 0xF0, 0x03, 0xFF, 0x83, 0x01, 0x00,
    0xE0, 0x3F, 0x04, 0x00, 0x91, 0xFF, 0x00, 0xFF, 0x01, 0x00, 0xC0, 0xFF, 0x03, 0xF0, 0xFF, 0x81,
    0xFF, 0xC0, 0x7F, 0xE0, 0x0F, 0xFC, 0x07, 0x03, 0xFF, 0x80, 0x3F, 0x02, 0x00, 0x81, 0xFC, 0x07,
    0x03, 0x00, 0x83, 0xE0, 0x1F, 0xC0, 0x3F, 0x02, 0x00, 0x82, 0xF8, 0xFF, 0xC3, 0x0D, 0xFF, 0x83,
    0x07, 0x00, 0x80, 0xFF, 0x04, 0x00, 0x83, 0xFC, 0x03, 0xF8, 0x07, 0x02, 0x00, 0x10, 0xFF, 0x02,
    0x00, 0x81, 0xF0, 0x1F, 0x04, 0x00, 0x82, 0x7F, 0x00, 0xFF, 0x02, 0x00, 0x80, 0xC0, 0x0F, 0xFF,
    0x80, 0x1F, 0x02, 0x00, 0x81, 0xFE, 0x03, 0x03, 0x00, 0x83, 0xE0, 0x0F, 0xE0, 0x1F, 0x02, 0x00,
    0x80, 0xF8, 0x0F, 0xFF, 0x83, 0x0F, 0x00, 0xC0, 0x7F, 0x04, 0x00, 0x83, 0xFC, 0x03, 0xFC, 0x07,
    0x02, 0x00, 0x10, 0xFF, 0x83, 0x3F, 0x00, 0xFC, 0x07, 0x03, 0x00, 0x83, 0x80, 0x7F, 0x00, 0xFF,
    0x02, 0x00, 0x80, 0xE0, 0x10, 0xFF, 0x82, 0x07, 0x80, 0x7F, 0x04, 0x00, 0x83, 0xF0, 0x0F, 0xE0,
    0x1F, 0x02, 0x00, 0x80, 0xF8, 0x0F, 0xFF, 0x83, 0x7F, 0x00, 0xF0, 0x0F, 0x04, 0x00, 0x82, 0xFE,
    0x03, 0xFC, 0x03, 0x00, 0x10, 0xFF, 0x82, 0x0F, 0x00, 0xFF, 0x04, 0x00, 0x83, 0x80, 0x7F, 0x00,
    0x0F, 0x02, 0x00, 0x80, 0xE0, 0x10, 0xFF, 0x82, 0x01, 0xE0, 0x1F, 0x04, 0x00, 0x82, 0xF0, 0x0F,
    0x60, 0x03, 0x00, 0x80, 0xFC, 0x0F, 0xFF, 0x83, 0x1F, 0x00, 0xFC, 0x01, 0x04, 0x00, 0x81, 0xFE,
    0x01, 0x04, 0x00, 0x0E, 0xFF, 0x84, 0xE3, 0xFF, 0x03, 0x80, 0x3F, 0x04, 0x00, 0x81, 0x80, 0x7F,
    0x04, 0x00, 0x80, 0xE0, 0x0D, 0xFF, 0x85, 0x3F, 0xE0, 0x7F, 0x00, 0xF8, 0x07, 0x04, 0x00, 0x81,
    0xF0, 0x0F, 0x04, 0x00, 0x80, 0xFC, 0x0D, 0xFF, 0x84, 0x07, 0xFC, 0x07, 0x00, 0x7F, 0x05, 0x00,
    0x81, 0xFE, 0x01, 0x03, 0x00, 0x80, 0x80, 0x0D, 0xFF, 0x85, 0x7F, 0x80, 0xFF, 0x00, 0xF0, 0x0F,
    0x04, 0x00, 0x81, 0x80, 0x3F, 0x04, 0x00, 0x80, 0xE0, 0x0D, 0xFF, 0x85, 0x0F, 0xE0, 0x1F, 0x00,
    0xFE, 0x01, 0x04, 0x00, 0x81, 0xF0, 0x0F, 0x04, 0x00, 0x80, 0xFC, 0x0D, 0xFF, 0x84, 0x00, 0xF8,
    0x01, 0xC0, 0x7F, 0x05, 0x00, 0x81, 0xFE, 0x01, 0x03, 0x00, 0x80, 0x80, 0x0D, 0xFF, 0x85, 0x1F,
    0x20, 0x3C, 0x00, 0xF8, 0x0F, 0x04, 0x00, 0x81, 0xC0, 0x7F, 0x04, 0x00, 0x80, 0xE0, 0x0D, 0xFF,
    0x84, 0x01, 0x80, 0x03, 0x00, 0xFF, 0x05, 0x00, 0x81, 0xF0, 0x0F, 0x04, 0x00, 0x80, 0xFC, 0x0C,
    0xFF, 0x85, 0x1F, 0x40, 0x02, 0x00, 0xE0, 0x3F, 0x05, 0x00, 0x81, 0xFE, 0x01, 0x04, 0x00, 0x0D,
    0xFF, 0x81, 0x03, 0x88, 0x02, 0x00, 0x81, 0xFE, 0x07, 0x04, 0x00, 0x81, 0x80, 0x7F, 0x04, 0x00,
    0x80, 0xE0, 0x0C, 0xFF, 0x85, 0x3F, 0x80, 0x36, 0x00, 0xE0, 0x7F, 0x05, 0x00, 0x81, 0xF0, 0x0F,
    0x04, 0x00, 0x80, 0xF8, 0x0C, 0xFF, 0x85, 0x07, 0xB8, 0x05, 0x00, 0xFC, 0x0F, 0x05, 0x00, 0x81,
    0xFE, 0x03, 0x04, 0x00, 0x0C, 0xFF, 0x86, 0x7F, 0x00, 0x7D, 0x00, 0xC0, 0xFF, 0x01, 0x04, 0x00,
    0x81, 0x80, 0x7F, 0x04, 0x00, 0x80, 0xC0, 0x0C, 0xFF, 0x85, 0x07, 0xF0, 0x0F, 0x00, 0xF8, 0x1F,
    0x05, 0x00, 0x81, 0xF0, 0x1F, 0x04, 0x00, 0x80, 0xF8, 0x0C, 0xFF, 0x85, 0x00, 0xFF, 0x01, 0x80,
    0xFF, 0x01, 0x05, 0x00, 0x81, 0xFC, 0x03, 0x04, 0x00, 0x80, 0xFE, 0x0B, 0xFF, 0x85, 0x0F, 0xF0,
    0x1F, 0x00, 0xF0, 0x3F, 0x05, 0x00, 0x81, 0x80, 0xFF, 0x04, 0x00, 0x80, 0x80, 0x0C, 0xFF, 0x85,
    0x00, 0xFE, 0x01, 0x00, 0xFF, 0x03, 0x05, 0x00, 0x81, 0xE0, 0x1F, 0x04, 0x00, 0x80, 0xF0, 0x0B,
    0xFF, 0x85, 0x0F, 0xE0, 0x3F, 0x00, 0xE0, 0x7F, 0x06, 0x00, 0x81, 0xFC, 0x07, 0x04, 0x00, 0x80,
    0xFC, 0x0B, 0xFF, 0x85, 0x00, 0xFE, 0x03, 0x00, 0xFC, 0x07, 0x06, 0x00, 0x80, 0xFF, 0x05, 0x00,
    0x0B, 0xFF, 0x85, 0x0F, 0xC0, 0x3F, 0x00, 0xC0, 0xFF, 0x06, 0x00, 0x81, 0xE0, 0x3F, 0x04, 0x00,
    0x80, 0xE0, 0x0B, 0xFF, 0x85, 0x01, 0xFC, 0x07, 0x00, 0xF8, 0x0F, 0x06, 0x00, 0x81, 0xFC, 0x07,
    0x04, 0x00, 0x80, 0xF8, 0x0A, 0xFF, 0x86, 0x1F, 0xC0, 0x3F, 0x00, 0x80, 0xFF, 0x01, 0x06, 0x00,
    0x81, 0xFF, 0x01, 0x04, 0x00, 0x80, 0xFE, 0x0A, 0xFF, 0x85, 0x01, 0xFC, 0x07, 0x00, 0xE8, 0x1F,
    0x06, 0x00, 0x81, 0xC0, 0x3F, 0x04, 0x00, 0x80, 0x80, 0x0A, 0xFF, 0x82, 0x1F, 0xC0, 0x7F, 0x02,
    0x00, 0x81, 0xE0, 0x03, 0x06, 0x00, 0x81, 0xF8, 0x0F, 0x04, 0x00, 0x80, 0xE0, 0x0A, 0xFF, 0x82,
    0x01, 0xFC, 0x07, 0x02, 0x00, 0x80, 0x38, 0x07, 0x00, 0x81, 0xFE, 0x03, 0x04, 0x00, 0x80, 0xF8,
    0x09, 0xFF, 0x82, 0x1F, 0xC0, 0x7F, 0x02, 0x00, 0x81, 0xA2, 0x03, 0x06, 0x00, 0x81, 0xC0, 0xFF,
    0x05, 0x00, 0x80, 0xFE, 0x09, 0xFF, 0x85, 0x01, 0xFC, 0x07, 0x00, 0xB0, 0x78, 0x07, 0x00, 0x81,
    0xF0, 0x1F, 0x04, 0x00, 0x80, 0x80, 0x09, 0xFF, 0x82, 0x0F, 0xC0, 0x7F, 0x02, 0x00, 0x81, 0x0F,
    0x07, 0x07, 0x00, 0x81, 0xFC, 0x07, 0x04, 0x00, 0x80, 0xC0, 0x09, 0xFF, 0x85, 0x00, 0xFC, 0x07,
    0x00, 0xE0, 0x71, 0x07, 0x00, 0x82, 0x80, 0xFF, 0x01, 0x04, 0x00, 0x80, 0xF0, 0x08, 0xFF, 0x82,
    0x07, 0xE0, 0x7F, 0x02, 0x00, 0x81, 0xBE, 0x0F, 0x07, 0x00, 0x81, 0xE0, 0x3F, 0x05, 0x00, 0x80,
    0xFC, 0x07, 0xFF, 0x86, 0x3F, 0x00, 0xFE, 0x07, 0x00, 0xE0, 0xDF, 0x08, 0x00, 0x81, 0xF8, 0x0F,
    0x05, 0x00, 0x80, 0xFE, 0x07, 0xFF, 0x82, 0x03, 0xF0, 0x7F, 0x02, 0x00, 0x81, 0xFE, 0x0D, 0x08,
    0x00, 0x81, 0xFF, 0x03, 0x05, 0x00, 0x07, 0xFF, 0x87, 0x1F, 0x00, 0xFF, 0x07, 0x00, 0xE0, 0xFF,
    0x01, 0x07, 0x00, 0x81, 0xC0, 0xFF, 0x05, 0x00, 0x80, 0x80, 0x07, 0xFF, 0x82, 0x00, 0xF0, 0x7F,
    0x02, 0x00, 0x81, 0xFE, 0x17, 0x08, 0x00, 0x81, 0xF0, 0x3F, 0x05, 0x00, 0x80, 0xE0, 0x06, 0xFF,
    0x86, 0x07, 0xC0, 0xFF, 0x07, 0x00, 0xC0, 0xFF, 0x09, 0x00, 0x81, 0xFC, 0x0F, 0x05, 0x00, 0x80,
    0xE0, 0x05, 0xFF, 0x83, 0x3F, 0x00, 0xFC, 0x3F, 0x02, 0x00, 0x81, 0xF0, 0x1F, 0x08, 0x00, 0x82,
    0x80, 0xFF, 0x03, 0x05, 0x00, 0x80, 0xF0, 0x04, 0xFF, 0x84, 0x7F, 0x00, 0xE0, 0xFF, 0x03, 0x02,
    0x00, 0x81, 0xFC, 0x03, 0x08, 0x00, 0x81, 0xE0, 0x7F, 0x06, 0x00, 0x80, 0xF0, 0x04, 0xFF, 0x83,
    0x03, 0x00, 0xFE, 0x3F, 0x02, 0x00, 0x81, 0x80, 0x3F, 0x09, 0x00, 0x81, 0xF8, 0x1F, 0x06, 0x00,
    0x80, 0xF0, 0x03, 0xFF, 0x84, 0x7F, 0x00, 0xF0, 0xFF, 0x01, 0x02, 0x00, 0x81, 0xE0, 0x07, 0x09,
    0x00, 0x81, 0xFE, 0x07, 0x06, 0x00, 0x80, 0xC0, 0x02, 0xFF, 0x84, 0xE0, 0x0F, 0xC0, 0xFF, 0x0F,
    0x03, 0x00, 0x80, 0x70, 0x09, 0x00, 0x82, 0x80, 0xFF, 0x01, 0x09, 0x00, 0x81, 0xFC, 0x01, 0x02,
    0xFF, 0x04, 0x00, 0x80, 0x04, 0x09, 0x00, 0x81, 0xE0, 0x7F, 0x09, 0x00, 0x84, 0xC0, 0x7F, 0xFC,
    0xFF, 0x07, 0x0E, 0x00, 0x81, 0xFC, 0x1F, 0x09, 0x00, 0x80, 0xFE, 0x02, 0xFF, 0x80, 0x3F, 0x0F,
    0x00, 0x81, 0xFF, 0x07, 0x08, 0x00, 0x04, 0xFF, 0x80, 0x01, 0x0E, 0x00, 0x82, 0xC0, 0xFF, 0x01,
    0x06, 0x00, 0x80, 0xC0, 0x04, 0xFF, 0x80, 0x0F, 0x0F, 0x00, 0x81, 0xF0, 0x7F, 0x07, 0x00, 0x80,
    0xF8, 0x03, 0xFF, 0x80, 0x3F, 0x10, 0x00, 0x81, 0xFC, 0x1F, 0x07, 0x00, 0x04, 0xFF, 0x80, 0x01,
    0x10, 0x00, 0x81, 0xFF, 0x0F, 0x06, 0x00, 0x80, 0xF0, 0x03, 0xFF, 0x80, 0x03, 0x10, 0x00, 0x82,
    0xC0, 0xFF, 0x03, 0x06, 0x00, 0x80, 0xFE, 0x02, 0xFF, 0x80, 0x03, 0x11, 0x00, 0x81, 0xE0, 0xFF,
    0x06, 0x00, 0x80, 0xC0, 0x02, 0xFF, 0x80, 0x07, 0x12, 0x00, 0x81, 0xF8, 0x7F, 0x06, 0x00, 0x81,
    0xF0, 0x37, 0x14, 0x00, 0x81, 0xFE, 0x1F, 0x1B, 0x00, 0x82, 0x80, 0xFF, 0x07, 0x1B, 0x00, 0x82,
    0xE0, 0xFF, 0x03, 0x1B, 0x00, 0x82, 0xF8, 0xFF, 0x01, 0x1B, 0x00, 0x81, 0xFC, 0x7F, 0x1C, 0x00,
    0x81, 0xFF, 0x3F, 0x1B, 0x00, 0x82, 0xC0, 0xFF, 0x1F, 0x1B, 0x00, 0x82, 0xE0, 0xFF, 0x0F, 0x1B,
    0x00, 0x82, 0xF0, 0xFF, 0x07, 0x1B, 0x00, 0x82, 0xFC, 0xFF, 0x03, 0x1B, 0x00, 0x82, 0xFE, 0xFF,
    0x01, 0x1A, 0x00, 0x80, 0x80, 0x02, 0xFF, 0x1B, 0x00, 0x80, 0xC0, 0x02, 0xFF, 0x1B, 0x00, 0x80,
    0xE0, 0x02, 0xFF, 0x1B, 0x00, 0x80, 0xF0, 0x02, 0xFF, 0x1B, 0x00, 0x80, 0xF8, 0x02, 0xFF, 0x80,
    0x01, 0x1A, 0x00, 0x80, 0xFC, 0x02, 0xFF, 0x80, 0x0F, 0x1A, 0x00, 0x80, 0xFE, 0x03, 0xFF, 0x80,
    0x01, 0x19, 0x00, 0x80, 0xFE, 0x03, 0xFF, 0x80, 0x03, 0x19, 0x00, 0x80, 0xFE, 0x02, 0xFF, 0x80,
    0x7F, 0x1A, 0x00, 0x80, 0xFE, 0x02, 0xFF, 0x80, 0x0F, 0x1A, 0x00, 0x80, 0xFE, 0x02, 0xFF, 0x80,
    0x01, 0x1A, 0x00, 0x82, 0xFE, 0xFF, 0x3F, 0x1B, 0x00, 0x82, 0xF0, 0xFF, 0x07, 0x1B, 0x00, 0x81,
    0x80, 0xFF, 0x7F, 0x00, 0x7F, 0x00, 0x1C, 0x00, 0x02, 0xFD, 0x06, 0x00, 0x00, 0x00, 0x00, 0x01,
    0xFF, 0x64, 0x00, 0x05, 0xFA, 0x67, 0x0E, 0x00, 0x7F, 0x00, 0x7F, 0x00, 0x7F, 0x00, 0x71, 0x00,
    0x81, 0x80, 0x03, 0x1B, 0x00, 0x82, 0xE0, 0xFF, 0x03, 0x1A, 0x00, 0x80, 0x80, 0x02, 0xFF, 0x80,
    0x03, 0x1A, 0x00, 0x80, 0xF8, 0x02, 0xFF, 0x80, 0x03, 0x19, 0x00, 0x80, 0x80, 0x03, 0xFF, 0x80,
    0x03, 0x19, 0x00, 0x80, 0xF0, 0x03, 0xFF, 0x80, 0x03, 0x19, 0x00, 0x80, 0xFE, 0x03, 0xFF, 0x80,
    0x03, 0x18, 0x00, 0x80, 0x80, 0x04, 0xFF, 0x80, 0x03, 0x18, 0x00, 0x80, 0xF0, 0x03, 0xFF, 0x1A,
    0x00, 0x80, 0xFC, 0x02, 0xFF, 0x80, 0x03, 0x1A, 0x00, 0x02, 0xFF, 0x80, 0x3F, 0x1A, 0x00, 0x80,
    0xC0, 0x02, 0xFF, 0x80, 0x03, 0x1A, 0x00, 0x82, 0xF0, 0xFF, 0x3F, 0x1B, 0x00, 0x82, 0xFC, 0xFF,
    0x0F, 0x1B, 0x00, 0x82, 0xFE, 0xFF, 0x01, 0x1A, 0x00, 0x82, 0x80, 0xFF, 0x7F, 0x1B, 0x00, 0x82,
    0xC0, 0xFF, 0x1F, 0x1B, 0x00, 0x82, 0xF0, 0xFF, 0x03, 0x03, 0x00, 0x83, 0xFF, 0x03, 0xF8, 0x1F,
    0x14, 0x00, 0x82, 0xF8, 0xFF, 0x01, 0x02, 0x00, 0x85, 0xF8, 0xFF, 0x03, 0x00, 0x14, 0x0E, 0x13,
    0x00, 0x81, 0xFE, 0x7F, 0x02, 0x00, 0x80, 0x80, 0x02, 0xFF, 0x83, 0x43, 0xFF, 0x1F, 0x7F, 0x13,
    0x00, 0x81, 0xFF, 0x1F, 0x02, 0x00, 0x80, 0xF8, 0x02, 0xFF, 0x84, 0x03, 0xC0, 0x0F, 0xFF, 0x05,
    0x11, 0x00, 0x82, 0xC0, 0xFF, 0x07, 0x02, 0x00, 0x03, 0xFF, 0x84, 0x03, 0x40, 0x8B, 0xFF, 0x1F,
    0x11, 0x00, 0x84, 0xE0, 0xFF, 0x03, 0x00, 0xE0, 0x03, 0xFF, 0x82, 0x03, 0xF0, 0x87, 0x02, 0xFF,
    0x11, 0x00, 0x81, 0xF0, 0xFF, 0x02, 0x00, 0x80, 0xF8, 0x03, 0xFF, 0x82, 0x03, 0x80, 0xC7, 0x02,
    0xFF, 0x80, 0x07, 0x10, 0x00, 0x81, 0xF8, 0x7F, 0x02, 0x00, 0x04, 0xFF, 0x82, 0x01, 0x00, 0xC0,
    0x02, 0xFF, 0x80, 0x1F, 0x10, 0x00, 0x83, 0xFC, 0x1F, 0x00, 0xC0, 0x03, 0xFF, 0x03, 0x00, 0x80,
    0x80, 0x02, 0xFF, 0x80, 0x7F, 0x10, 0x00, 0x83, 0xFE, 0x0F, 0x00, 0xF0, 0x02, 0xFF, 0x80, 0x03,
    0x04, 0x00, 0x80, 0xC0, 0x02, 0xFF, 0x80, 0x01, 0x0E, 0x00, 0x86, 0x80, 0xFF, 0x07, 0x00, 0xF8,
    0xFF, 0x7F, 0x06, 0x00, 0x82, 0xFE, 0xFF, 0x07, 0x0E, 0x00, 0x86, 0xC0, 0xFF, 0x03, 0x00, 0xFE,
    0xFF, 0x07, 0x06, 0x00, 0x82, 0xF0, 0xFF, 0x1F, 0x0E, 0x00, 0x83, 0xE0, 0xFF, 0x00, 0x80, 0x02,
    0xFF, 0x80, 0x01, 0x06, 0x00, 0x82, 0xC0, 0xFF, 0x7F, 0x0E, 0x00, 0x85, 0xF0, 0x7F, 0x00, 0xC0,
    0xFF, 0x3F, 0x08, 0x00, 0x81, 0xFE, 0xFF, 0x0E, 0x00, 0x85, 0xF8, 0x3F, 0x00, 0xF0, 0xFF, 0x0F,
    0x08, 0x00, 0x82, 0xF8, 0xFF, 0x03, 0x0D, 0x00, 0x85, 0xFC, 0x1F, 0x00, 0xF8, 0xFF, 0x03, 0x08,
    0x00, 0x82, 0xE0, 0xFF, 0x07, 0x0D, 0x00, 0x84, 0xFC, 0x0F, 0x00, 0xFE, 0xFF, 0x09, 0x00, 0x82,
    0x80, 0xFF, 0x1F, 0x0D, 0x00, 0x84, 0xFE, 0x07, 0x00, 0xFF, 0x3F, 0x04, 0x00, 0x82, 0xFC, 0xFF,
    0x03, 0x03, 0x00, 0x81, 0xFF, 0x3F, 0x0D, 0x00, 0x84, 0xFF, 0x03, 0x80, 0xFF, 0x1F, 0x04, 0x00,
    0x82, 0xFC, 0xFF, 0x7F, 0x03, 0x00, 0x81, 0xFC, 0x7F, 0x0C, 0x00, 0x85, 0x80, 0xFF, 0x01, 0xE0,
    0xFF, 0x07, 0x04, 0x00, 0x80, 0xFC, 0x02, 0xFF, 0x80, 0x07, 0x02, 0x00, 0x81, 0xF8, 0xFF, 0x0C,
    0x00, 0x85, 0xC0, 0xFF, 0x00, 0xF0, 0xFF, 0x01, 0x04, 0x00, 0x80, 0xFC, 0x02, 0xFF, 0x80, 0x3F,
    0x02, 0x00, 0x82, 0xE0, 0xFF, 0x01, 0x0B, 0x00, 0x84, 0xE0, 0x7F, 0x00, 0xF8, 0xFF, 0x05, 0x00,
    0x80, 0xFC, 0x03, 0xFF, 0x84, 0x01, 0x00, 0xC0, 0xFF, 0x03, 0x0B, 0x00, 0x84, 0xE0, 0x3F, 0x00,
    0xFC, 0x7F, 0x05, 0x00, 0x80, 0xFC, 0x03, 0xFF, 0x80, 0x0F, 0x02, 0x00, 0x81, 0xFF, 0x07, 0x0B,
    0x00, 0x84, 0xF0, 0x1F, 0x00, 0xFE, 0x1F, 0x05, 0x00, 0x80, 0xFC, 0x03, 0xFF, 0x80, 0x3F, 0x02,
    0x00, 0x81, 0xFE, 0x07, 0x0B, 0x00, 0x84, 0xF8, 0x1F, 0x00, 0xFF, 0x0F, 0x05, 0x00, 0x80, 0xFC,
    0x04, 0xFF, 0x02, 0x00, 0x81, 0xFC, 0x0F, 0x0B, 0x00, 0x86, 0xFC, 0x0F, 0x80, 0xFF, 0x07, 0x00,
    0x40, 0x03, 0x00, 0x80, 0xFC, 0x04, 0xFF, 0x83, 0x03, 0x00, 0xF8, 0x31, 0x0B, 0x00, 0x86, 0xFC,
    0x07, 0xC0, 0xFF, 0x03, 0x00, 0xF0, 0x03, 0x00, 0x80, 0xFC, 0x04, 0xFF, 0x83, 0x0F, 0x00, 0xF0,
    0x71, 0x0B, 0x00, 0x87, 0xFE, 0x03, 0xE0, 0xFF, 0x01, 0x00, 0xF8, 0x01, 0x02, 0x00, 0x80, 0xFC,
    0x04, 0xFF, 0x83, 0x1F, 0x00, 0xE0, 0xF9, 0x0B, 0x00, 0x83, 0xFF, 0x01, 0xF0, 0xFF, 0x02, 0x00,
    0x81, 0xFC, 0x01, 0x02, 0x00, 0x80, 0xFC, 0x04, 0xFF, 0x84, 0x7F, 0x00, 0xC0, 0xFF, 0x01, 0x0A,
    0x00, 0x83, 0xFF, 0x01, 0xF8, 0x3F, 0x02, 0x00, 0x81, 0xFF, 0x03, 0x02, 0x00, 0x80, 0xFC, 0x05,
    0xFF, 0x02, 0x00, 0x81, 0xFF, 0x03, 0x09, 0x00, 0x88, 0x80, 0xFF, 0x00, 0xF8, 0x3F, 0x00, 0x80,
    0xFF, 0x03, 0x02, 0x00, 0x80, 0xFC, 0x05, 0xFF, 0x83, 0x03, 0x00, 0xFF, 0x07, 0x09, 0x00, 0x88,
    0xC0, 0x7F, 0x00, 0xFC, 0x1F, 0x00, 0xC0, 0xFF, 0x07, 0x02, 0x00, 0x80, 0xFC, 0x05, 0xFF, 0x83,
    0x07, 0x00, 0xFE, 0x07, 0x09, 0x00, 0x88, 0xC0, 0x7F, 0x00, 0xFE, 0x0F, 0x00, 0xE0, 0xFF, 0x0F,
    0x02, 0x00, 0x80, 0xFC, 0x05, 0xFF, 0x83, 0x0F, 0x00, 0xFC, 0x0F, 0x09, 0x00, 0x88, 0xE0, 0x3F,
    0x00, 0xFF, 0x07, 0x00, 0xF0, 0xFF, 0x0F, 0x02, 0x00, 0x80, 0xFC, 0x05, 0xFF, 0x83, 0x3F, 0x00,
    0xF8, 0x1F, 0x09, 0x00, 0x88, 0xE0, 0x1F, 0x00, 0xFF, 0x03, 0x00, 0xF8, 0xFF, 0x1F, 0x02, 0x00,
    0x80, 0xFC, 0x05, 0xFF, 0x83, 0x7F, 0x00, 0xF0, 0x3F, 0x09, 0x00, 0x88, 0xF0, 0x1F, 0x80, 0xFF,
    0x01, 0x00, 0xFC, 0xFF, 0x1F, 0x02, 0x00, 0x80, 0xFC, 0x06, 0xFF, 0x82, 0x00, 0xE0, 0x7F, 0x09,
    0x00, 0x83, 0xF0, 0x0F, 0xC0, 0xFF, 0x02, 0x00, 0x82, 0xFE, 0xFF, 0x3F, 0x02, 0x00, 0x80, 0xFC,
    0x06, 0xFF, 0x82, 0x01, 0xC0, 0x7F, 0x09, 0x00, 0x83, 0xF8, 0x0F, 0xE0, 0xFF, 0x02, 0x00, 0x02,
    0xFF, 0x80, 0x7F, 0x02, 0x00, 0x80, 0xFC, 0x06, 0xFF, 0x82, 0x03, 0x80, 0xFF, 0x09, 0x00, 0x83,
    0xF8, 0x07, 0xE0, 0x7F, 0x02, 0x00, 0x02, 0xFF, 0x80, 0x7F, 0x02, 0x00, 0x80, 0xFC, 0x06, 0xFF,
    0x83, 0x07, 0x80, 0xFF, 0x01, 0x08, 0x00, 0x85, 0xFC, 0x03, 0xF0, 0x3F, 0x00, 0xC0, 0x03, 0xFF,
    0x02, 0x00, 0x80, 0xFC, 0x06, 0xFF, 0x83, 0x0F, 0x00, 0xFF, 0x01, 0x08, 0x00, 0x85, 0xFE, 0x03,
    0xF0, 0x1F, 0x00, 0xE0, 0x03, 0xFF, 0x02, 0x00, 0x80, 0xFC, 0x06, 0xFF, 0x83, 0x1F, 0x00, 0xFE,
    0x03, 0x08, 0x00, 0x85, 0xFE, 0x01, 0xF8, 0x1F, 0x00, 0xE0, 0x03, 0xFF, 0x82, 0x01, 0x00, 0xFC,
    0x06, 0xFF, 0x83, 0x3F, 0x00, 0xFE, 0x03, 0x08, 0x00, 0x85, 0xFE, 0x01, 0xFC, 0x0F, 0x00, 0xF0,
    0x03, 0xFF, 0x82, 0x01, 0x00, 0xFC, 0x06, 0xFF, 0x83, 0x7F, 0x00, 0xFC, 0x07, 0x08, 0x00, 0x85,
    0xFF, 0x00, 0xFC, 0x07, 0x00, 0xF8, 0x03, 0xFF, 0x82, 0x03, 0x00, 0xFC, 0x06, 0xFF, 0x83, 0x7F,
    0x00, 0xF8, 0x0F, 0x08, 0x00, 0x85, 0xFF, 0x00, 0xFE, 0x07, 0x00, 0xFC, 0x03, 0xFF, 0x82, 0x03,
    0x00, 0xFC, 0x07, 0xFF, 0x82, 0x00, 0xF8, 0x0F, 0x07, 0x00, 0x86, 0x80, 0x7F, 0x00, 0xFE, 0x03,
    0x00, 0xFE, 0x03, 0xFF, 0x82, 0x07, 0x00, 0xFC, 0x07, 0xFF, 0x82, 0x01, 0xF0, 0x1F, 0x07, 0x00,
    0x85, 0x80, 0x7F, 0x00, 0xFF, 0x01, 0x00, 0x04, 0xFF, 0x82, 0x07, 0x00, 0xFC, 0x07, 0xFF, 0x82,
    0x01, 0xE0, 0x1F, 0x07, 0x00, 0x85, 0xC0, 0x3F, 0x00, 0xFF, 0x01, 0x00, 0x04, 0xFF, 0x82, 0x0F,
    0x00, 0xFC, 0x07, 0xFF, 0x82, 0x03, 0xE0, 0x3F, 0x07, 0x00, 0x85, 0xC0, 0x3F, 0x80, 0xFF, 0x01,
    0x80, 0x04, 0xFF, 0x82, 0x1F, 0x00, 0xFC, 0x07, 0xFF, 0x82, 0x07, 0xC0, 0x3F, 0x07, 0x00, 0x85,
    0xC0, 0x3F, 0x80, 0xFF, 0x00, 0xC0, 0x04, 0xFF, 0x82, 0x1F, 0x00, 0xFC, 0x07, 0xFF, 0x82, 0x0F,
    0xC0, 0x7F, 0x07, 0x00, 0x85, 0xE0, 0x1F, 0xC0, 0x7F, 0x00, 0xE0, 0x04, 0xFF, 0x82, 0x3F, 0x00,
    0xFC, 0x07, 0xFF, 0x82, 0x0F, 0x80, 0x7F, 0x07, 0x00, 0x85, 0xE0, 0x1F, 0xC0, 0x7F, 0x00, 0xE0,
    0x04, 0xFF, 0x82, 0x3F, 0x00, 0xFC, 0x07, 0xFF, 0x82, 0x1F, 0x80, 0xFF, 0x07, 0x00, 0x85, 0xE0,
    0x0F, 0xC0, 0x3F, 0x00, 0xF0, 0x04, 0xFF, 0x82, 0x7F, 0x00, 0xFC, 0x07, 0xFF, 0x82, 0x1F, 0x80,
    0xFF, 0x07, 0x00, 0x85, 0xF0, 0x0F, 0xE0, 0x3F, 0x00, 0xF8, 0x04, 0xFF, 0x82, 0x7F, 0x00, 0xFC,
    0x07, 0xFF, 0x83, 0x3F, 0x00, 0xFF, 0x01, 0x06, 0x00, 0x85, 0xF0, 0x0F, 0xE0, 0x1F, 0x00, 0xF8,
    0x05, 0xFF, 0x81, 0x00, 0xFC, 0x07, 0xFF, 0x83, 0x3F, 0x00, 0xFE, 0x01, 0x06, 0x00, 0x85, 0xF0,
    0x07, 0xF0, 0x1F, 0x00, 0xFC, 0x05, 0xFF, 0x81, 0x01, 0xFC, 0x07, 0xFF, 0x83, 0x7F, 0x00, 0xFE,
    0x03, 0x06, 0x00, 0x85, 0xF8, 0x07, 0xF0, 0x1F, 0x00, 0xFE, 0x05, 0xFF, 0x81, 0x01, 0xFC, 0x07,
    0xFF, 0x83, 0x7F, 0x00, 0xFE, 0x03, 0x06, 0x00, 0x85, 0xF8, 0x07, 0xF0, 0x0F, 0x00, 0xFE, 0x05,
    0xFF, 0x81, 0x01, 0xFC, 0x08, 0xFF, 0x82, 0x00, 0xFC, 0x03, 0x06, 0x00, 0x84, 0xF8, 0x03, 0xF8,
    0x0F, 0x00, 0x06, 0xFF, 0x81, 0x03, 0xFC, 0x08, 0xFF, 0x82, 0x00, 0xFC, 0x03, 0x06, 0x00, 0x84,
    0xFC, 0x03, 0xF8, 0x07, 0x00, 0x06, 0xFF, 0x81, 0x03, 0xFC, 0x08, 0xFF, 0x82, 0x01, 0xFC, 0x07,
    0x06, 0x00, 0x84, 0xFC, 0x03, 0xF8, 0x07, 0x80, 0x06, 0xFF, 0x81, 0x07, 0xFC, 0x08, 0xFF, 0x82,
    0x01, 0xF8, 0x07, 0x06, 0x00, 0x84, 0xFC, 0x01, 0xFC, 0x07, 0x80, 0x06, 0xFF, 0x81, 0x07, 0xFC,
    0x08, 0xFF, 0x82, 0x01, 0xF8, 0x07, 0x06, 0x00, 0x84, 0xFE, 0x01, 0xFC, 0x03, 0x80, 0x06, 0xFF,
    0x81, 0x0F, 0xFC, 0x08, 0xFF, 0x82, 0x03, 0xF8, 0x0F, 0x06, 0x00, 0x84, 0xFE, 0x01, 0xFC, 0x03,
    0xC0, 0x06, 0xFF, 0x81, 0x0F, 0xFC, 0x08, 0xFF, 0x82, 0x03, 0xF0, 0x0F, 0x06, 0x00, 0x84, 0xFE,
    0x01, 0xFC, 0x03, 0x80, 0x06, 0xFF, 0x81, 0x1F, 0xFC, 0x08, 0xFF, 0x82, 0x03, 0xF0, 0x0F, 0x06,
    0x00, 0x84, 0xFE, 0x00, 0xFE, 0x01, 0x80, 0x06, 0xFF, 0x81, 0x1F, 0xFC, 0x08, 0xFF, 0x82, 0x07,
    0xF0, 0x0F, 0x06, 0x00, 0x84, 0xFF, 0x00, 0xFE, 0x01, 0x80, 0x06, 0xFF, 0x81, 0x3F, 0xFC, 0x08,
    0xFF, 0x82, 0x07, 0xF0, 0x1F, 0x06, 0x00, 0x84, 0xFF, 0x00, 0xFE, 0x01, 0x80, 0x06, 0xFF, 0x81,
    0x3F, 0xFC, 0x05, 0xFF, 0x85, 0x7F, 0xF0, 0xFF, 0x07, 0xE0, 0x1F, 0x06, 0x00, 0x84, 0xFF, 0x00,
    0xFF, 0x01, 0x80, 0x06, 0xFF, 0x81, 0x7F, 0xFC, 0x05, 0xFF, 0x85, 0x3F, 0xE0, 0xFF, 0x0F, 0xE0,
    0x1F, 0x06, 0x00, 0x84, 0xFF, 0x00, 0xFF, 0x00, 0xC0, 0x06, 0xFF, 0x81, 0x7F, 0xFC, 0x05, 0xFF,
    0x85, 0x3F, 0xE0, 0xFF, 0x0F, 0xE0, 0x1F, 0x06, 0x00, 0x84, 0x7F, 0x00, 0xFF, 0x00, 0xC0, 0x07,
    0xFF, 0x80, 0xFC, 0x05, 0xFF, 0x85, 0x3F, 0xE0, 0xFF, 0x0F, 0xE0, 0x1F, 0x06, 0x00, 0x84, 0x7F,
    0x00, 0xFF, 0x00, 0xE0, 0x07, 0xFF, 0x80, 0xFC, 0x05, 0xFF, 0x85, 0x3F, 0xE0, 0xFF, 0x0F, 0xC0,
    0x3F, 0x05, 0x00, 0x85, 0x80, 0x7F, 0x00, 0xFF, 0x00, 0xE0, 0x07, 0xFF, 0x80, 0xFC, 0x05, 0xFF,
    0x85, 0x7F, 0xF0, 0xFF, 0x0F, 0xC0, 0x3F, 0x05, 0x00, 0x85, 0x80, 0x7F, 0x80, 0xFF, 0x00, 0xE0,
    0x07, 0xFF, 0x80, 0xFD, 0x08, 0xFF, 0x82, 0x1F, 0xC0, 0x3F, 0x05, 0x00, 0x85, 0x80, 0x7F, 0x80,
    0xFF, 0x00, 0xE0, 0x07, 0xFF, 0x80, 0xFD, 0x08, 0xFF, 0x82, 0x1F, 0xC0, 0x3F, 0x05, 0x00, 0x85,
    0x80, 0x7F, 0x80, 0x7F, 0x00, 0xF0, 0x10, 0xFF, 0x82, 0x1F, 0xC0, 0x3F, 0x05, 0x00, 0x85, 0x80,
    0x3F, 0x80, 0x7F, 0x00, 0xF0, 0x06, 0xFF, 0x82, 0x8F, 0xFF, 0xEF, 0x07, 0xFF, 0x82, 0x1F, 0xC0,
    0x3F, 0x05, 0x00, 0x85, 0x80, 0x3F, 0x80, 0x7F, 0x00, 0xF0, 0x02, 0xFF, 0x90, 0x03, 0xF8, 0xFF,
    0xE0, 0x03, 0xFE, 0x00, 0xFF, 0x87, 0x0F, 0xF0, 0x3F, 0xF0, 0xFF, 0x1F, 0x80, 0x3F, 0x05, 0x00,
    0x85, 0x80, 0x3F, 0x80, 0x7F, 0x00, 0xF0, 0x02, 0xFF, 0x87, 0x00, 0xE0, 0xFF, 0xE0, 0x00, 0x78,
    0x00, 0xFE, 0x02, 0x03, 0x86, 0xE0, 0x3F, 0xF0, 0xFF, 0x1F, 0x80, 0x3F, 0x05, 0x00, 0x98, 0x80,
    0x3F, 0x80, 0x7F, 0x00, 0xF0, 0xFF, 0x7F, 0x00, 0xC0, 0xFF, 0x60, 0x00, 0x30, 0x00, 0xFC, 0x03,
    0x01, 0xC0, 0x3F, 0xF0, 0xFF, 0x1F, 0x80, 0x7F, 0x05, 0x00, 0x8A, 0x80, 0x3F, 0x80, 0x7F, 0x00,
    0xF0, 0xFF, 0x3F, 0x00, 0x80, 0xFF, 0x04, 0x00, 0x89, 0xF8, 0x03, 0x00, 0x80, 0x3F, 0xF0, 0xFF,
    0x3F, 0x80, 0x7F, 0x05, 0x00, 0x87, 0x80, 0x3F, 0x80, 0x7F, 0x00, 0xF0, 0xFF, 0x1F, 0x02, 0x00,
    0x80, 0xFF, 0x04, 0x00, 0x89, 0xF8, 0x03, 0x00, 0x80, 0x3F, 0xF0, 0xFF, 0x3F, 0x80, 0x7F, 0x05,
    0x00, 0x98, 0xC0, 0x3F, 0x80, 0x7F, 0x00, 0xF0, 0xFF, 0x1F, 0xF0, 0x01, 0xFE, 0x00, 0x1E, 0x00,
    0x0F, 0xF8, 0x03, 0xF8, 0x80, 0x3F, 0xF0, 0xFF, 0x3F, 0x80, 0x7F, 0x05, 0x00, 0x98, 0xC0, 0x3F,
    0x80, 0x3F, 0x00, 0xF0, 0xFF, 0x0F, 0xF8, 0x03, 0xFE, 0x00, 0x3F, 0xC0, 0x1F, 0xF8, 0x03, 0xFC,
    0x81, 0x3F, 0xF0, 0xFF, 0x3F, 0x80, 0x7F, 0x05, 0x00, 0x98, 0xC0, 0x3F, 0xC0, 0x3F, 0x00, 0xF0,
    0xFF, 0x0F, 0xF8, 0x07, 0xFE, 0xC0, 0x3F, 0xE0, 0x1F, 0xF0, 0x03, 0xFE, 0x81, 0x3F, 0xF0, 0xFF,
    0x3F, 0x80, 0x7F, 0x05, 0x00, 0x98, 0xC0, 0x3F, 0x80, 0x3F, 0x00, 0xF8, 0xFF, 0x0F, 0xFC, 0x0F,
    0xFC, 0xC0, 0x3F, 0xE0, 0x1F, 0xF0, 0x07, 0xFE, 0x81, 0x3F, 0xF0, 0xFF, 0x3F, 0x80, 0x7F, 0x05,
    0x00, 0x98, 0xC0, 0x3F, 0xC0, 0x3F, 0x00, 0xF8, 0xFF, 0x0F, 0xFC, 0x0F, 0xFC, 0xC0, 0x3F, 0xE0,
    0x1F, 0xF0, 0x07, 0xFE, 0x81, 0x3F, 0xF0, 0xFF, 0x3F, 0x80, 0x7F, 0x05, 0x00, 0x98, 0xC0, 0x3F,
    0xC0, 0x3F, 0x00, 0xF8, 0xFF, 0x07, 0xFC, 0x0F, 0xFC, 0xC0, 0x3F, 0xE0, 0x1F, 0xF0, 0x03, 0xFF,
    0x81, 0x3F, 0xF0, 0xFF, 0x3F, 0x80, 0x7F, 0x05, 0x00, 0x98, 0xC0, 0x3F, 0xC0, 0x3F, 0x00, 0xF8,
    0xFF, 0x07, 0xFC, 0x0F, 0xFC, 0xC0, 0x3F, 0xE0, 0x1F, 0xF0, 0x07, 0xFE, 0x81, 0x3F, 0xF0, 0xFF,
    0x3F, 0x80, 0x7F, 0x05, 0x00, 0x98, 0xC0, 0x3F, 0x80, 0x3F, 0x00, 0xF8, 0xFF, 0x07, 0xFC, 0x0F,
    0xFC, 0xC0, 0x3F, 0xE0, 0x1F, 0xF0, 0x07, 0xFE, 0x83, 0x3F, 0xF0, 0xFF, 0x3F, 0x80, 0x7F, 0x05,
    0x00, 0x98, 0xC0, 0x3F, 0xC0, 0x3F, 0x00, 0xF8, 0xFF, 0x0F, 0xFC, 0x0F, 0xFC, 0xC0, 0x3F, 0xE0,
    0x1F, 0xF0, 0x03, 0xFE, 0x81, 0x3F, 0xF0, 0xFF, 0x3F, 0x80, 0x7F, 0x05, 0x00, 0x98, 0xC0, 0x3F,
    0x80, 0x3F, 0x00, 0xF8, 0xFF, 0x0F, 0xFC, 0x0F, 0xFC, 0xC0, 0x3F, 0xE0, 0x1F, 0xF0, 0x07, 0xFE,
    0x83, 0x3F, 0xF0, 0xFF, 0x3F, 0x80, 0x7F, 0x05, 0x00, 0x98, 0xC0, 0x3F, 0x80, 0x7F, 0x00, 0xF8,
    0xFF, 0x0F, 0xFC, 0x0F, 0xFC, 0xC0, 0x3F, 0xE0, 0x1F, 0xF0, 0x07, 0xFE, 0x81, 0x3F, 0xF0, 0xFF,
    0x3F, 0x80, 0x7F, 0x05, 0x00, 0x98, 0x80, 0x3F, 0x80, 0x7F, 0x00, 0xF8, 0xFF, 0x0F, 0xFC, 0x07,
    0xFE, 0xC0, 0x3F, 0xE0, 0x1F, 0xF0, 0x07, 0xFE, 0x81, 0x3F, 0xF0, 0xFF, 0x3F, 0xC0, 0x3F, 0x05,
    0x00, 0x98, 0x80, 0x3F, 0x80, 0x7F, 0x00, 0xF8, 0xFF, 0x0F, 0xF8, 0x03, 0xFE, 0xC0, 0x3F, 0xE0,
    0x1F, 0xF0, 0x07, 0xFE, 0x83, 0x3F, 0xF0, 0xFF, 0x3F, 0xC0, 0x3F, 0x05, 0x00, 0x98, 0x80, 0x3F,
    0x80, 0x7F, 0x00, 0xF8, 0xFF, 0x1F, 0xF0, 0x01, 0xFE, 0xC0, 0x3F, 0xE0, 0x1F, 0xF0, 0x07, 0xFE,
    0x81, 0x3F, 0xF0, 0xFF, 0x1F, 0xC0, 0x3F, 0x05, 0x00, 0x87, 0x80, 0x3F, 0x80, 0x7F, 0x00, 0xF0,
    0xFF, 0x1F, 0x02, 0x00, 0x8E, 0xFF, 0xC0, 0x3F, 0xE0, 0x1F, 0xF0, 0x07, 0xFE, 0x81, 0x3F, 0xF0,
    0xFF, 0x1F, 0xC0, 0x3F, 0x05, 0x00, 0x98, 0x80, 0x7F, 0x80, 0x7F, 0x00, 0xF0, 0xFF, 0x3F, 0x00,
    0x80, 0xFF, 0xC0, 0x3F, 0xE0, 0x1F, 0xF0, 0x07, 0xFF, 0x81, 0x3F, 0xF0, 0xFF, 0x1F, 0xC0, 0x3F,
    0x05, 0x00, 0x98, 0x80, 0x7F, 0x80, 0x7F, 0x00, 0xF0, 0xFF, 0x7F, 0x00, 0xC0, 0xFF, 0xC0, 0x7F,
    0xE0, 0x1F, 0xF0, 0x07, 0xFE, 0x83, 0x3F, 0xF0, 0xFF, 0x1F, 0xC0, 0x3F, 0x05, 0x00, 0x85, 0x80,
    0x7F, 0x00, 0xFF, 0x00, 0xF0, 0x02, 0xFF, 0x90, 0x00, 0xE0, 0xFF, 0xC0, 0x3F, 0xE0, 0x1F, 0xF0,
    0x07, 0xFE, 0x81, 0x3F, 0xF0, 0xFF, 0x1F, 0xC0, 0x3F, 0x05, 0x00, 0x85, 0x80, 0x7F, 0x00, 0xFF,
    0x00, 0xF0, 0x02, 0xFF, 0x90, 0x07, 0xF8, 0xFF, 0xE0, 0x7F, 0xE0, 0x3F, 0xF8, 0x07, 0xFF, 0xAF,
    0x7F, 0xF6, 0xFF, 0x1F, 0xE0, 0x1F, 0x05, 0x00, 0x85, 0x80, 0x7F, 0x00, 0xFF, 0x00, 0xF0, 0x10,
    0xFF, 0x82, 0x0F, 0xE0, 0x1F, 0x05, 0x00, 0x85, 0x80, 0x7F, 0x00, 0xFF, 0x00, 0xF0, 0x10, 0xFF,
    0x82, 0x0F, 0xE0, 0x1F, 0x06, 0x00, 0x84, 0x7F, 0x00, 0xFF, 0x00, 0xF0, 0x10, 0xFF, 0x82, 0x0F,
    0xE0, 0x1F, 0x06, 0x00, 0x84, 0xFF, 0x00, 0xFE, 0x01, 0xE0, 0x10, 0xFF, 0x82, 0x0F, 0xF0, 0x1F,
    0x06, 0x00, 0x84, 0xFF, 0x00, 0xFE, 0x01, 0xE0, 0x10, 0xFF, 0x82, 0x07, 0xF0, 0x0F, 0x06, 0x00,
    0x84, 0xFF, 0x00, 0xFE, 0x01, 0xE0, 0x10, 0xFF, 0x82, 0x07, 0xF0, 0x0F, 0x06, 0x00, 0x84, 0xFF,
    0x00, 0xFE, 0x01, 0xC0, 0x10, 0xFF, 0x82, 0x07, 0xF8, 0x0F, 0x06, 0x00, 0x84, 0xFF, 0x01, 0x7E,
    0x00, 0xC0, 0x10, 0xFF, 0x82, 0x03, 0xF8, 0x0F, 0x06, 0x00, 0x84, 0xFE, 0x01, 0x1C, 0x00, 0xC0,
    0x10, 0xFF, 0x82, 0x03, 0xF8, 0x07, 0x06, 0x00, 0x84, 0xFE, 0x01, 0x04, 0x00, 0x80, 0x10, 0xFF,
    0x82, 0x03, 0xFC, 0x07, 0x06, 0x00, 0x81, 0xFE, 0x01, 0x02, 0x00, 0x80, 0x80, 0x10, 0xFF, 0x82,
    0x01, 0xFC, 0x07, 0x06, 0x00, 0x81, 0xFC, 0x01, 0x02, 0x00, 0x80, 0x80, 0x10, 0xFF, 0x82, 0x01,
    0xFC, 0x03, 0x06, 0x00, 0x81, 0xFC, 0x03, 0x03, 0x00, 0x10, 0xFF, 0x82, 0x01, 0xFE, 0x03, 0x06,
    0x00, 0x81, 0xFC, 0x03, 0x03, 0x00, 0x10, 0xFF, 0x82, 0x00, 0xFE, 0x03, 0x06, 0x00, 0x81, 0xFC,
    0x03, 0x03, 0x00, 0x80, 0xFE, 0x0F, 0xFF, 0x82, 0x00, 0xFE, 0x01, 0x06, 0x00, 0x81, 0xF8, 0x07,
    0x03, 0x00, 0x80, 0xFE, 0x0E, 0xFF, 0x83, 0x7F, 0x00, 0xFF, 0x01, 0x06, 0x00, 0x81, 0xF8, 0x07,
    0x03, 0x00, 0x80, 0xFC, 0x0E, 0xFF, 0x82, 0x7F, 0x00, 0xFF, 0x07, 0x00, 0x81, 0xF8, 0x0F, 0x03,
    0x00, 0x80, 0xFC, 0x09, 0xFF, 0x80, 0xF9, 0x04, 0xFF, 0x82, 0x3F, 0x00, 0xFF, 0x07, 0x00, 0x81,
    0xF0, 0x0F, 0x03, 0x00, 0x80, 0xF8, 0x08, 0xFF, 0x81, 0x7F, 0xA0, 0x04, 0xFF, 0x82, 0x3F, 0x80,
    0xFF, 0x07, 0x00, 0x81, 0xF0, 0x0F, 0x03, 0x00, 0x80, 0xF8, 0x09, 0xFF, 0x80, 0x80, 0x04, 0xFF,
    0x82, 0x1F, 0x80, 0x7F, 0x07, 0x00, 0x81, 0xE0, 0x1F, 0x03, 0x00, 0x80, 0xF0, 0x09, 0xFF, 0x80,
    0x00, 0x04, 0xFF, 0x82, 0x0F, 0xC0, 0x7F, 0x07, 0x00, 0x81, 0xE0, 0x1F, 0x03, 0x00, 0x80, 0xF0,
    0x09, 0xFF, 0x81, 0x01, 0xFC, 0x03, 0xFF, 0x82, 0x0F, 0xC0, 0x3F, 0x07, 0x00, 0x81, 0xE0, 0x3F,
    0x03, 0x00, 0x80, 0xE0, 0x09, 0xFF, 0x81, 0x03, 0xF0, 0x03, 0xFF, 0x82, 0x07, 0xE0, 0x3F, 0x07,
    0x00, 0x81, 0xC0, 0x3F, 0x03, 0x00, 0x80, 0xC0, 0x09, 0xFF, 0x81, 0x0F, 0xC0, 0x03, 0xFF, 0x82,
    0x03, 0xF0, 0x1F, 0x07, 0x00, 0x81, 0xC0, 0x7F, 0x03, 0x00, 0x80, 0x80, 0x09, 0xFF, 0x81, 0x1F,
    0x00, 0x03, 0xFF, 0x82, 0x03, 0xF0, 0x1F, 0x07, 0x00, 0x81, 0x80, 0x7F, 0x03, 0x00, 0x80, 0x80,
    0x09, 0xFF, 0x82, 0x3F, 0x00, 0xFA, 0x02, 0xFF, 0x82, 0x01, 0xF8, 0x0F, 0x07, 0x00, 0x81, 0x80,
    0xFF, 0x04, 0x00, 0x0A, 0xFF, 0x02, 0x00, 0x84, 0x1A, 0xFF, 0x00, 0xF8, 0x0F, 0x08, 0x00, 0x80,
    0xFF, 0x04, 0x00, 0x80, 0xFE, 0x09, 0xFF, 0x80, 0x03, 0x02, 0x00, 0x83, 0xFE, 0x00, 0xFC, 0x07,
    0x08, 0x00, 0x81, 0xFF, 0x01, 0x03, 0x00, 0x80, 0xFC, 0x09, 0xFF, 0x80, 0x1F, 0x02, 0x00, 0x83,
    0x7C, 0x00, 0xFE, 0x07, 0x08, 0x00, 0x81, 0xFE, 0x01, 0x03, 0x00, 0x80, 0xF8, 0x09, 0xFF, 0x80,
    0x7F, 0x02, 0x00, 0x83, 0x3E, 0x00, 0xFE, 0x03, 0x08, 0x00, 0x81, 0xFE, 0x03, 0x03, 0x00, 0x80,
    0xF0, 0x0A, 0xFF, 0x85, 0x03, 0x80, 0x1E, 0x00, 0xFF, 0x01, 0x08, 0x00, 0x81, 0xFC, 0x03, 0x03,
    0x00, 0x80, 0xE0, 0x0B, 0xFF, 0x84, 0xF8, 0x0F, 0x80, 0xFF, 0x01, 0x08, 0x00, 0x81, 0xFC, 0x07,
    0x03, 0x00, 0x80, 0xE0, 0x0C, 0xFF, 0x82, 0x07, 0xC0, 0xFF, 0x09, 0x00, 0x81, 0xF8, 0x07, 0x03,
    0x00, 0x80, 0x80, 0x0C, 0xFF, 0x82, 0x03, 0xE0, 0x7F, 0x09, 0x00, 0x81, 0xF0, 0x0F, 0x04, 0x00,
    0x0C, 0xFF, 0x82, 0x01, 0xF0, 0x7F, 0x09, 0x00, 0x81, 0xF0, 0x1F, 0x04, 0x00, 0x80, 0xFE, 0x0B,
    0xFF, 0x82, 0x00, 0xF0, 0x3F, 0x09, 0x00, 0x81, 0xE0, 0x3F, 0x04, 0x00, 0x80, 0xFC, 0x0A, 0xFF,
    0x83, 0x7F, 0x00, 0xF8, 0x1F, 0x09, 0x00, 0x81, 0xE0, 0x3F, 0x04, 0x00, 0x80, 0xF8, 0x0A, 0xFF,
    0x83, 0x3F, 0x00, 0xFC, 0x0F, 0x09, 0x00, 0x81, 0xC0, 0x7F, 0x04, 0x00, 0x80, 0xF0, 0x0A, 0xFF,
    0x83, 0x1F, 0x00, 0xFE, 0x07, 0x09, 0x00, 0x81, 0x80, 0xFF, 0x04, 0x00, 0x80, 0xC0, 0x0A, 0xFF,
    0x83, 0x07, 0x00, 0xFF, 0x07, 0x09, 0x00, 0x82, 0x80, 0xFF, 0x01, 0x03, 0x00, 0x80, 0x80, 0x0A,
    0xFF, 0x83, 0x03, 0x80, 0xFF, 0x03, 0x0A, 0x00, 0x81, 0xFF, 0x01, 0x04, 0x00, 0x0A, 0xFF, 0x83,
    0x00, 0xC0, 0xFF, 0x01, 0x0A, 0x00, 0x81, 0xFE, 0x03, 0x04, 0x00, 0x80, 0xFC, 0x08, 0xFF, 0x83,
    0x7F, 0x00, 0xE0, 0xFF, 0x0B, 0x00, 0x81, 0xFE, 0x07, 0x04, 0x00, 0x80, 0xF0, 0x08, 0xFF, 0x83,
    0x3F, 0x00, 0xF0, 0x7F, 0x0B, 0x00, 0x81, 0xFC, 0x0F, 0x04, 0x00, 0x80, 0xC0, 0x08, 0xFF, 0x83,
    0x0F, 0x00, 0xFC, 0x3F, 0x0B, 0x00, 0x81, 0xF8, 0x1F, 0x04, 0x00, 0x80, 0x80, 0x08, 0xFF, 0x83,
    0x03, 0x00, 0xFE, 0x1F, 0x0B, 0x00, 0x81, 0xF0, 0x3F, 0x05, 0x00, 0x80, 0xFE, 0x06, 0xFF, 0x80,
    0x7F, 0x02, 0x00, 0x81, 0xFF, 0x0F, 0x0B, 0x00, 0x81, 0xF0, 0x7F, 0x05, 0x00, 0x80, 0xF0, 0x06,
    0xFF, 0x84, 0x1F, 0x00, 0xC0, 0xFF, 0x07, 0x0B, 0x00, 0x81, 0xE0, 0xFF, 0x05, 0x00, 0x80, 0xC0,
    0x06, 0xFF, 0x84, 0x07, 0x00, 0xE0, 0xFF, 0x01, 0x0B, 0x00, 0x81, 0xC0, 0xFF, 0x06, 0x00, 0x80,
    0xFE, 0x05, 0xFF, 0x02, 0x00, 0x81, 0xF8, 0xFF, 0x0C, 0x00, 0x82, 0x80, 0xFF, 0x03, 0x05, 0x00,
    0x80, 0xF8, 0x04, 0xFF, 0x80, 0x3F, 0x02, 0x00, 0x81, 0xFE, 0x7F, 0x0D, 0x00, 0x81, 0xFF, 0x07,
    0x05, 0x00, 0x80, 0xC0, 0x04, 0xFF, 0x84, 0x01, 0x00, 0x80, 0xFF, 0x3F, 0x0D, 0x00, 0x81, 0xFE,
    0x0F, 0x06, 0x00, 0x80, 0xE0, 0x02, 0xFF, 0x80, 0x0F, 0x02, 0x00, 0x82, 0xC0, 0xFF, 0x0F, 0x0D,
    0x00, 0x81, 0xFC, 0x1F, 0x07, 0x00, 0x81, 0xFC, 0x5F, 0x03, 0x00, 0x82, 0xF8, 0xFF, 0x07, 0x0D,
    0x00, 0x81, 0xF8, 0x3F, 0x0C, 0x00, 0x82, 0xFE, 0xFF, 0x01, 0x0D, 0x00, 0x81, 0xF0, 0x7F, 0x0B,
    0x00, 0x80, 0xC0, 0x02, 0xFF, 0x81, 0x00, 0x0C, 0x0C, 0x00, 0x81, 0xF0, 0xFF, 0x0B, 0x00, 0x84,
    0xF0, 0xFF, 0x3F, 0x00, 0x3C, 0x0C, 0x00, 0x82, 0xC0, 0xFF, 0x01, 0x0A, 0x00, 0x84, 0xFE, 0xFF,
    0x1F, 0x00, 0xFE, 0x0C, 0x00, 0x82, 0x80, 0xFF, 0x03, 0x09, 0x00, 0x80, 0xE0, 0x02, 0xFF, 0x83,
    0x07, 0x00, 0xFE, 0x03, 0x0C, 0x00, 0x81, 0xFF, 0x0F, 0x04, 0x00, 0x81, 0xE0, 0x01, 0x03, 0x00,
    0x03, 0xFF, 0x83, 0x01, 0x00, 0xFC, 0x03, 0x0C, 0x00, 0x81, 0xFE, 0x1F, 0x04, 0x00, 0x84, 0xF0,
    0xFF, 0x03, 0x00, 0xFC, 0x02, 0xFF, 0x80, 0x7F, 0x02, 0x00, 0x81, 0xFC, 0x01, 0x0C, 0x00, 0x81,
    0xFC, 0x3F, 0x04, 0x00, 0x80, 0xF8, 0x06, 0xFF, 0x80, 0x1F, 0x02, 0x00, 0x80, 0xF8, 0x0D, 0x00,
    0x81, 0xF8, 0xFF, 0x04, 0x00, 0x80, 0xF8, 0x06, 0xFF, 0x80, 0x07, 0x02, 0x00, 0x80, 0x70, 0x0D,
    0x00, 0x82, 0xF0, 0xFF, 0x01, 0x03, 0x00, 0x80, 0xFC, 0x06, 0xFF, 0x02, 0x00, 0x81, 0xC8, 0x27,
    0x0D, 0x00, 0x82, 0xC0, 0xFF, 0x07, 0x03, 0x00, 0x80, 0xFC, 0x05, 0xFF, 0x80, 0x1F, 0x02, 0x00,
    0x81, 0xFC, 0x0F, 0x0D, 0x00, 0x82, 0x80, 0xFF, 0x0F, 0x03, 0x00, 0x80, 0xFE, 0x05, 0xFF, 0x80,
    0x03, 0x02, 0x00, 0x81, 0xFF, 0x1F, 0x0E, 0x00, 0x81, 0xFF, 0x3F, 0x03, 0x00, 0x80, 0xFC, 0x04,
    0xFF, 0x80, 0x3F, 0x02, 0x00, 0x82, 0x80, 0xFF, 0x1F, 0x0E, 0x00, 0x81, 0xFC, 0xFF, 0x03, 0x00,
    0x80, 0xC0, 0x04, 0xFF, 0x80, 0x07, 0x02, 0x00, 0x82, 0xE0, 0xFF, 0x0F, 0x0E, 0x00, 0x82, 0xF8,
    0xFF, 0x03, 0x03, 0x00, 0x80, 0xF0, 0x02, 0xFF, 0x80, 0x0F, 0x03, 0x00, 0x81, 0xF8, 0xFF, 0x0F,
    0x00, 0x82, 0xE0, 0xFF, 0x0F, 0x0A, 0x00, 0x81, 0xFE, 0x3F, 0x0F, 0x00, 0x82, 0x80, 0xFF, 0x3F,
    0x09, 0x00, 0x82, 0xC0, 0xFF, 0x1F, 0x10, 0x00, 0x02, 0xFF, 0x09, 0x00, 0x82, 0xE0, 0xFF, 0x07,
    0x10, 0x00, 0x82, 0xFC, 0xFF, 0x07, 0x08, 0x00, 0x82, 0xFC, 0xFF, 0x01, 0x10, 0x00, 0x82, 0xF0,
    0xFF, 0x1F, 0x07, 0x00, 0x82, 0x80, 0xFF, 0x7F, 0x11, 0x00, 0x80, 0xE0, 0x02, 0xFF, 0x80, 0x01,
    0x06, 0x00, 0x82, 0xF0, 0xFF, 0x1F, 0x12, 0x00, 0x02, 0xFF, 0x80, 0x07, 0x05, 0x00, 0x80, 0x80,
    0x02, 0xFF, 0x80, 0x07, 0x12, 0x00, 0x80, 0xFC, 0x02, 0xFF, 0x80, 0x01, 0x04, 0x00, 0x80, 0xD0,
    0x02, 0xFF, 0x80, 0x01, 0x12, 0x00, 0x80, 0xF0, 0x02, 0xFF, 0x80, 0x3F, 0x04, 0x00, 0x02, 0xFF,
    0x80, 0x7F, 0x13, 0x00, 0x80, 0xC0, 0x03, 0xFF, 0x80, 0x3F, 0x02, 0x00, 0x80, 0xC0, 0x02, 0xFF,
    0x80, 0x0F, 0x14, 0x00, 0x80, 0xFE, 0x03, 0xFF, 0x82, 0x01, 0x00, 0xC0, 0x02, 0xFF, 0x80, 0x03,
    0x14, 0x00, 0x80, 0xE0, 0x03, 0xFF, 0x82, 0x01, 0x00, 0xC0, 0x02, 0xFF, 0x16, 0x00, 0x03, 0xFF,
    0x84, 0x01, 0x00, 0xC0, 0xFF, 0x0F, 0x16, 0x00, 0x80, 0xF8, 0x02, 0xFF, 0x83, 0x01, 0x00, 0xC0,
    0xFF, 0x18, 0x00, 0x02, 0xFF, 0x83, 0x01, 0x00, 0xC0, 0x03, 0x18, 0x00, 0x82, 0xF0, 0xFF, 0x01,
    0x1C, 0x00, 0x81, 0xF0, 0x01, 0x7F, 0x00, 0x7F, 0x00, 0x7F, 0x00, 0x7F, 0x00, 0x6A, 0x00, 0x02,
    0xFD, 0x06, 0x00, 0x00, 0x00, 0x02, 0x01, 0xFF, 0x64, 0x00, 0x04, 0xFB, 0x08, 0x00, 0x00, 0x15,
    0x00, 0x10, 0x00, 0xE4, 0x00, 0xE4, 0x00, 0x05, 0xFA, 0x5A, 0x0B, 0x00, 0x25, 0x00, 0x81, 0xC0,
    0x1F, 0x17, 0x00, 0x82, 0xE0, 0xFF, 0x1F, 0x17, 0x00, 0x82, 0xFE, 0xFF, 0x1F, 0x16, 0x00, 0x80,
    0xE0, 0x02, 0xFF, 0x80, 0x1F, 0x16, 0x00, 0x80, 0xFC, 0x02, 0xFF, 0x80, 0x1F, 0x15, 0x00, 0x80,
    0x80, 0x03, 0xFF, 0x80, 0x1F, 0x15, 0x00, 0x80, 0xF0, 0x03, 0xFF, 0x80, 0x1F, 0x15, 0x00, 0x80,
    0xFE, 0x03, 0xFF, 0x80, 0x07, 0x14, 0x00, 0x80, 0x80, 0x03, 0xFF, 0x80, 0x01, 0x15, 0x00, 0x80,
    0xF0, 0x02, 0xFF, 0x80, 0x07, 0x16, 0x00, 0x82, 0xFC, 0xFF, 0x7F, 0x17, 0x00, 0x02, 0xFF, 0x80,
    0x07, 0x16, 0x00, 0x80, 0x80, 0x02, 0xFF, 0x17, 0x00, 0x82, 0xE0, 0xFF, 0x1F, 0x17, 0x00, 0x82,
    0xF8, 0xFF, 0x07, 0x17, 0x00, 0x82, 0xFC, 0xFF, 0x01, 0x17, 0x00, 0x81, 0xFF, 0x3F, 0x04, 0x00,
    0x80, 0x08, 0x12, 0x00, 0x82, 0x80, 0xFF, 0x1F, 0x03, 0x00, 0x81, 0xFC, 0x1F, 0x12, 0x00, 0x82,
    0xE0, 0xFF, 0x07, 0x02, 0x00, 0x82, 0xF0, 0xFF, 0x1F, 0x12, 0x00, 0x82, 0xF0, 0xFF, 0x01, 0x02,
    0x00, 0x02, 0xFF, 0x80, 0x1F, 0x12, 0x00, 0x81, 0xFC, 0x7F, 0x02, 0x00, 0x80, 0xE0, 0x02, 0xFF,
    0x80, 0x1F, 0x12, 0x00, 0x81, 0xFE, 0x3F, 0x02, 0x00, 0x80, 0xFC, 0x02, 0xFF, 0x80, 0x1F, 0x12,
    0x00, 0x81, 0xFF, 0x0F, 0x02, 0x00, 0x03, 0xFF, 0x80, 0x1F, 0x11, 0x00, 0x84, 0x80, 0xFF, 0x07,
    0x00, 0xE0, 0x03, 0xFF, 0x80, 0x1F, 0x11, 0x00, 0x84, 0xC0, 0xFF, 0x01, 0x00, 0xF8, 0x02, 0xFF,
    0x80, 0x3F, 0x12, 0x00, 0x81, 0xF0, 0xFF, 0x02, 0x00, 0x80, 0xFE, 0x02, 0xFF, 0x80, 0x01, 0x12,
    0x00, 0x83, 0xF8, 0x7F, 0x00, 0x80, 0x02, 0xFF, 0x80, 0x0F, 0x13, 0x00, 0x83, 0xFC, 0x1F, 0x00,
    0xE0, 0x02, 0xFF, 0x14, 0x00, 0x85, 0xFE, 0x0F, 0x00, 0xF8, 0xFF, 0x1F, 0x14, 0x00, 0x85, 0xFF,
    0x07, 0x00, 0xFE, 0xFF, 0x07, 0x02, 0x00, 0x81, 0xC0, 0x3F, 0x0F, 0x00, 0x83, 0x80, 0xFF, 0x03,
    0x00, 0x02, 0xFF, 0x03, 0x00, 0x81, 0xC0, 0x3F, 0x0F, 0x00, 0x85, 0xC0, 0xFF, 0x01, 0x80, 0xFF,
    0x3F, 0x03, 0x00, 0x81, 0xE0, 0x27, 0x0F, 0x00, 0x85, 0xE0, 0x7F, 0x00, 0xE0, 0xFF, 0x0F, 0x03,
    0x00, 0x81, 0xC0, 0x0F, 0x0F, 0x00, 0x85, 0xF0, 0x3F, 0x00, 0xF0, 0xFF, 0x03, 0x03, 0x00, 0x81,
    0x50, 0x38, 0x0F, 0x00, 0x84, 0xF8, 0x1F, 0x00, 0xF8, 0xFF, 0x03, 0x00, 0x80, 0xF0, 0x02, 0xFF,
    0x0F, 0x00, 0x84, 0xFC, 0x0F, 0x00, 0xFE, 0x7F, 0x02, 0x00, 0x80, 0x80, 0x04, 0xFF, 0x0E, 0x00,
    0x84, 0xFC, 0x07, 0x00, 0xFF, 0x3F, 0x02, 0x00, 0x80, 0xF0, 0x04, 0xFF, 0x80, 0x2F, 0x0D, 0x00,
    0x84, 0xFE, 0x03, 0x80, 0xFF, 0x1F, 0x02, 0x00, 0x80, 0xFE, 0x05, 0xFF, 0x0D, 0x00, 0x86, 0xFF,
    0x03, 0xC0, 0xFF, 0x07, 0x00, 0xC0, 0x06, 0xFF, 0x80, 0x0F, 0x0B, 0x00, 0x87, 0x80, 0xFF, 0x01,
    0xE0, 0xFF, 0x03, 0x00, 0xF0, 0x06, 0xFF, 0x80, 0x3F, 0x0B, 0x00, 0x87, 0xC0, 0xFF, 0x00, 0xF0,
    0xFF, 0x01, 0x00, 0xFC, 0x07, 0xFF, 0x0B, 0x00, 0x84, 0xC0, 0x7F, 0x00, 0xF8, 0xFF, 0x02, 0x00,
    0x08, 0xFF, 0x80, 0x03, 0x0A, 0x00, 0x86, 0xE0, 0x3F, 0x00, 0xFC, 0x3F, 0x00, 0x80, 0x07, 0xFF,
    0x81, 0x3F, 0x06, 0x0A, 0x00, 0x86, 0xE0, 0x3F, 0x00, 0xFE, 0x0F, 0x00, 0xE0, 0x07, 0xFF, 0x81,
    0x1F, 0x08, 0x0A, 0x00, 0x86, 0xF0, 0x1F, 0x00, 0xFF, 0x07, 0x00, 0xF8, 0x07, 0xFF, 0x81, 0x0F,
    0x40, 0x0A, 0x00, 0x86, 0xF8, 0x0F, 0x80, 0xFF, 0x03, 0x00, 0xFC, 0x07, 0xFF, 0x82, 0x07, 0x80,
    0x01, 0x09, 0x00, 0x86, 0xFC, 0x07, 0xC0, 0xFF, 0x01, 0x00, 0xFE, 0x07, 0xFF, 0x82, 0x03, 0x80,
    0x07, 0x09, 0x00, 0x85, 0xFC, 0x07, 0xE0, 0xFF, 0x00, 0x80, 0x08, 0xFF, 0x82, 0x01, 0x00, 0x1F,
    0x09, 0x00, 0x85, 0xFE, 0x03, 0xE0, 0x7F, 0x00, 0xC0, 0x08, 0xFF, 0x82, 0x00, 0x80, 0x3F, 0x09,
    0x00, 0x85, 0xFE, 0x03, 0xF0, 0x3F, 0x00, 0xE0, 0x07, 0xFF, 0x83, 0x7F, 0x80, 0xFF, 0x7F, 0x09,
    0x00, 0x85, 0xFF, 0x01, 0xF8, 0x1F, 0x00, 0xF0, 0x07, 0xFF, 0x81, 0x3F, 0xE0, 0x02, 0xFF, 0x80,
    0x01, 0x08, 0x00, 0x85, 0xFF, 0x00, 0xFC, 0x1F, 0x00, 0xF8, 0x07, 0xFF, 0x81, 0x0F, 0xF0, 0x02,
    0xFF, 0x80, 0x03, 0x07, 0x00, 0x86, 0x80, 0xFF, 0x00, 0xFC, 0x0F, 0x00, 0xFC, 0x07, 0xFF, 0x81,
    0x0F, 0xF8, 0x02, 0xFF, 0x80, 0x07, 0x07, 0x00, 0x86, 0x80, 0x7F, 0x00, 0xFE, 0x07, 0x00, 0xFE,
    0x07, 0xFF, 0x81, 0x03, 0xFC, 0x02, 0xFF, 0x80, 0x0F, 0x07, 0x00, 0x85, 0xC0, 0x3F, 0x00, 0xFF,
    0x03, 0x00, 0x08, 0xFF, 0x81, 0x00, 0xFE, 0x02, 0xFF, 0x80, 0x1F, 0x07, 0x00, 0x85, 0xE0, 0x3F,
    0x00, 0xFF, 0x03, 0x80, 0x08, 0xFF, 0x80, 0x00, 0x03, 0xFF, 0x80, 0x3F, 0x07, 0x00, 0x85, 0xE0,
    0x1F, 0x80, 0xFF, 0x01, 0xC0, 0x07, 0xFF, 0x81, 0x7F, 0x80, 0x03, 0xFF, 0x80, 0x7F, 0x07, 0x00,
    0x85, 0xF0, 0x1F, 0x80, 0xFF, 0x00, 0xE0, 0x07, 0xFF, 0x81, 0x1F, 0xC0, 0x04, 0xFF, 0x07, 0x00,
    0x85, 0xF0, 0x0F, 0xC0, 0x7F, 0x00, 0xF0, 0x07, 0xFF, 0x81, 0x0F, 0xC0, 0x04, 0xFF, 0x80, 0x01,
    0x06, 0x00, 0x85, 0xF8, 0x0F, 0xC0, 0x7F, 0x00, 0xF8, 0x07, 0xFF, 0x81, 0x03, 0xE0, 0x04, 0xFF,
    0x80, 0x01, 0x06, 0x00, 0x85, 0xF8, 0x07, 0xE0, 0x3F, 0x00, 0xF8, 0x07, 0xFF, 0x81, 0x07, 0xE0,
    0x04, 0xFF, 0x80, 0x03, 0x06, 0x00, 0x85, 0xF8, 0x07, 0xF0, 0x3F, 0x00, 0xFC, 0x07, 0xFF, 0x81,
    0x05, 0xF0, 0x04, 0xFF, 0x80, 0x07, 0x06, 0x00, 0x85, 0xFC, 0x03, 0xF0, 0x1F, 0x00, 0xFE, 0x06,
    0xFF, 0x82, 0x7F, 0x2D, 0xF8, 0x04, 0xFF, 0x80, 0x0F, 0x06, 0x00, 0x85, 0xFC, 0x03, 0xF8, 0x0F,
    0x00, 0xFE, 0x07, 0xFF, 0x81, 0x55, 0xFD, 0x04, 0xFF, 0x80, 0x0F, 0x06, 0x00, 0x84, 0xFE, 0x03,
    0xF8, 0x0F, 0x00, 0x08, 0xFF, 0x81, 0xBF, 0xFE, 0x04, 0xFF, 0x80, 0x1F, 0x06, 0x00, 0x84, 0xFE,
    0x01, 0xF8, 0x07, 0x80, 0x0E, 0xFF, 0x80, 0x3F, 0x06, 0x00, 0x84, 0xFE, 0x01, 0xFC, 0x07, 0x80,
    0x09, 0xFF, 0x80, 0xFE, 0x04, 0xFF, 0x80, 0x3F, 0x06, 0x00, 0x84, 0xFF, 0x00, 0xFC, 0x03, 0xC0,
    0x0E, 0xFF, 0x80, 0x7F, 0x06, 0x00, 0x84, 0xFF, 0x00, 0xFE, 0x03, 0xC0, 0x0E, 0xFF, 0x80, 0x7F,
    0x06, 0x00, 0x84, 0xFF, 0x00, 0xFE, 0x01, 0xE0, 0x0F, 0xFF, 0x05, 0x00, 0x85, 0x80, 0x7F, 0x00,
    0xFE, 0x01, 0xE0, 0x0F, 0xFF, 0x80, 0x01, 0x04, 0x00, 0x85, 0x80, 0x7F, 0x00, 0xFF, 0x01, 0xF0,
    0x0F, 0xFF, 0x80, 0x01, 0x04, 0x00, 0x85, 0xC0, 0x3F, 0x00, 0xFF, 0x00, 0xF0, 0x0F, 0xFF, 0x80,
    0x03, 0x04, 0x00, 0x85, 0xC0, 0x3F, 0x80, 0xFF, 0x00, 0xF8, 0x0F, 0xFF, 0x80, 0x03, 0x04, 0x00,
    0x85, 0xC0, 0x3F, 0x80, 0x7F, 0x00, 0xF8, 0x0F, 0xFF, 0x80, 0x07, 0x04, 0x00, 0x85, 0xC0, 0x1F,
    0x80, 0x7F, 0x00, 0xFC, 0x0F, 0xFF, 0x80, 0x07, 0x04, 0x00, 0x85, 0xE0, 0x1F, 0xC0, 0x7F, 0x00,
    0xFC, 0x0F, 0xFF, 0x80, 0x07, 0x04, 0x00, 0x85, 0xE0, 0x1F, 0xC0, 0x3F, 0x00, 0xFC, 0x0F, 0xFF,
    0x82, 0x0F, 0x00, 0x3E, 0x02, 0x00, 0x85, 0xE0, 0x0F, 0xC0, 0x3F, 0x00, 0xFE, 0x0F, 0xFF, 0x82,
    0x0F, 0x80, 0x3F, 0x02, 0x00, 0x85, 0xE0, 0x0F, 0xE0, 0x3F, 0x00, 0xFE, 0x0F, 0xFF, 0x82, 0x0F,
    0x80, 0x3F, 0x02, 0x00, 0x85, 0xF0, 0x0F, 0xE0, 0x3F, 0x00, 0xFE, 0x0F, 0xFF, 0x82, 0x1F, 0x80,
    0x3F, 0x02, 0x00, 0x84, 0xF0, 0x0F, 0xE0, 0x1F, 0x00, 0x10, 0xFF, 0x82, 0x1F, 0x80, 0x3F, 0x02,
    0x00, 0x84, 0xF0, 0x07, 0xE0, 0x1F, 0x00, 0x10, 0xFF, 0x82, 0x1F, 0x80, 0x3F, 0x02, 0x00, 0x84,
    0xF0, 0x07, 0xF0, 0x1F, 0x00, 0x0E, 0xFF, 0x84, 0xE3, 0xFF, 0x3F, 0x80, 0x7F, 0x02, 0x00, 0x84,
    0xF0, 0x07, 0xF0, 0x1F, 0x00, 0x0E, 0xFF, 0x84, 0xC0, 0xFF, 0x3F, 0x00, 0x7F, 0x02, 0x00, 0x84,
    0xF8, 0x07, 0xF0, 0x0F, 0x80, 0x0E, 0xFF, 0x84, 0x80, 0xFF, 0x3F, 0x00, 0x7F, 0x02, 0x00, 0x84,
    0xF8, 0x07, 0xF0, 0x0F, 0x80, 0x0E, 0xFF, 0x84, 0x80, 0xFF, 0x3F, 0x00, 0x7F, 0x02, 0x00, 0x84,
    0xF8, 0x07, 0xF0, 0x0F, 0x80, 0x0E, 0xFF, 0x84, 0x80, 0xFF, 0x7F, 0x00, 0x7F, 0x02, 0x00, 0x84,
    0xF8, 0x07, 0xF0, 0x0F, 0xC0, 0x0E, 0xFF, 0x84, 0xC0, 0xFF, 0x7F, 0x00, 0xFF, 0x02, 0x00, 0x84,
    0xF8, 0x03, 0xF8, 0x07, 0xC0, 0x10, 0xFF, 0x82, 0x7F, 0x00, 0xFF, 0x02, 0x00, 0x84, 0xF8, 0x03,
    0xF8, 0x07, 0xC0, 0x10, 0xFF, 0x82, 0x7F, 0x00, 0xFF, 0x02, 0x00, 0x84, 0xF8, 0x03, 0xF8, 0x07,
    0xC0, 0x10, 0xFF, 0x82, 0x7F, 0x00, 0xFE, 0x02, 0x00, 0x84, 0xFC, 0x03, 0xF8, 0x07, 0xC0, 0x11,
    0xFF, 0x81, 0x00, 0xFE, 0x02, 0x00, 0x84, 0xFC, 0x03, 0xF8, 0x07, 0xC0, 0x02, 0xFF, 0x8C, 0x3F,
    0x80, 0xFF, 0x07, 0x1F, 0xF0, 0x07, 0xFC, 0x1F, 0x7E, 0xC0, 0xFF, 0xC0, 0x02, 0xFF, 0x81, 0x00,
    0xFE, 0x02, 0x00, 0x84, 0xFC, 0x03, 0xFC, 0x07, 0xC0, 0x02, 0xFF, 0x82, 0x0F, 0x00, 0xFF, 0x02,
    0x07, 0x87, 0xC0, 0x03, 0xF0, 0x1F, 0x1C, 0x80, 0xFF, 0xC0, 0x02, 0xFF, 0x88, 0x00, 0xFE, 0x01,
    0x00, 0xFC, 0x01, 0xFC, 0x07, 0xE0, 0x02, 0xFF, 0x8C, 0x07, 0x00, 0xFC, 0x07, 0x02, 0xC0, 0x01,
    0xE0, 0x1F, 0x0C, 0x00, 0xFF, 0xC0, 0x02, 0xFF, 0x88, 0x00, 0xFE, 0x01, 0x00, 0xFC, 0x01, 0xFC,
    0x03, 0xE0, 0x02, 0xFF, 0x83, 0x03, 0x00, 0xF8, 0x07, 0x03, 0x00, 0x81, 0xE0, 0x1F, 0x02, 0x00,
    0x81, 0xFF, 0xC0, 0x02, 0xFF, 0x88, 0x00, 0xFE, 0x01, 0x00, 0xFC, 0x01, 0xFC, 0x03, 0xE0, 0x02,
    0xFF, 0x83, 0x01, 0x00, 0xF8, 0x07, 0x03, 0x00, 0x81, 0xC0, 0x1F, 0x02, 0x00, 0x81, 0xFE, 0xC0,
    0x02, 0xFF, 0x88, 0x00, 0xFE, 0x01, 0x00, 0xFC, 0x01, 0xFC, 0x03, 0xE0, 0x02, 0xFF, 0x8C, 0x01,
    0x1F, 0xF0, 0x07, 0xF0, 0x00, 0x38, 0xC0, 0x1F, 0xC0, 0x03, 0xFE, 0xC0, 0x02, 0xFF, 0x88, 0x00,
    0xFE, 0x01, 0x00, 0xFC, 0x01, 0xFC, 0x03, 0xE0, 0x02, 0xFF, 0x8C, 0x80, 0x3F, 0xE0, 0x07, 0xF8,
    0x01, 0x7E, 0xC0, 0x1F, 0xF0, 0x07, 0xFE, 0xC0, 0x02, 0xFF, 0x88, 0x00, 0xFE, 0x01, 0x00, 0xFC,
    0x01, 0xFC, 0x03, 0xE0, 0x02, 0xFF, 0x8C, 0xC0, 0x7F, 0xE0, 0x07, 0xFC, 0x01, 0xFF, 0xC0, 0x1F,
    0xF8, 0x07, 0xFE, 0xC0, 0x02, 0xFF, 0x88, 0x01, 0xFE, 0x01, 0x00, 0xFC, 0x01, 0xF8, 0x03, 0xE0,
    0x02, 0xFF, 0x8C, 0xC0, 0x7F, 0xE0, 0x07, 0xFE, 0x01, 0xFF, 0xC0, 0x1F, 0xF8, 0x0F, 0xFE, 0xC0,
    0x02, 0xFF, 0x97, 0x01, 0xFE, 0x01, 0x00, 0xFC, 0x01, 0xF8, 0x03, 0xE0, 0xFF, 0x7F, 0xC0, 0x7F,
    0xE0, 0x07, 0xFE, 0x01, 0xFF, 0xC0, 0x1F, 0xF8, 0x0F, 0xFE, 0xC0, 0x02, 0xFF, 0x97, 0x01, 0xFE,
    0x01, 0x00, 0xFC, 0x01, 0xF8, 0x03, 0xE0, 0xFF, 0x7F, 0xE0, 0x7F, 0xC0, 0x07, 0xFE, 0x01, 0xFF,
    0xC0, 0x1F, 0xF8, 0x0F, 0xFC, 0xC0, 0x02, 0xFF, 0x97, 0x01, 0xFE, 0x01, 0x00, 0xFC, 0x01, 0xF8,
    0x03, 0xE0, 0xFF, 0x7F, 0xE0, 0x7F, 0xC0, 0x07, 0xFE, 0x01, 0xFF, 0xC0, 0x1F, 0xF8, 0x0F, 0xFE,
    0xC0, 0x02, 0xFF, 0x97, 0x01, 0xFE, 0x01, 0x00, 0xFC, 0x01, 0xF8, 0x03, 0xE0, 0xFF, 0x7F, 0xE0,
    0x7F, 0xC0, 0x07, 0xFE, 0x01, 0xFF, 0xC0, 0x1F, 0xF8, 0x0F, 0xFC, 0xC0, 0x02, 0xFF, 0x97, 0x00,
    0xFE, 0x01, 0x00, 0xFC, 0x01, 0xF8, 0x03, 0xE0, 0xFF, 0x7F, 0xE0, 0x7F, 0xC0, 0x07, 0xFE, 0x01,
    0xFF, 0xC0, 0x1F, 0xF8, 0x0F, 0xFC, 0xC0, 0x02, 0xFF, 0x97, 0x00, 0xFE, 0x01, 0x00, 0xFC, 0x01,
    0xF8, 0x03, 0xE0, 0xFF, 0x7F, 0xC0, 0x7F, 0xE0, 0x07, 0xFE, 0x01, 0xFF, 0xC0, 0x1F, 0xF8, 0x0F,
    0xFE, 0xC0, 0x02, 0xFF, 0x97, 0x00, 0xFE, 0x01, 0x00, 0xFC, 0x01, 0xF8, 0x07, 0xC0, 0xFF, 0x7F,
    0xC0, 0x7F, 0xE0, 0x07, 0xFE, 0x01, 0xFF, 0xC0, 0x1F, 0xF8, 0x0F, 0xFC, 0xC0, 0x02, 0xFF, 0x88,
    0x00, 0xFE, 0x01, 0x00, 0xFC, 0x01, 0xF8, 0x07, 0xC0, 0x02, 0xFF, 0x8C, 0xC0, 0x7F, 0xE0, 0x07,
    0xFE, 0x01, 0xFF, 0xC0, 0x1F, 0xF8, 0x0F, 0xFE, 0xC0, 0x02, 0xFF, 0x81, 0x00, 0xFE, 0x02, 0x00,
    0x84, 0xFC, 0x03, 0xF8, 0x07, 0xC0, 0x02, 0xFF, 0x8C, 0x80, 0x3F, 0xE0, 0x07, 0xFE, 0x01, 0xFF,
    0xC0, 0x1F, 0xF8, 0x0F, 0xFC, 0xC0, 0x02, 0xFF, 0x81, 0x00, 0xFE, 0x02, 0x00, 0x84, 0xFC, 0x03,
    0xF8, 0x07, 0xC0, 0x02, 0xFF, 0x8C, 0x00, 0x1F, 0xF0, 0x07, 0xFE, 0x01, 0xFF, 0xC0, 0x1F, 0xF8,
    0x0F, 0xFC, 0xC0, 0x02, 0xFF, 0x81, 0x00, 0xFE, 0x02, 0x00, 0x84, 0xFC, 0x03, 0xF8, 0x07, 0xC0,
    0x02, 0xFF, 0x8C, 0x01, 0x00, 0xF0, 0x07, 0xFE, 0x01, 0xFF, 0xC0, 0x1F, 0xF8, 0x0F, 0xFE, 0xC0,
    0x02, 0xFF, 0x81, 0x00, 0xFE, 0x02, 0x00, 0x84, 0xFC, 0x03, 0xF8, 0x07, 0xC0, 0x02, 0xFF, 0x8C,
    0x03, 0x00, 0xF8, 0x07, 0xFE, 0x01, 0xFF, 0xC0, 0x1F, 0xF8, 0x07, 0xFC, 0xC0, 0x02, 0xFF, 0x81,
    0x00, 0xFF, 0x02, 0x00, 0x84, 0xFC, 0x03, 0xF8, 0x0F, 0xC0, 0x02, 0xFF, 0x90, 0x07, 0x00, 0xFC,
    0x07, 0xFE, 0x03, 0xFF, 0xC0, 0x1F, 0xF8, 0x0F, 0xFE, 0xC0, 0xFF, 0x7F, 0x00, 0xFF, 0x02, 0x00,
    0x84, 0xFC, 0x03, 0xF0, 0x0F, 0xC0, 0x02, 0xFF, 0x90, 0x0F, 0x00, 0xFF, 0x07, 0xFE, 0x03, 0xFF,
    0xC0, 0x1F, 0xF8, 0x0F, 0xFC, 0xC0, 0xFF, 0x7F, 0x00, 0xFF, 0x02, 0x00, 0x84, 0xF8, 0x03, 0xF0,
    0x0F, 0x80, 0x02, 0xFF, 0x81, 0x7F, 0xC0, 0x03, 0xFF, 0x80, 0xA3, 0x08, 0xFF, 0x82, 0x7F, 0x00,
    0xFF, 0x02, 0x00, 0x84, 0xF8, 0x07, 0xF0, 0x0F, 0x80, 0x10, 0xFF, 0x82, 0x7F, 0x00, 0x7F, 0x02,
    0x00, 0x84, 0xF8, 0x07, 0xF0, 0x1F, 0x80, 0x10, 0xFF, 0x82, 0x7F, 0x80, 0x7F, 0x02, 0x00, 0x84,
    0xF8, 0x07, 0xE0, 0x1F, 0x80, 0x10, 0xFF, 0x82, 0x3F, 0x80, 0x7F, 0x02, 0x00, 0x84, 0xF8, 0x07,
    0xE0, 0x1F, 0x00, 0x10, 0xFF, 0x82, 0x3F, 0x80, 0x7F, 0x02, 0x00, 0x84, 0xF0, 0x07, 0xE0, 0x1F,
    0x00, 0x10, 0xFF, 0x82, 0x3F, 0x80, 0x7F, 0x02, 0x00, 0x84, 0xF0, 0x0F, 0xE0, 0x3F, 0x00, 0x10,
    0xFF, 0x82, 0x1F, 0xC0, 0x3F, 0x02, 0x00, 0x85, 0xF0, 0x07, 0xC0, 0x3F, 0x00, 0xFE, 0x0F, 0xFF,
    0x82, 0x1F, 0xC0, 0x3F, 0x02, 0x00, 0x85, 0x20, 0x00, 0xC0, 0x3F, 0x00, 0xFE, 0x0F, 0xFF, 0x82,
    0x1F, 0xC0, 0x3F, 0x04, 0x00, 0x83, 0xC0, 0x7F, 0x00, 0xFE, 0x0F, 0xFF, 0x82, 0x0F, 0xE0, 0x3F,
    0x04, 0x00, 0x83, 0x80, 0x7F, 0x00, 0xFC, 0x0F, 0xFF, 0x82, 0x0F, 0xE0, 0x1F, 0x04, 0x00, 0x83,
    0x80, 0xFF, 0x00, 0xFC, 0x0F, 0xFF, 0x82, 0x0F, 0xE0, 0x1F, 0x04, 0x00, 0x83, 0x80, 0xFF, 0x00,
    0xF8, 0x0F, 0xFF, 0x82, 0x07, 0xF0, 0x1F, 0x05, 0x00, 0x82, 0xFF, 0x00, 0xF8, 0x0F, 0xFF, 0x82,
    0x07, 0xF0, 0x0F, 0x05, 0x00, 0x82, 0xFF, 0x01, 0xF8, 0x0F, 0xFF, 0x82, 0x07, 0xF0, 0x0F, 0x05,
    0x00, 0x82, 0xFE, 0x01, 0xF0, 0x0F, 0xFF, 0x82, 0x03, 0xF8, 0x07, 0x05, 0x00, 0x82, 0xFE, 0x03,
    0xF0, 0x0F, 0xFF, 0x82, 0x03, 0xF8, 0x07, 0x05, 0x00, 0x82, 0xFC, 0x03, 0xE0, 0x0F, 0xFF, 0x82,
    0x01, 0xFC, 0x07, 0x05, 0x00, 0x82, 0xFC, 0x07, 0xE0, 0x0F, 0xFF, 0x82, 0x01, 0xFC, 0x03, 0x05,
    0x00, 0x82, 0xFC, 0x07, 0xC0, 0x0F, 0xFF, 0x82, 0x00, 0xFE, 0x03, 0x05, 0x00, 0x82, 0xF8, 0x0F,
    0x80, 0x0F, 0xFF, 0x82, 0x00, 0xFE, 0x03, 0x05, 0x00, 0x82, 0xF8, 0x0F, 0x80, 0x0E, 0xFF, 0x83,
    0x7F, 0x00, 0xFF, 0x01, 0x05, 0x00, 0x82, 0xF0, 0x1F, 0x00, 0x04, 0xFF, 0x80, 0xBF, 0x09, 0xFF,
    0x83, 0x7F, 0x00, 0xFF, 0x01, 0x05, 0x00, 0x83, 0xF0, 0x1F, 0x00, 0xFE, 0x03, 0xFF, 0x81, 0xDF,
    0xF4, 0x08, 0xFF, 0x82, 0x3F, 0x80, 0xFF, 0x06, 0x00, 0x83, 0xE0, 0x3F, 0x00, 0xFE, 0x03, 0xFF,
    0x81, 0xAF, 0xFA, 0x08, 0xFF, 0x82, 0x3F, 0xC0, 0xFF, 0x06, 0x00, 0x83, 0xE0, 0x7F, 0x00, 0xFC,
    0x03, 0xFF, 0x81, 0x0F, 0xF8, 0x08, 0xFF, 0x82, 0x1F, 0xC0, 0x7F, 0x06, 0x00, 0x83, 0xC0, 0x7F,
    0x00, 0xF8, 0x03, 0xFF, 0x81, 0x1F, 0xF8, 0x08, 0xFF, 0x82, 0x0F, 0xE0, 0x3F, 0x06, 0x00, 0x83,
    0x80, 0xFF, 0x00, 0xF0, 0x03, 0xFF, 0x81, 0x1F, 0xFA, 0x08, 0xFF, 0x82, 0x0F, 0xE0, 0x3F, 0x06,
    0x00, 0x83, 0x80, 0xFF, 0x01, 0xF0, 0x03, 0xFF, 0x81, 0x1F, 0xF8, 0x08, 0xFF, 0x82, 0x07, 0xF0,
    0x1F, 0x07, 0x00, 0x82, 0xFF, 0x01, 0xE0, 0x03, 0xFF, 0x81, 0x1F, 0xF8, 0x08, 0xFF, 0x82, 0x03,
    0xF8, 0x1F, 0x07, 0x00, 0x82, 0xFE, 0x03, 0xC0, 0x03, 0xFF, 0x81, 0x1F, 0xF8, 0x08, 0xFF, 0x82,
    0x03, 0xF8, 0x0F, 0x07, 0x00, 0x82, 0xFE, 0x07, 0x80, 0x03, 0xFF, 0x81, 0x3F, 0xF8, 0x08, 0xFF,
    0x82, 0x01, 0xFC, 0x07, 0x07, 0x00, 0x82, 0xFC, 0x0F, 0x00, 0x03, 0xFF, 0x81, 0x3F, 0xF8, 0x08,
    0xFF, 0x82, 0x00, 0xFE, 0x07, 0x07, 0x00, 0x83, 0xF8, 0x0F, 0x00, 0xFE, 0x02, 0xFF, 0x81, 0x3F,
    0xF8, 0x07, 0xFF, 0x83, 0x7F, 0x00, 0xFF, 0x03, 0x07, 0x00, 0x83, 0xF8, 0x1F, 0x00, 0xFC, 0x02,
    0xFF, 0x81, 0x3F, 0xF0, 0x07, 0xFF, 0x83, 0x7F, 0x00, 0xFF, 0x01, 0x07, 0x00, 0x83, 0xF0, 0x3F,
    0x00, 0xF8, 0x02, 0xFF, 0x81, 0x7F, 0xF8, 0x07, 0xFF, 0x83, 0x3F, 0x80, 0xFF, 0x01, 0x07, 0x00,
    0x83, 0xE0, 0x7F, 0x00, 0xF0, 0x02, 0xFF, 0x81, 0x7F, 0xF0, 0x07, 0xFF, 0x82, 0x1F, 0xC0, 0xFF,
    0x08, 0x00, 0x83, 0xE0, 0xFF, 0x00, 0xC0, 0x02, 0xFF, 0x81, 0x7F, 0xF0, 0x07, 0xFF, 0x82, 0x0F,
    0xE0, 0x7F, 0x08, 0x00, 0x83, 0xC0, 0xFF, 0x01, 0x80, 0x03, 0xFF, 0x80, 0xE0, 0x07, 0xFF, 0x82,
    0x07, 0xF0, 0x3F, 0x08, 0x00, 0x83, 0x80, 0xFF, 0x03, 0x00, 0x03, 0xFF, 0x80, 0xE0, 0x07, 0xFF,
    0x82, 0x03, 0xF8, 0x1F, 0x09, 0x00, 0x83, 0xFF, 0x07, 0x00, 0xFC, 0x02, 0xFF, 0x80, 0xC1, 0x07,
    0xFF, 0x82, 0x01, 0xFC, 0x1F, 0x09, 0x00, 0x83, 0xFE, 0x0F, 0x00, 0xF8, 0x02, 0xFF, 0x80, 0xC1,
    0x07, 0xFF, 0x82, 0x00, 0xFE, 0x0F, 0x09, 0x00, 0x83, 0xFC, 0x1F, 0x00, 0xE0, 0x02, 0xFF, 0x80,
    0x81, 0x06, 0xFF, 0x83, 0x7F, 0x00, 0xFF, 0x07, 0x09, 0x00, 0x83, 0xF8, 0x3F, 0x00, 0xC0, 0x02,
    0xFF, 0x80, 0x83, 0x06, 0xFF, 0x83, 0x3F, 0x80, 0xFF, 0x03, 0x09, 0x00, 0x81, 0xF0, 0xFF, 0x02,
    0x00, 0x02, 0xFF, 0x81, 0x07, 0xFE, 0x05, 0xFF, 0x83, 0x0F, 0xE0, 0xFF, 0x01, 0x09, 0x00, 0x87,
    0xE0, 0xFF, 0x01, 0x00, 0xFC, 0xFF, 0x07, 0xFC, 0x05, 0xFF, 0x82, 0x07, 0xF0, 0xFF, 0x0A, 0x00,
    0x87, 0xC0, 0xFF, 0x03, 0x00, 0xF0, 0xFF, 0x0F, 0xF8, 0x05, 0xFF, 0x82, 0x01, 0xF8, 0x7F, 0x0A,
    0x00, 0x87, 0x80, 0xFF, 0x0F, 0x00, 0xC0, 0xFF, 0x1F, 0xF0, 0x05, 0xFF, 0x82, 0x00, 0xFE, 0x3F,
    0x0B, 0x00, 0x81, 0xFF, 0x1F, 0x02, 0x00, 0x82, 0xFE, 0x3F, 0xF0, 0x04, 0xFF, 0x83, 0x3F, 0x00,
    0xFF, 0x1F, 0x0B, 0x00, 0x81, 0xFC, 0x7F, 0x02, 0x00, 0x82, 0xF8, 0x7F, 0xF0, 0x04, 0xFF, 0x83,
    0x0F, 0xC0, 0xFF, 0x07, 0x0B, 0x00, 0x81, 0xF8, 0xFF, 0x02, 0x00, 0x82, 0xC0, 0xFF, 0xE1, 0x02,
    0xFF, 0x85, 0x3F, 0xFF, 0x07, 0xF0, 0xFF, 0x03, 0x0B, 0x00, 0x82, 0xF0, 0xFF, 0x03, 0x02, 0x00,
    0x89, 0xFC, 0x83, 0xFE, 0xFF, 0x0F, 0xFF, 0x01, 0xF8, 0xFF, 0x01, 0x0B, 0x00, 0x82, 0xE0, 0xFF,
    0x0F, 0x02, 0x00, 0x88, 0x80, 0x7F, 0xF8, 0xFF, 0x00, 0x7F, 0x00, 0xFE, 0x7F, 0x0C, 0x00, 0x82,
    0x80, 0xFF, 0x3F, 0x03, 0x00, 0x87, 0x20, 0xE0, 0x02, 0x00, 0x0E, 0x80, 0xFF, 0x3F, 0x0D, 0x00,
    0x02, 0xFF, 0x07, 0x00, 0x83, 0x02, 0xE0, 0xFF, 0x0F, 0x0D, 0x00, 0x82, 0xFC, 0xFF, 0x07, 0x07,
    0x00, 0x82, 0xFC, 0xFF, 0x07, 0x0D, 0x00, 0x82, 0xF8, 0xFF, 0x1F, 0x07, 0x00, 0x02, 0xFF, 0x80,
    0x01, 0x0D, 0x00, 0x80, 0xE0, 0x02, 0xFF, 0x80, 0x01, 0x05, 0x00, 0x80, 0xF0, 0x02, 0xFF, 0x0E,
    0x00, 0x80, 0x80, 0x02, 0xFF, 0x80, 0x0F, 0x05, 0x00, 0x82, 0xFE, 0xFF, 0x3F, 0x0F, 0x00, 0x03,
    0xFF, 0x80, 0x01, 0x03, 0x00, 0x80, 0xC0, 0x02, 0xFF, 0x80, 0x0F, 0x0F, 0x00, 0x80, 0xF8, 0x03,
    0xFF, 0x82, 0x01, 0x00, 0xC0, 0x03, 0xFF, 0x80, 0x03, 0x0F, 0x00, 0x80, 0xE0, 0x09, 0xFF, 0x10,
    0x00, 0x80, 0x80, 0x08, 0xFF, 0x80, 0x3F, 0x11, 0x00, 0x80, 0xFE, 0x07, 0xFF, 0x80, 0x0F, 0x11,
    0x00, 0x80, 0xF0, 0x07, 0xFF, 0x80, 0x01, 0x11, 0x00, 0x80, 0x80, 0x06, 0xFF, 0x80, 0x3F, 0x13,
    0x00, 0x80, 0xF8, 0x05, 0xFF, 0x80, 0x07, 0x14, 0x00, 0x04, 0xFF, 0x80, 0x7F, 0x16, 0x00, 0x80,
    0xFE, 0x02, 0xFF, 0x80, 0x03, 0x16, 0x00, 0x81, 0xE0, 0x07, 0x7F, 0x00, 0x7F, 0x00, 0x7F, 0x00,
    0x7F, 0x00, 0x7F, 0x00, 0x35, 0x00, 0x02, 0xFD, 0x06, 0x00, 0x00, 0x00, 0x00, 0x01, 0xFF, 0x64,
    0x00, 0x05, 0xFA, 0x54, 0x09, 0x00, 0x7F, 0x00, 0x7F, 0x00, 0x7F, 0x00, 0x7F, 0x00, 0x7F, 0x00,
    0x7F, 0x00, 0x7F, 0x00, 0x7F, 0x00, 0x12, 0x00, 0x81, 0xC0, 0x03, 0x1B, 0x00, 0x82, 0xE0, 0xFF,
    0x03, 0x1B, 0x00, 0x02, 0xFF, 0x80, 0x03, 0x1A, 0x00, 0x80, 0xE0, 0x02, 0xFF, 0x80, 0x03, 0x1A,
    0x00, 0x80, 0xFE, 0x02, 0xFF, 0x80, 0x03, 0x19, 0x00, 0x80, 0xC0, 0x03, 0xFF, 0x80, 0x03, 0x19,
    0x00, 0x80, 0xF8, 0x03, 0xFF, 0x80, 0x03, 0x19, 0x00, 0x80, 0xFE, 0x03, 0xFF, 0x80, 0x01, 0x18,
    0x00, 0x80, 0x80, 0x03, 0xFF, 0x80, 0x01, 0x19, 0x00, 0x80, 0xF0, 0x02, 0xFF, 0x80, 0x0F, 0x1A,
    0x00, 0x80, 0xF8, 0x02, 0xFF, 0x1B, 0x00, 0x82, 0xFE, 0xFF, 0x1F, 0x1A, 0x00, 0x80, 0x80, 0x02,
    0xFF, 0x80, 0x03, 0x02, 0x00, 0x81, 0xF8, 0x1F, 0x16, 0x00, 0x80, 0xC0, 0x02, 0xFF, 0x03, 0x00,
    0x82, 0xF8, 0xFF, 0x02, 0x15, 0x00, 0x82, 0xF0, 0xFF, 0x1F, 0x03, 0x00, 0x82, 0xF8, 0xFF, 0x3F,
    0x12, 0x00, 0x80, 0x18, 0x02, 0x00, 0x82, 0xF8, 0xFF, 0x07, 0x03, 0x00, 0x80, 0xFC, 0x02, 0xFF,
    0x80, 0x01, 0x11, 0x00, 0x80, 0x3C, 0x02, 0x00, 0x82, 0xFC, 0xFF, 0x01, 0x04, 0x00, 0x82, 0xD8,
    0xFF, 0x0F, 0x11, 0x00, 0x80, 0x3E, 0x02, 0x00, 0x81, 0xFF, 0x7F, 0x03, 0x00, 0x80, 0xF8, 0x03,
    0xFF, 0x80, 0x3F, 0x11, 0x00, 0x84, 0x7F, 0x00, 0x80, 0xFF, 0x3F, 0x02, 0x00, 0x80, 0xC0, 0x04,
    0xFF, 0x80, 0xDF, 0x10, 0x00, 0x85, 0x80, 0x3F, 0x00, 0xC0, 0xFF, 0x0F, 0x02, 0x00, 0x80, 0xFC,
    0x04, 0xFF, 0x81, 0x3F, 0x01, 0x0F, 0x00, 0x87, 0x80, 0x3F, 0x00, 0xE0, 0xFF, 0x07, 0x00, 0x80,
    0x06, 0xFF, 0x80, 0x01, 0x0F, 0x00, 0x87, 0xC0, 0x3F, 0x00, 0xF0, 0xFF, 0x01, 0x00, 0xF0, 0x06,
    0xFF, 0x80, 0x03, 0x0F, 0x00, 0x84, 0xE0, 0x3F, 0x00, 0xFC, 0xFF, 0x02, 0x00, 0x80, 0xFC, 0x06,
    0xFF, 0x80, 0x07, 0x0F, 0x00, 0x84, 0xF0, 0x3F, 0x00, 0xFE, 0x3F, 0x02, 0x00, 0x07, 0xFF, 0x80,
    0x0F, 0x0F, 0x00, 0x86, 0xF8, 0x1F, 0x00, 0xFF, 0x0F, 0x00, 0xC0, 0x07, 0xFF, 0x80, 0x1F, 0x0F,
    0x00, 0x86, 0xF8, 0x0F, 0x80, 0xFF, 0x07, 0x00, 0xF0, 0x08, 0xFF, 0x0F, 0x00, 0x86, 0xFC, 0x07,
    0xC0, 0xFF, 0x03, 0x00, 0xFC, 0x08, 0xFF, 0x80, 0x01, 0x0E, 0x00, 0x86, 0xFE, 0x07, 0xC0, 0xFF,
    0x01, 0x00, 0xFE, 0x08, 0xFF, 0x80, 0x07, 0x0E, 0x00, 0x85, 0xFE, 0x03, 0xE0, 0xFF, 0x00, 0x80,
    0x09, 0xFF, 0x80, 0x1F, 0x0E, 0x00, 0x85, 0xFF, 0x01, 0xF0, 0x7F, 0x00, 0xC0, 0x09, 0xFF, 0x80,
    0x3F, 0x0E, 0x00, 0x85, 0xFF, 0x00, 0xF8, 0x3F, 0x00, 0xE0, 0x09, 0xFF, 0x80, 0x7F, 0x0D, 0x00,
    0x86, 0x80, 0xFF, 0x00, 0xFC, 0x1F, 0x00, 0xF8, 0x0A, 0xFF, 0x0D, 0x00, 0x86, 0xC0, 0x7F, 0x00,
    0xFE, 0x0F, 0x00, 0xFC, 0x0A, 0xFF, 0x80, 0x01, 0x0C, 0x00, 0x86, 0xC0, 0x3F, 0x00, 0xFE, 0x07,
    0x00, 0xFE, 0x0A, 0xFF, 0x80, 0x03, 0x0C, 0x00, 0x85, 0xE0, 0x3F, 0x00, 0xFF, 0x03, 0x00, 0x0B,
    0xFF, 0x80, 0x03, 0x0C, 0x00, 0x85, 0xE0, 0x1F, 0x80, 0xFF, 0x01, 0x80, 0x0B, 0xFF, 0x80, 0x07,
    0x0C, 0x00, 0x85, 0xF0, 0x1F, 0x80, 0xFF, 0x01, 0xC0, 0x0B, 0xFF, 0x80, 0x0F, 0x0C, 0x00, 0x85,
    0xF0, 0x0F, 0xC0, 0xFF, 0x00, 0xE0, 0x0B, 0xFF, 0x80, 0x0F, 0x0C, 0x00, 0x85, 0xE0, 0x07, 0xE0,
    0x7F, 0x00, 0xF0, 0x0A, 0xFF, 0x81, 0x87, 0x1E, 0x0C, 0x00, 0x85, 0x80, 0x07, 0xE0, 0x7F, 0x00,
    0xF8, 0x09, 0xFF, 0x82, 0x7F, 0x00, 0x34, 0x0D, 0x00, 0x84, 0x03, 0xF0, 0x3F, 0x00, 0xFC, 0x09,
    0xFF, 0x82, 0x1F, 0x00, 0x30, 0x0E, 0x00, 0x83, 0xF8, 0x1F, 0x00, 0xFE, 0x09, 0xFF, 0x82, 0x0F,
    0x00, 0x40, 0x0E, 0x00, 0x83, 0xF8, 0x0F, 0x00, 0xFE, 0x09, 0xFF, 0x11, 0x00, 0x82, 0xFC, 0x07,
    0x00, 0x09, 0xFF, 0x80, 0x3F, 0x11, 0x00, 0x82, 0xFC, 0x07, 0x80, 0x09, 0xFF, 0x84, 0x0F, 0x00,
    0xF0, 0x0F, 0x01, 0x0D, 0x00, 0x82, 0xFE, 0x03, 0x80, 0x09, 0xFF, 0x83, 0x01, 0x00, 0xFE, 0x7F,
    0x0E, 0x00, 0x82, 0xFE, 0x03, 0xC0, 0x08, 0xFF, 0x82, 0x7F, 0x00, 0xC0, 0x02, 0xFF, 0x80, 0x01,
    0x0D, 0x00, 0x82, 0xFE, 0x01, 0xE0, 0x08, 0xFF, 0x82, 0xAF, 0x01, 0xE0, 0x02, 0xFF, 0x80, 0x07,
    0x0D, 0x00, 0x82, 0xFF, 0x01, 0xF0, 0x08, 0xFF, 0x82, 0x7F, 0x15, 0xF8, 0x02, 0xFF, 0x80, 0x0F,
    0x0D, 0x00, 0x82, 0xFF, 0x00, 0xF0, 0x09, 0xFF, 0x81, 0x2B, 0xFC, 0x02, 0xFF, 0x80, 0x1F, 0x0C,
    0x00, 0x83, 0x80, 0xFF, 0x00, 0xF8, 0x09, 0xFF, 0x80, 0x56, 0x03, 0xFF, 0x81, 0x3F, 0x0C, 0x0B,
    0x00, 0x83, 0x80, 0x7F, 0x00, 0xF8, 0x09, 0xFF, 0x80, 0xBF, 0x03, 0xFF, 0x81, 0x7F, 0x0E, 0x0B,
    0x00, 0x83, 0x80, 0x7F, 0x00, 0xFC, 0x0E, 0xFF, 0x80, 0x1F, 0x0B, 0x00, 0x83, 0xC0, 0x3F, 0x00,
    0xFC, 0x0E, 0xFF, 0x80, 0x1F, 0x0B, 0x00, 0x83, 0xC0, 0x3F, 0x00, 0xFE, 0x0E, 0xFF, 0x80, 0x3F,
    0x0B, 0x00, 0x83, 0xE0, 0x1F, 0x00, 0xFE, 0x0E, 0xFF, 0x80, 0x3F, 0x0B, 0x00, 0x82, 0xE0, 0x1F,
    0x00, 0x0F, 0xFF, 0x80, 0x7F, 0x0B, 0x00, 0x82, 0xE0, 0x1F, 0x00, 0x0F, 0xFF, 0x80, 0x7F, 0x0B,
    0x00, 0x82, 0xF0, 0x0F, 0x00, 0x10, 0xFF, 0x0B, 0x00, 0x82, 0xF0, 0x0F, 0x80, 0x10, 0xFF, 0x0B,
    0x00, 0x82, 0xF0, 0x0F, 0x80, 0x10, 0xFF, 0x0B, 0x00, 0x82, 0xF0, 0x07, 0x80, 0x10, 0xFF, 0x80,
    0x01, 0x0A, 0x00, 0x82, 0xF8, 0x07, 0xC0, 0x10, 0xFF, 0x80, 0x01, 0x0A, 0x00, 0x82, 0xF8, 0x07,
    0xC0, 0x10, 0xFF, 0x80, 0x01, 0x0A, 0x00, 0x82, 0xFC, 0x03, 0xC0, 0x10, 0xFF, 0x80, 0x03, 0x0A,
    0x00, 0x82, 0xFC, 0x03, 0xE0, 0x10, 0xFF, 0x80, 0x03, 0x0A, 0x00, 0x82, 0xFC, 0x03, 0xE0, 0x0D,
    0xFF, 0x83, 0x7F, 0xFE, 0xFF, 0x03, 0x0A, 0x00, 0x82, 0xFC, 0x03, 0xE0, 0x0D, 0xFF, 0x83, 0x1F,
    0xF8, 0xFF, 0x03, 0x0A, 0x00, 0x82, 0xFE, 0x01, 0xE0, 0x0D, 0xFF, 0x83, 0x0F, 0xF8, 0xFF, 0x07,
    0x0A, 0x00, 0x82, 0xFE, 0x01, 0xF0, 0x0D, 0xFF, 0x83, 0x0F, 0xF8, 0xFF, 0x07, 0x0A, 0x00, 0x82,
    0xFE, 0x01, 0xF0, 0x0D, 0xFF, 0x83, 0x0F, 0xF8, 0xFF, 0x07, 0x0A, 0x00, 0x82, 0xFE, 0x01, 0xF0,
    0x0D, 0xFF, 0x83, 0x1F, 0xF8, 0xFF, 0x07, 0x0A, 0x00, 0x82, 0xFE, 0x01, 0xF0, 0x0D, 0xFF, 0x83,
    0x3F, 0xFE, 0xFF, 0x07, 0x0A, 0x00, 0x82, 0xFE, 0x00, 0xF8, 0x10, 0xFF, 0x80, 0x0F, 0x0A, 0x00,
    0x82, 0xFF, 0x00, 0xF8, 0x10, 0xFF, 0x80, 0x0F, 0x0A, 0x00, 0x82, 0xFF, 0x00, 0xF8, 0x10, 0xFF,
    0x80, 0x0F, 0x0A, 0x00, 0x82, 0xFF, 0x00, 0xF8, 0x02, 0xFF, 0x8E, 0x0F, 0xF0, 0xFF, 0xE0, 0x03,
    0xFE, 0x81, 0xFF, 0xC3, 0x07, 0xFC, 0x1F, 0xFE, 0xFF, 0x0F, 0x0A, 0x00, 0x82, 0xFF, 0x00, 0xF8,
    0x02, 0xFF, 0x8E, 0x03, 0xC0, 0xFF, 0xC0, 0x01, 0x7C, 0x00, 0xFE, 0x83, 0x03, 0xF8, 0x1F, 0xF8,
    0xFF, 0x0F, 0x0A, 0x00, 0x82, 0xFF, 0x00, 0xF8, 0x02, 0xFF, 0x8E, 0x00, 0x80, 0xFF, 0x40, 0x00,
    0x38, 0x00, 0xFE, 0x83, 0x00, 0xF0, 0x1F, 0xF8, 0xFF, 0x0F, 0x0A, 0x00, 0x84, 0xFF, 0x00, 0xF8,
    0xFF, 0x7F, 0x02, 0x00, 0x80, 0xFF, 0x04, 0x00, 0x87, 0xFC, 0x03, 0x00, 0xE0, 0x1F, 0xF8, 0xFF,
    0x0F, 0x0A, 0x00, 0x84, 0xFF, 0x00, 0xFC, 0xFF, 0x7F, 0x02, 0x00, 0x80, 0xFE, 0x04, 0x00, 0x87,
    0xFC, 0x03, 0x00, 0xE0, 0x1F, 0xF8, 0xFF, 0x0F, 0x0A, 0x00, 0x93, 0xFF, 0x00, 0xFC, 0xFF, 0x3F,
    0xE0, 0x03, 0xFE, 0x00, 0x1C, 0x00, 0x07, 0xF8, 0x03, 0x38, 0xC0, 0x1F, 0xF8, 0xFF, 0x1F, 0x0A,
    0x00, 0x93, 0xFF, 0x00, 0xFC, 0xFF, 0x1F, 0xF0, 0x07, 0xFC, 0x00, 0x3F, 0xC0, 0x0F, 0xF8, 0x03,
    0x7E, 0xC0, 0x1F, 0xF8, 0xFF, 0x1F, 0x0A, 0x00, 0x93, 0xFF, 0x00, 0xFC, 0xFF, 0x1F, 0xF0, 0x0F,
    0xFC, 0x80, 0x3F, 0xE0, 0x1F, 0xF8, 0x03, 0xFF, 0xC0, 0x1F, 0xF8, 0xFF, 0x1F, 0x0A, 0x00, 0x93,
    0xFF, 0x00, 0xFC, 0xFF, 0x1F, 0xF8, 0x0F, 0xFC, 0x80, 0x3F, 0xE0, 0x1F, 0xF8, 0x03, 0xFF, 0xC0,
    0x1F, 0xF8, 0xFF, 0x3F, 0x0A, 0x00, 0x93, 0xFF, 0x00, 0xFC, 0xFF, 0x1F, 0xF8, 0x1F, 0xF8, 0xC0,
    0x3F, 0xE0, 0x1F, 0xF8, 0x03, 0xFF, 0xC0, 0x1F, 0xF8, 0xFF, 0x3F, 0x0A, 0x00, 0x93, 0xFF, 0x00,
    0xFC, 0xFF, 0x0F, 0xF8, 0x1F, 0xF8, 0xC0, 0x3F, 0xE0, 0x1F, 0xF8, 0x03, 0xFF, 0xC0, 0x1F, 0xF8,
    0xFF, 0x1F, 0x0A, 0x00, 0x93, 0xFF, 0x00, 0xFC, 0xFF, 0x0F, 0xF8, 0x1F, 0xF8, 0xC0, 0x3F, 0xE0,
    0x1F, 0xF8, 0x03, 0xFF, 0xC0, 0x1F, 0xF8, 0xFF, 0x1F, 0x0A, 0x00, 0x93, 0xFF, 0x00, 0xFC, 0xFF,
    0x0F, 0xF8, 0x1F, 0xF8, 0xC0, 0x3F, 0xE0, 0x1F, 0xF8, 0x03, 0xFF, 0xC0, 0x1F, 0xF8, 0xFF, 0x1F,
    0x0A, 0x00, 0x93, 0xFF, 0x00, 0xF8, 0xFF, 0x0F, 0xF8, 0x1F, 0xF8, 0xC0, 0x3F, 0xE0, 0x1F, 0xF8,
    0x03, 0xFF, 0xC0, 0x1F, 0xF8, 0xFF, 0x1F, 0x0A, 0x00, 0x93, 0xFF, 0x00, 0xF8, 0xFF, 0x1F, 0xF8,
    0x1F, 0xF8, 0xC0, 0x3F, 0xE0, 0x1F, 0xF8, 0x03, 0xFF, 0xC0, 0x1F, 0xF8, 0xFF, 0x1F, 0x0A, 0x00,
    0x93, 0xFF, 0x00, 0xF8, 0xFF, 0x1F, 0xF8, 0x0F, 0xFC, 0xC0, 0x7F, 0xE0, 0x1F, 0xF8, 0x03, 0xFF,
    0xC0, 0x1F, 0xF8, 0xFF, 0x1F, 0x0A, 0x00, 0x93, 0xFF, 0x00, 0xF8, 0xFF, 0x1F, 0xF0, 0x0F, 0xFC,
    0xC0, 0x3F, 0xE0, 0x1F, 0xF8, 0x03, 0xFF, 0xC0, 0x1F, 0xF8, 0xFF, 0x1F, 0x0A, 0x00, 0x93, 0xFF,
    0x00, 0xF8, 0xFF, 0x3F, 0xF0, 0x07, 0xFC, 0xC0, 0x3F, 0xE0, 0x1F, 0xF8, 0x03, 0xFF, 0xC0, 0x1F,
    0xF8, 0xFF, 0x1F, 0x0A, 0x00, 0x93, 0xFF, 0x00, 0xF8, 0xFF, 0x3F, 0xE0, 0x03, 0xFE, 0xC0, 0x3F,
    0xE0, 0x1F, 0xF8, 0x03, 0xFF, 0xC0, 0x1F, 0xF8, 0xFF, 0x0F, 0x0A, 0x00, 0x84, 0xFE, 0x01, 0xF8,
    0xFF, 0x7F, 0x02, 0x00, 0x8C, 0xFE, 0xC0, 0x3F, 0xE0, 0x1F, 0xF8, 0x03, 0xFF, 0xC0, 0x1F, 0xF8,
    0xFF, 0x0F, 0x0A, 0x00, 0x84, 0xFE, 0x01, 0xF8, 0xFF, 0x7F, 0x02, 0x00, 0x8C, 0xFF, 0xC0, 0x3F,
    0xE0, 0x1F, 0xF8, 0x03, 0xFF, 0xC0, 0x1F, 0xF8, 0xFF, 0x0F, 0x0A, 0x00, 0x82, 0xFE, 0x01, 0xF8,
    0x02, 0xFF, 0x8E, 0x00, 0x80, 0xFF, 0xC0, 0x3F, 0xE0, 0x1F, 0xF8, 0x03, 0xFF, 0xC0, 0x1F, 0xF8,
    0xFF, 0x0F, 0x0A, 0x00, 0x82, 0xFE, 0x01, 0xF0, 0x02, 0xFF, 0x8E, 0x03, 0xE0, 0xFF, 0xC0, 0x7F,
    0xE0, 0x1F, 0xF8, 0x03, 0xFF, 0xC0, 0x1F, 0xF8, 0xFF, 0x0F, 0x0A, 0x00, 0x82, 0xFE, 0x01, 0xF0,
    0x02, 0xFF, 0x81, 0x0F, 0xF8, 0x0C, 0xFF, 0x80, 0x0F, 0x0A, 0x00, 0x82, 0xFC, 0x03, 0xF0, 0x10,
    0xFF, 0x80, 0x07, 0x0A, 0x00, 0x82, 0xFC, 0x03, 0xF0, 0x10, 0xFF, 0x80, 0x07, 0x0A, 0x00, 0x82,
    0xFC, 0x03, 0xE0, 0x10, 0xFF, 0x80, 0x07, 0x0A, 0x00, 0x82, 0xFC, 0x07, 0xE0, 0x10, 0xFF, 0x80,
    0x07, 0x0A, 0x00, 0x82, 0xF8, 0x07, 0xE0, 0x10, 0xFF, 0x80, 0x03, 0x0A, 0x00, 0x82, 0xF8, 0x07,
    0xE0, 0x10, 0xFF, 0x80, 0x03, 0x0A, 0x00, 0x82, 0xF8, 0x07, 0xC0, 0x10, 0xFF, 0x80, 0x03, 0x0A,
    0x00, 0x82, 0xF8, 0x0F, 0xC0, 0x10, 0xFF, 0x80, 0x03, 0x0A, 0x00, 0x82, 0xF0, 0x0F, 0xC0, 0x10,
    0xFF, 0x80, 0x01, 0x0A, 0x00, 0x82, 0xF0, 0x0F, 0x80, 0x10, 0xFF, 0x80, 0x01, 0x0A, 0x00, 0x82,
    0xF0, 0x1F, 0x80, 0x10, 0xFF, 0x0B, 0x00, 0x82, 0xE0, 0x1F, 0x00, 0x10, 0xFF, 0x0B, 0x00, 0x82,
    0xE0, 0x1F, 0x00, 0x10, 0xFF, 0x0B, 0x00, 0x83, 0xC0, 0x3F, 0x00, 0xFE, 0x02, 0xFF, 0x80, 0xDF,
    0x0B, 0xFF, 0x80, 0x7F, 0x0B, 0x00, 0x83, 0xC0, 0x3F, 0x00, 0xFE, 0x02, 0xFF, 0x81, 0x2F, 0xFD,
    0x0A, 0xFF, 0x80, 0x7F, 0x0B, 0x00, 0x83, 0xC0, 0x7F, 0x00, 0xFC, 0x02, 0xFF, 0x81, 0x47, 0xFB,
    0x0A, 0xFF, 0x80, 0x3F, 0x0B, 0x00, 0x83, 0x80, 0x7F, 0x00, 0xFC, 0x02, 0xFF, 0x81, 0x07, 0xF8,
    0x0A, 0xFF, 0x80, 0x3F, 0x0B, 0x00, 0x83, 0x80, 0xFF, 0x00, 0xF8, 0x02, 0xFF, 0x81, 0x07, 0xFA,
    0x0A, 0xFF, 0x80, 0x1F, 0x0C, 0x00, 0x82, 0xFF, 0x00, 0xF8, 0x02, 0xFF, 0x81, 0x03, 0xFC, 0x0A,
    0xFF, 0x80, 0x1F, 0x0C, 0x00, 0x82, 0xFF, 0x01, 0xF0, 0x02, 0xFF, 0x81, 0x03, 0xFC, 0x0A, 0xFF,
    0x80, 0x0F, 0x0C, 0x00, 0x82, 0xFF, 0x01, 0xE0, 0x02, 0xFF, 0x81, 0x03, 0xFE, 0x0A, 0xFF, 0x81,
    0x0F, 0x20, 0x0B, 0x00, 0x82, 0xFE, 0x03, 0xE0, 0x02, 0xFF, 0x80, 0x03, 0x0B, 0xFF, 0x81, 0x0F,
    0xF0, 0x0B, 0x00, 0x82, 0xFC, 0x07, 0xC0, 0x02, 0xFF, 0x80, 0x03, 0x0B, 0xFF, 0x82, 0x07, 0xF0,
    0x03, 0x0A, 0x00, 0x82, 0xFC, 0x07, 0x80, 0x02, 0xFF, 0x80, 0x03, 0x0B, 0xFF, 0x82, 0x03, 0xF8,
    0x0F, 0x0A, 0x00, 0x82, 0xF8, 0x0F, 0x80, 0x02, 0xFF, 0x80, 0x83, 0x0B, 0xFF, 0x82, 0x03, 0xF8,
    0x07, 0x0A, 0x00, 0x82, 0xF8, 0x1F, 0x00, 0x02, 0xFF, 0x80, 0x83, 0x0B, 0xFF, 0x82, 0x01, 0xFC,
    0x07, 0x0A, 0x00, 0x85, 0xF0, 0x1F, 0x00, 0xFE, 0xFF, 0x83, 0x0B, 0xFF, 0x82, 0x00, 0xFE, 0x07,
    0x0A, 0x00, 0x85, 0xE0, 0x3F, 0x00, 0xFC, 0xFF, 0x83, 0x0B, 0xFF, 0x82, 0x00, 0xFE, 0x03, 0x0A,
    0x00, 0x85, 0xE0, 0x7F, 0x00, 0xF8, 0xFF, 0x83, 0x0A, 0xFF, 0x83, 0x7F, 0x00, 0xFF, 0x01, 0x0A,
    0x00, 0x85, 0xC0, 0x7F, 0x00, 0xF0, 0xFF, 0x03, 0x0A, 0xFF, 0x83, 0x7F, 0x80, 0xFF, 0x01, 0x0A,
    0x00, 0x85, 0x80, 0xFF, 0x00, 0xE0, 0xFF, 0x03, 0x0A, 0xFF, 0x82, 0x3F, 0xC0, 0xFF, 0x0B, 0x00,
    0x85, 0x80, 0xFF, 0x01, 0xC0, 0xFF, 0x03, 0x0A, 0xFF, 0x82, 0x1F, 0xC0, 0x7F, 0x0C, 0x00, 0x84,
    0xFF, 0x03, 0x80, 0xFF, 0x03, 0x0A, 0xFF, 0x82, 0x0F, 0xE0, 0x7F, 0x0C, 0x00, 0x84, 0xFE, 0x07,
    0x00, 0xFF, 0x07, 0x0A, 0xFF, 0x82, 0x07, 0xF0, 0x3F, 0x0C, 0x00, 0x85, 0xFE, 0x0F, 0x00, 0xFE,
    0x07, 0xFE, 0x09, 0xFF, 0x82, 0x07, 0xF8, 0x1F, 0x0C, 0x00, 0x85, 0xFC, 0x1F, 0x00, 0xFC, 0x0F,
    0xFE, 0x09, 0xFF, 0x82, 0x03, 0xFC, 0x0F, 0x0C, 0x00, 0x85, 0xF8, 0x3F, 0x00, 0xF0, 0x0F, 0xFE,
    0x09, 0xFF, 0x82, 0x01, 0xFE, 0x0F, 0x0C, 0x00, 0x85, 0xF0, 0x3F, 0x00, 0xE0, 0x0F, 0xFC, 0x09,
    0xFF, 0x82, 0x00, 0xFF, 0x07, 0x0C, 0x00, 0x85, 0xE0, 0x7F, 0x00, 0xC0, 0x1F, 0xFC, 0x08, 0xFF,
    0x83, 0x7F, 0x80, 0xFF, 0x03, 0x0C, 0x00, 0x81, 0xC0, 0xFF, 0x02, 0x00, 0x81, 0x3F, 0xF8, 0x08,
    0xFF, 0x83, 0x3F, 0xC0, 0xFF, 0x01, 0x0C, 0x00, 0x85, 0x80, 0xFF, 0x01, 0x00, 0x3E, 0xF8, 0x08,
    0xFF, 0x82, 0x0F, 0xE0, 0xFF, 0x0E, 0x00, 0x84, 0xFF, 0x07, 0x00, 0x38, 0xF0, 0x08, 0xFF, 0x82,
    0x07, 0xF0, 0x7F, 0x0E, 0x00, 0x84, 0xFF, 0x0F, 0x00, 0xE0, 0xF0, 0x08, 0xFF, 0x82, 0x03, 0xF8,
    0x3F, 0x0E, 0x00, 0x84, 0xFC, 0x1F, 0x00, 0x80, 0xE1, 0x08, 0xFF, 0x82, 0x01, 0xFC, 0x1F, 0x0E,
    0x00, 0x81, 0xF8, 0x3F, 0x02, 0x00, 0x80, 0xC6, 0x07, 0xFF, 0x83, 0x7F, 0x00, 0xFF, 0x0F, 0x0E,
    0x00, 0x81, 0xF0, 0xFF, 0x02, 0x00, 0x81, 0x1C, 0xFE, 0x06, 0xFF, 0x83, 0x3F, 0x80, 0xFF, 0x07,
    0x0E, 0x00, 0x84, 0xE0, 0xFF, 0x01, 0x00, 0xE0, 0x07, 0xFF, 0x83, 0x0F, 0xE0, 0xFF, 0x03, 0x0E,
    0x00, 0x82, 0xC0, 0xFF, 0x07, 0x02, 0x00, 0x07, 0xFF, 0x83, 0x03, 0xF0, 0xFF, 0x01, 0x0E, 0x00,
    0x82, 0x80, 0xFF, 0x0F, 0x02, 0x00, 0x80, 0xF8, 0x06, 0xFF, 0x82, 0x01, 0xFC, 0xFF, 0x10, 0x00,
    0x81, 0xFF, 0x3F, 0x02, 0x00, 0x80, 0xE0, 0x04, 0xFF, 0x84, 0xE1, 0x7F, 0x00, 0xFE, 0x3F, 0x10,
    0x00, 0x81, 0xFC, 0xFF, 0x03, 0x00, 0x03, 0xFF, 0x85, 0x3F, 0xE0, 0x1F, 0x80, 0xFF, 0x1F, 0x10,
    0x00, 0x82, 0xF8, 0xFF, 0x03, 0x02, 0x00, 0x80, 0xD0, 0x02, 0xFF, 0x85, 0x07, 0xE0, 0x03, 0xE0,
    0xFF, 0x0F, 0x10, 0x00, 0x82, 0xF0, 0xFF, 0x0F, 0x03, 0x00, 0x87, 0xB4, 0x09, 0x00, 0xE0, 0x00,
    0xF8, 0xFF, 0x03, 0x10, 0x00, 0x82, 0xC0, 0xFF, 0x3F, 0x08, 0x00, 0x82, 0xFE, 0xFF, 0x01, 0x10,
    0x00, 0x80, 0x80, 0x02, 0xFF, 0x07, 0x00, 0x82, 0xC0, 0xFF, 0x7F, 0x12, 0x00, 0x82, 0xFE, 0xFF,
    0x07, 0x06, 0x00, 0x82, 0xF8, 0xFF, 0x3F, 0x12, 0x00, 0x82, 0xF8, 0xFF, 0x3F, 0x05, 0x00, 0x80,
    0x80, 0x02, 0xFF, 0x80, 0x0F, 0x12, 0x00, 0x80, 0xF0, 0x02, 0xFF, 0x80, 0x03, 0x04, 0x00, 0x80,
    0xE0, 0x02, 0xFF, 0x80, 0x03, 0x12, 0x00, 0x80, 0x80, 0x03, 0xFF, 0x04, 0x00, 0x03, 0xFF, 0x14,
    0x00, 0x80, 0xFE, 0x03, 0xFF, 0x81, 0x01, 0x00, 0x03, 0xFF, 0x80, 0x3F, 0x14, 0x00, 0x80, 0xF8,
    0x08, 0xFF, 0x80, 0x0F, 0x14, 0x00, 0x80, 0xE0, 0x08, 0xFF, 0x80, 0x03, 0x14, 0x00, 0x80, 0x80,
    0x08, 0xFF, 0x16, 0x00, 0x80, 0xFC, 0x06, 0xFF, 0x80, 0x0F, 0x16, 0x00, 0x80, 0xC0, 0x06, 0xFF,
    0x80, 0x03, 0x17, 0x00, 0x80, 0xFC, 0x04, 0xFF, 0x80, 0x3F, 0x19, 0x00, 0x04, 0xFF, 0x80, 0x03,
    0x1A, 0x00, 0x82, 0xFE, 0xFF, 0x0F, 0x7F, 0x00, 0x7F, 0x00, 0x7F, 0x00, 0x7F, 0x00, 0x7F, 0x00,
    0x7F, 0x00, 0x7F, 0x00, 0x7F, 0x00, 0x7F, 0x00, 0x09, 0x00, 0x02, 0xFD, 0x06, 0x00, 0x00, 0x00,
    0x00, 0x01, 0xFF, 0x64, 0x00, 0x05, 0xFA, 0xEF, 0x0B, 0x00, 0x0F, 0x00, 0x80, 0xFC, 0x0E, 0xFF,
    0x0F, 0x00, 0x80, 0xFC, 0x0E, 0xFF, 0x0F, 0x00, 0x80, 0xFC, 0x0E, 0xFF, 0x0F, 0x00, 0x80, 0xFC,
    0x0E, 0xFF, 0x0F, 0x00, 0x80, 0xFC, 0x0E, 0xFF, 0x0F, 0x00, 0x80, 0xFC, 0x0E, 0xFF, 0x0F, 0x00,
    0x80, 0xFC, 0x0E, 0xFF, 0x0F, 0x00, 0x80, 0xF8, 0x0E, 0xFF, 0x10, 0x00, 0x80, 0xFE, 0x0D, 0xFF,
    0x10, 0x00, 0x80, 0x80, 0x0D, 0xFF, 0x11, 0x00, 0x80, 0xE0, 0x0C, 0xFF, 0x12, 0x00, 0x80, 0xFE,
    0x0B, 0xFF, 0x12, 0x00, 0x80, 0xC0, 0x0B, 0xFF, 0x13, 0x00, 0x80, 0xFE, 0x0A, 0xFF, 0x13, 0x00,
    0x80, 0xE0, 0x0A, 0xFF, 0x14, 0x00, 0x0A, 0xFF, 0x14, 0x00, 0x80, 0xF8, 0x09, 0xFF, 0x14, 0x00,
    0x80, 0xC0, 0x09, 0xFF, 0x15, 0x00, 0x80, 0xFE, 0x08, 0xFF, 0x15, 0x00, 0x80, 0xF8, 0x08, 0xFF,
    0x15, 0x00, 0x80, 0xE0, 0x08, 0xFF, 0x15, 0x00, 0x80, 0x80, 0x08, 0xFF, 0x16, 0x00, 0x80, 0xFC,
    0x07, 0xFF, 0x16, 0x00, 0x80, 0xF0, 0x07, 0xFF, 0x16, 0x00, 0x80, 0xC0, 0x07, 0xFF, 0x17, 0x00,
    0x07, 0xFF, 0x17, 0x00, 0x80, 0xFE, 0x06, 0xFF, 0x17, 0x00, 0x80, 0xF8, 0x06, 0xFF, 0x17, 0x00,
    0x80, 0xE0, 0x06, 0xFF, 0x17, 0x00, 0x80, 0xC0, 0x06, 0xFF, 0x18, 0x00, 0x06, 0xFF, 0x18, 0x00,
    0x80, 0xFE, 0x05, 0xFF, 0x18, 0x00, 0x80, 0xF8, 0x05, 0xFF, 0x18, 0x00, 0x80, 0xF0, 0x05, 0xFF,
    0x18, 0x00, 0x80, 0xC0, 0x05, 0xFF, 0x18, 0x00, 0x80, 0x80, 0x05, 0xFF, 0x19, 0x00, 0x05, 0xFF,
    0x0E, 0x00, 0x81, 0xFC, 0x03, 0x09, 0x00, 0x80, 0xFE, 0x04, 0xFF, 0x0D, 0x00, 0x82, 0xF8, 0xFF,
    0x03, 0x09, 0x00, 0x80, 0xFC, 0x04, 0xFF, 0x0C, 0x00, 0x80, 0x80, 0x02, 0xFF, 0x80, 0x03, 0x09,
    0x00, 0x80, 0xF0, 0x04, 0xFF, 0x0C, 0x00, 0x80, 0xF0, 0x02, 0xFF, 0x80, 0x03, 0x09, 0x00, 0x80,
    0xE0, 0x04, 0xFF, 0x0C, 0x00, 0x80, 0xFC, 0x02, 0xFF, 0x80, 0x03, 0x09, 0x00, 0x80, 0x80, 0x04,
    0xFF, 0x0C, 0x00, 0x80, 0xF8, 0x02, 0xFF, 0x80, 0x03, 0x0A, 0x00, 0x04, 0xFF, 0x0C, 0x00, 0x80,
    0xF8, 0x02, 0xFF, 0x80, 0x03, 0x0A, 0x00, 0x80, 0xFE, 0x03, 0xFF, 0x0C, 0x00, 0x82, 0xF0, 0xFF,
    0x01, 0x0B, 0x00, 0x80, 0xF8, 0x03, 0xFF, 0x0C, 0x00, 0x81, 0xE0, 0x1F, 0x0C, 0x00, 0x80, 0xF0,
    0x03, 0xFF, 0x0C, 0x00, 0x81, 0xC0, 0x01, 0x0C, 0x00, 0x80, 0xE0, 0x03, 0xFF, 0x1A, 0x00, 0x80,
    0x80, 0x03, 0xFF, 0x1B, 0x00, 0x03, 0xFF, 0x1B, 0x00, 0x80, 0xFC, 0x02, 0xFF, 0x1B, 0x00, 0x80,
    0xF8, 0x02, 0xFF, 0x11, 0x00, 0x80, 0x14, 0x09, 0x00, 0x80, 0xF0, 0x02, 0xFF, 0x0F, 0x00, 0x83,
    0x7E, 0x00, 0x04, 0x01, 0x08, 0x00, 0x80, 0xC0, 0x02, 0xFF, 0x0E, 0x00, 0x02, 0xFF, 0x81, 0x7F,
    0x34, 0x09, 0x00, 0x80, 0x80, 0x02, 0xFF, 0x0D, 0x00, 0x80, 0xF0, 0x04, 0xFF, 0x80, 0x05, 0x09,
    0x00, 0x81, 0xFE, 0xFF, 0x0D, 0x00, 0x80, 0xFE, 0x04, 0xFF, 0x80, 0x07, 0x09, 0x00, 0x81, 0xFC,
    0xFF, 0x0C, 0x00, 0x80, 0xC0, 0x05, 0xFF, 0x80, 0x0F, 0x09, 0x00, 0x81, 0xF0, 0xFF, 0x0C, 0x00,
    0x80, 0xF8, 0x05, 0xFF, 0x80, 0x0F, 0x09, 0x00, 0x81, 0xE0, 0xFF, 0x0C, 0x00, 0x80, 0xFE, 0x05,
    0xFF, 0x80, 0x0F, 0x09, 0x00, 0x81, 0x80, 0xFF, 0x0B, 0x00, 0x80, 0x80, 0x06, 0xFF, 0x80, 0x0A,
    0x0A, 0x00, 0x80, 0xFF, 0x0B, 0x00, 0x80, 0xE0, 0x05, 0xFF, 0x81, 0x0F, 0x80, 0x0A, 0x00, 0x80,
    0xFC, 0x0B, 0x00, 0x80, 0xF8, 0x06, 0xFF, 0x81, 0x81, 0x07, 0x09, 0x00, 0x80, 0xFC, 0x0B, 0x00,
    0x80, 0xFC, 0x07, 0xFF, 0x80, 0x1F, 0x09, 0x00, 0x80, 0xF8, 0x0B, 0x00, 0x08, 0xFF, 0x80, 0x3F,
    0x09, 0x00, 0x80, 0xF8, 0x0A, 0x00, 0x80, 0x80, 0x08, 0xFF, 0x80, 0x7F, 0x09, 0x00, 0x80, 0xF8,
    0x0A, 0x00, 0x80, 0xC0, 0x09, 0xFF, 0x80, 0x01, 0x08, 0x00, 0x80, 0xF8, 0x0A, 0x00, 0x80, 0xF0,
    0x09, 0xFF, 0x80, 0x03, 0x08, 0x00, 0x80, 0xF8, 0x0A, 0x00, 0x80, 0xF8, 0x09, 0xFF, 0x80, 0x07,
    0x08, 0x00, 0x80, 0xF8, 0x0A, 0x00, 0x80, 0xFC, 0x09, 0xFF, 0x80, 0x0F, 0x08, 0x00, 0x80, 0xF8,
    0x0A, 0x00, 0x80, 0xFE, 0x09, 0xFF, 0x80, 0x1F, 0x08, 0x00, 0x80, 0xF0, 0x09, 0x00, 0x80, 0x01,
    0x0A, 0xFF, 0x80, 0x7F, 0x08, 0x00, 0x80, 0xF0, 0x09, 0x00, 0x80, 0x86, 0x0A, 0xFF, 0x80, 0x7F,
    0x08, 0x00, 0x80, 0xF0, 0x08, 0x00, 0x81, 0x40, 0xE5, 0x0B, 0xFF, 0x08, 0x00, 0x80, 0xE0, 0x08,
    0x00, 0x81, 0x80, 0xF6, 0x0B, 0xFF, 0x80, 0x03, 0x07, 0x00, 0x80, 0xF0, 0x09, 0x00, 0x80, 0xF9,
    0x0B, 0xFF, 0x80, 0x07, 0x07, 0x00, 0x80, 0xF0, 0x08, 0x00, 0x81, 0x10, 0xFE, 0x0B, 0xFF, 0x80,
    0x07, 0x07, 0x00, 0x80, 0xF0, 0x08, 0x00, 0x83, 0x20, 0xFC, 0x03, 0xF0, 0x09, 0xFF, 0x80, 0x0F,
    0x07, 0x00, 0x80, 0xF0, 0x09, 0x00, 0x82, 0x7E, 0x00, 0x80, 0x09, 0xFF, 0x80, 0x1F, 0x07, 0x00,
    0x80, 0xF0, 0x08, 0x00, 0x81, 0x20, 0x3F, 0x02, 0x00, 0x09, 0xFF, 0x80, 0x3F, 0x07, 0x00, 0x80,
    0xE0, 0x07, 0x00, 0x82, 0x02, 0x94, 0x0F, 0x02, 0x00, 0x80, 0xFC, 0x08, 0xFF, 0x80, 0x7F, 0x07,
    0x00, 0x80, 0xE0, 0x07, 0x00, 0x82, 0x03, 0x44, 0x03, 0x02, 0x00, 0x80, 0xF8, 0x09, 0xFF, 0x07,
    0x00, 0x80, 0xE0, 0x07, 0x00, 0x82, 0x01, 0xC0, 0x01, 0x02, 0x00, 0x80, 0xF0, 0x09, 0xFF, 0x07,
    0x00, 0x80, 0xE0, 0x07, 0x00, 0x85, 0x80, 0xCA, 0x00, 0xFC, 0x07, 0xE0, 0x09, 0xFF, 0x80, 0x01,
    0x06, 0x00, 0x80, 0xE0, 0x07, 0x00, 0x85, 0x80, 0xD0, 0x80, 0xFF, 0x7F, 0xC0, 0x09, 0xFF, 0x80,
    0x03, 0x06, 0x00, 0x80, 0xE0, 0x08, 0x00, 0x81, 0x62, 0xC0, 0x02, 0xFF, 0x80, 0x80, 0x09, 0xFF,
    0x80, 0x07, 0x06, 0x00, 0x80, 0xE0, 0x07, 0x00, 0x82, 0x20, 0x14, 0xF0, 0x02, 0xFF, 0x80, 0x81,
    0x0A, 0xFF, 0x06, 0x00, 0x80, 0xC0, 0x08, 0x00, 0x81, 0x01, 0xF8, 0x02, 0xFF, 0x80, 0x03, 0x0A,
    0xFF, 0x80, 0x01, 0x05, 0x00, 0x80, 0xC0, 0x07, 0x00, 0x82, 0x20, 0x01, 0xFE, 0x02, 0xFF, 0x80,
    0x0F, 0x0A, 0xFF, 0x80, 0x03, 0x05, 0x00, 0x80, 0xC0, 0x07, 0x00, 0x82, 0x40, 0x04, 0xFE, 0x02,
    0xFF, 0x81, 0x1F, 0xFE, 0x09, 0xFF, 0x80, 0x07, 0x05, 0x00, 0x80, 0xC0, 0x07, 0x00, 0x81, 0xA0,
    0x81, 0x03, 0xFF, 0x81, 0x9F, 0xFC, 0x08, 0xFF, 0x81, 0x7F, 0x0F, 0x05, 0x00, 0x80, 0xC0, 0x07,
    0x00, 0x81, 0x50, 0xC1, 0x03, 0xFF, 0x81, 0xBF, 0xF0, 0x09, 0xFF, 0x80, 0x1F, 0x05, 0x00, 0x80,
    0xC0, 0x08, 0x00, 0x80, 0xE2, 0x03, 0xFF, 0x81, 0x7F, 0xF5, 0x09, 0xFF, 0x80, 0x3F, 0x05, 0x00,
    0x80, 0xC0, 0x08, 0x00, 0x80, 0xE1, 0x03, 0xFF, 0x81, 0x7F, 0xFB, 0x09, 0xFF, 0x80, 0x3D, 0x05,
    0x00, 0x80, 0xC0, 0x08, 0x00, 0x80, 0xF0, 0x03, 0xFF, 0x80, 0xBF, 0x0A, 0xFF, 0x80, 0x7D, 0x05,
    0x00, 0x80, 0xC0, 0x08, 0x00, 0x80, 0xF8, 0x0E, 0xFF, 0x80, 0x7F, 0x05, 0x00, 0x80, 0xC0, 0x08,
    0x00, 0x80, 0xF8, 0x0E, 0xFF, 0x80, 0xF7, 0x05, 0x00, 0x80, 0x80, 0x08, 0x00, 0x80, 0xFC, 0x0F,
    0xFF, 0x05, 0x00, 0x80, 0x80, 0x08, 0x00, 0x80, 0xFC, 0x0E, 0xFF, 0x80, 0x6F, 0x05, 0x00, 0x80,
    0x80, 0x06, 0x00, 0x82, 0x18, 0x00, 0xFE, 0x0E, 0xFF, 0x81, 0xDF, 0x01, 0x04, 0x00, 0x80, 0x80,
    0x06, 0x00, 0x82, 0x08, 0x00, 0xFE, 0x0E, 0xFF, 0x81, 0xB7, 0x01, 0x04, 0x00, 0x80, 0x80, 0x06,
    0x00, 0x81, 0x08, 0x00, 0x0F, 0xFF, 0x80, 0xBF, 0x05, 0x00, 0x80, 0x80, 0x06, 0x00, 0x81, 0x0C,
    0x00, 0x0D, 0xFF, 0x83, 0x8F, 0xFF, 0xEF, 0x03, 0x04, 0x00, 0x80, 0x80, 0x06, 0x00, 0x81, 0x0C,
    0x80, 0x0D, 0xFF, 0x83, 0x07, 0xFE, 0x7F, 0x01, 0x04, 0x00, 0x80, 0x80, 0x05, 0x00, 0x82, 0xF0,
    0x0F, 0x80, 0x0D, 0xFF, 0x83, 0x03, 0xFE, 0x5F, 0x03, 0x04, 0x00, 0x80, 0x80, 0x05, 0x00, 0x82,
    0xF0, 0x07, 0x80, 0x0D, 0xFF, 0x83, 0x03, 0xFE, 0xAF, 0x03, 0x04, 0x00, 0x80, 0x80, 0x05, 0x00,
    0x82, 0xF0, 0x07, 0xC0, 0x0D, 0xFF, 0x83, 0x03, 0xFE, 0x9F, 0x07, 0x04, 0x00, 0x80, 0x80, 0x05,
    0x00, 0x82, 0xF0, 0x07, 0xC0, 0x0D, 0xFF, 0x80, 0x07, 0x02, 0xFF, 0x80, 0x07, 0x04, 0x00, 0x80,
    0x80, 0x05, 0x00, 0x82, 0xF0, 0x07, 0xC0, 0x0F, 0xFF, 0x81, 0xDF, 0x07, 0x04, 0x00, 0x80, 0x80,
    0x05, 0x00, 0x82, 0xF0, 0x07, 0xC0, 0x0F, 0xFF, 0x81, 0x9F, 0x07, 0x04, 0x00, 0x80, 0x80, 0x05,
    0x00, 0x82, 0xF0, 0x07, 0xC0, 0x0F, 0xFF, 0x81, 0x9F, 0x05, 0x04, 0x00, 0x80, 0xC0, 0x05, 0x00,
    0x82, 0xF8, 0x03, 0xE0, 0x02, 0xFF, 0x81, 0x7F, 0xFC, 0x02, 0xFF, 0x82, 0x07, 0xFF, 0xC1, 0x02,
    0xFF, 0x80, 0x07, 0x04, 0xFF, 0x80, 0x0F, 0x04, 0x00, 0x80, 0xC0, 0x05, 0x00, 0x82, 0xF8, 0x03,
    0xE0, 0x02, 0xFF, 0x8E, 0x0F, 0xC0, 0xFF, 0xC1, 0x01, 0x7C, 0x00, 0xFF, 0xC1, 0x01, 0xFC, 0x07,
    0xFE, 0x5F, 0x07, 0x04, 0x00, 0x80, 0xC0, 0x05, 0x00, 0x82, 0xF8, 0x03, 0xE0, 0x02, 0xFF, 0x8E,
    0x03, 0x80, 0xFF, 0xC1, 0x00, 0x38, 0x00, 0xFE, 0x41, 0x00, 0xF8, 0x07, 0xFE, 0x5F, 0x0F, 0x04,
    0x00, 0x80, 0xC0, 0x05, 0x00, 0x82, 0xF8, 0x03, 0xE0, 0x02, 0xFF, 0x8E, 0x01, 0x00, 0xFF, 0x01,
    0x00, 0x10, 0x00, 0xFE, 0x01, 0x00, 0xF0, 0x07, 0xFE, 0xDF, 0x07, 0x04, 0x00, 0x80, 0xC0, 0x05,
    0x00, 0x82, 0xF8, 0x03, 0xE0, 0x02, 0xFF, 0x02, 0x00, 0x81, 0xFE, 0x01, 0x03, 0x00, 0x87, 0xFC,
    0x01, 0x00, 0xE0, 0x07, 0xFE, 0xDF, 0x0F, 0x04, 0x00, 0x80, 0xC0, 0x05, 0x00, 0x82, 0xF8, 0x03,
    0xE0, 0x02, 0xFF, 0x8E, 0x80, 0x07, 0xFC, 0x01, 0x0C, 0x00, 0x03, 0xFC, 0x01, 0x04, 0xC0, 0x07,
    0xFE, 0xFF, 0x1E, 0x04, 0x00, 0x80, 0xC0, 0x05, 0x00, 0x93, 0xF8, 0x03, 0xE0, 0xFF, 0x7F, 0xC0,
    0x0F, 0xFC, 0x01, 0x3E, 0xC0, 0x0F, 0xFC, 0x01, 0x3F, 0xD0, 0x07, 0xFE, 0xBF, 0x0D, 0x04, 0x00,
    0x80, 0xC0, 0x05, 0x00, 0x93, 0xF8, 0x03, 0xE0, 0xFF, 0x7F, 0xE0, 0x1F, 0xF8, 0x81, 0x3F, 0xE0,
    0x0F, 0xFC, 0x81, 0x3F, 0xB0, 0x07, 0xFE, 0xBF, 0x07, 0x04, 0x00, 0x80, 0xC0, 0x05, 0x00, 0x93,
    0xF8, 0x03, 0xE0, 0xFF, 0x3F, 0xF0, 0x1F, 0xF8, 0x81, 0x3F, 0xE0, 0x0F, 0xFC, 0x81, 0x3F, 0xB0,
    0x07, 0xFE, 0xBF, 0x0F, 0x04, 0x00, 0x80, 0xC0, 0x05, 0x00, 0x93, 0xF8, 0x03, 0xE0, 0xFF, 0x3F,
    0xF0, 0x1F, 0xF8, 0x81, 0x3F, 0xE0, 0x0F, 0xFC, 0xC1, 0x3F, 0x30, 0x07, 0xFE, 0x7F, 0xDF, 0x04,
    0x00, 0x80, 0xC0, 0x05, 0x00, 0x93, 0xF8, 0x03, 0xE0, 0xFF, 0x3F, 0xF0, 0x1F, 0xF8, 0x81, 0x3F,
    0xF0, 0x0F, 0xFC, 0x81, 0x7F, 0xB0, 0x07, 0xFE, 0xFF, 0xC2, 0x04, 0x00, 0x80, 0xC0, 0x05, 0x00,
    0x93, 0xF8, 0x03, 0xE0, 0xFF, 0x3F, 0xF0, 0x1F, 0xF0, 0x81, 0x3F, 0xE0, 0x0F, 0xFC, 0xC1, 0x7F,
    0xF0, 0x07, 0xFE, 0x7F, 0xC0, 0x04, 0x00, 0x80, 0xC0, 0x05, 0x00, 0x93, 0xF8, 0x03, 0xE0, 0xFF,
    0x3F, 0xF0, 0x1F, 0xF0, 0x81, 0x3F, 0xF0, 0x0F, 0xFC, 0x81, 0x7F, 0xF0, 0x07, 0xFE, 0x7F, 0xC0,
    0x04, 0x00, 0x80, 0xC0, 0x05, 0x00, 0x93, 0xF8, 0x03, 0xE0, 0xFF, 0x3F, 0xF0, 0x1F, 0xF8, 0x81,
    0x3F, 0xE0, 0x0F, 0xFC, 0xC1, 0x7F, 0xF0, 0x07, 0xFE, 0x7F, 0xC0, 0x04, 0x00, 0x80, 0xE0, 0x05,
    0x00, 0x93, 0xF8, 0x03, 0xE0, 0xFF, 0x3F, 0xF0, 0x1F, 0xF8, 0x81, 0x3F, 0xE0, 0x0F, 0xFC, 0x81,
    0x7F, 0xF0, 0x07, 0xFE, 0x7F, 0xC0, 0x04, 0x00, 0x80, 0xE0, 0x05, 0x00, 0x93, 0xF8, 0x03, 0xE0,
    0xFF, 0x3F, 0xF0, 0x1F, 0xF8, 0x81, 0x7F, 0xE0, 0x0F, 0xFC, 0xC1, 0x7F, 0xF0, 0x07, 0xFE, 0x7F,
    0x40, 0x04, 0x00, 0x80, 0xE0, 0x05, 0x00, 0x92, 0xF8, 0x03, 0xE0, 0xFF, 0x3F, 0xE0, 0x1F, 0xF8,
    0x81, 0x3F, 0xE0, 0x0F, 0xFC, 0xC1, 0x7F, 0xF0, 0x07, 0xFE, 0x7F, 0x05, 0x00, 0x80, 0xE0, 0x05,
    0x00, 0x92, 0xF8, 0x03, 0xE0, 0xFF, 0x7F, 0xC0, 0x0F, 0xFC, 0x81, 0x3F, 0xE0, 0x0F, 0xFC, 0x81,
    0x3F, 0xF0, 0x07, 0xFE, 0x3F, 0x05, 0x00, 0x80, 0xE0, 0x05, 0x00, 0x92, 0xF0, 0x07, 0xE0, 0xFF,
    0x7F, 0x80, 0x03, 0xFC, 0x81, 0x7F, 0xE0, 0x0F, 0xFC, 0xC1, 0x7F, 0xF0, 0x07, 0xFE, 0x3F, 0x05,
    0x00, 0x80, 0xF0, 0x05, 0x00, 0x82, 0xF0, 0x07, 0xE0, 0x02, 0xFF, 0x02, 0x00, 0x8B, 0xFE, 0x81,
    0x3F, 0xE0, 0x0F, 0xFC, 0x81, 0x7F, 0xF0, 0x07, 0xFE, 0x3F, 0x05, 0x00, 0x80, 0xF0, 0x05, 0x00,
    0x82, 0xF0, 0x07, 0xE0, 0x02, 0xFF, 0x8D, 0x01, 0x00, 0xFF, 0x81, 0x7F, 0xE0, 0x0F, 0xFC, 0xC1,
    0x3F, 0xF0, 0x07, 0xFE, 0x3F, 0x05, 0x00, 0x80, 0xF0, 0x05, 0x00, 0x82, 0xF0, 0x07, 0xC0, 0x02,
    0xFF, 0x8D, 0x03, 0x80, 0xFF, 0x81, 0x3F, 0xE0, 0x0F, 0xFC, 0x81, 0x3F, 0xF0, 0x07, 0xFE, 0x3F,
    0x05, 0x00, 0x80, 0xF0, 0x05, 0x00, 0x82, 0xF0, 0x07, 0xC0, 0x02, 0xFF, 0x8D, 0x0F, 0xC0, 0xFF,
    0x81, 0x7F, 0xF0, 0x1F, 0xFC, 0xC1, 0x7F, 0xF0, 0x07, 0xFF, 0x3F, 0x05, 0x00, 0x80, 0xF0, 0x05,
    0x00, 0x82, 0xF0, 0x0F, 0xC0, 0x02, 0xFF, 0x81, 0x7F, 0xFC, 0x0B, 0xFF, 0x80, 0x1F, 0x05, 0x00,
    0x80, 0xF8, 0x05, 0x00, 0x82, 0xF0, 0x0F, 0xC0, 0x0F, 0xFF, 0x80, 0x1F, 0x05, 0x00, 0x80, 0xF8,
    0x05, 0x00, 0x82, 0xE0, 0x0F, 0xC0, 0x0F, 0xFF, 0x80, 0x1F, 0x05, 0x00, 0x80, 0xF8, 0x05, 0x00,
    0x82, 0xE0, 0x0F, 0x80, 0x0F, 0xFF, 0x80, 0x1F, 0x05, 0x00, 0x80, 0xFC, 0x05, 0x00, 0x82, 0xE0,
    0x0F, 0x80, 0x0F, 0xFF, 0x80, 0x0F, 0x05, 0x00, 0x80, 0xFC, 0x05, 0x00, 0x82, 0xE0, 0x1F, 0x80,
    0x0F, 0xFF, 0x80, 0x0F, 0x05, 0x00, 0x80, 0xFC, 0x05, 0x00, 0x82, 0xC0, 0x1F, 0x00, 0x0F, 0xFF,
    0x80, 0x0F, 0x05, 0x00, 0x80, 0xFC, 0x05, 0x00, 0x82, 0xC0, 0x3F, 0x00, 0x0F, 0xFF, 0x80, 0x07,
    0x05, 0x00, 0x80, 0xFE, 0x05, 0x00, 0x82, 0xC0, 0x3F, 0x00, 0x0F, 0xFF, 0x80, 0x07, 0x05, 0x00,
    0x80, 0xFE, 0x05, 0x00, 0x83, 0x80, 0x3F, 0x00, 0xFE, 0x0E, 0xFF, 0x80, 0x07, 0x05, 0x00, 0x80,
    0xFE, 0x05, 0x00, 0x83, 0x80, 0x3F, 0x00, 0xFE, 0x0E, 0xFF, 0x80, 0x03, 0x05, 0x00, 0x80, 0xFF,
    0x06, 0x00, 0x82, 0x0F, 0x00, 0xFC, 0x0E, 0xFF, 0x80, 0x03, 0x05, 0x00, 0x80, 0xFF, 0x06, 0x00,
    0x82, 0x83, 0x00, 0xFC, 0x0E, 0xFF, 0x80, 0x03, 0x05, 0x00, 0x80, 0xFF, 0x06, 0x00, 0x82, 0xE0,
    0x00, 0xFC, 0x0E, 0xFF, 0x80, 0x01, 0x04, 0x00, 0x81, 0x80, 0xFF, 0x06, 0x00, 0x82, 0xFC, 0x00,
    0xF8, 0x0E, 0xFF, 0x80, 0x01, 0x04, 0x00, 0x81, 0x80, 0xFF, 0x06, 0x00, 0x82, 0xFE, 0x01, 0xF0,
    0x0E, 0xFF, 0x05, 0x00, 0x81, 0xC0, 0xFF, 0x06, 0x00, 0x82, 0xFE, 0x01, 0xF0, 0x0E, 0xFF, 0x05,
    0x00, 0x81, 0xC0, 0xFF, 0x06, 0x00, 0x82, 0xFC, 0x01, 0xE0, 0x0D, 0xFF, 0x80, 0x7F, 0x05, 0x00,
    0x81, 0xC0, 0xFF, 0x06, 0x00, 0x82, 0xFC, 0x03, 0xE0, 0x0D, 0xFF, 0x80, 0x7F, 0x05, 0x00, 0x81,
    0xE0, 0xFF, 0x06, 0x00, 0x82, 0xF8, 0x03, 0xC0, 0x0D, 0xFF, 0x80, 0x7F, 0x05, 0x00, 0x81, 0xE0,
    0xFF, 0x06, 0x00, 0x82, 0xF8, 0x07, 0xC0, 0x0D, 0xFF, 0x80, 0x7F, 0x05, 0x00, 0x81, 0xE0, 0xFF,
    0x06, 0x00, 0x82, 0xF0, 0x0F, 0x80, 0x0C, 0xFF, 0x81, 0xED, 0x3F, 0x05, 0x00, 0x81, 0xF0, 0xFF,
    0x06, 0x00, 0x82, 0xF0, 0x0F, 0x80, 0x0C, 0xFF, 0x81, 0xE2, 0x3F, 0x05, 0x00, 0x81, 0xF0, 0xFF,
    0x06, 0x00, 0x82, 0xE0, 0x1F, 0x00, 0x0C, 0xFF, 0x81, 0xA0, 0x3F, 0x05, 0x00, 0x81, 0xF0, 0xFF,
    0x06, 0x00, 0x83, 0xE0, 0x3F, 0x00, 0xFE, 0x0A, 0xFF, 0x82, 0x7F, 0xE2, 0x1F, 0x05, 0x00, 0x81,
    0xF8, 0xFF, 0x06, 0x00, 0x83, 0xC0, 0x3F, 0x00, 0xFC, 0x0A, 0xFF, 0x82, 0x7F, 0xA0, 0x1F, 0x05,
    0x00, 0x81, 0xF8, 0xFF, 0x06, 0x00, 0x83, 0xC0, 0x7F, 0x00, 0xFC, 0x0A, 0xFF, 0x82, 0x7F, 0xC0,
    0x07, 0x05, 0x00, 0x81, 0xFC, 0xFF, 0x06, 0x00, 0x83, 0x80, 0xFF, 0x00, 0xF8, 0x0A, 0xFF, 0x82,
    0x3F, 0xF0, 0x0F, 0x05, 0x00, 0x81, 0xFC, 0xFF, 0x07, 0x00, 0x82, 0xFF, 0x00, 0xF0, 0x0A, 0xFF,
    0x82, 0x1F, 0xC0, 0x07, 0x05, 0x00, 0x81, 0xFC, 0xFF, 0x07, 0x00, 0x82, 0xFE, 0x00, 0xE0, 0x0A,
    0xFF, 0x82, 0x1F, 0xF4, 0x05, 0x05, 0x00, 0x81, 0xFE, 0xFF, 0x07, 0x00, 0x82, 0xFE, 0x01, 0xC0,
    0x0A, 0xFF, 0x82, 0x0F, 0xF8, 0x01, 0x05, 0x00, 0x81, 0xFE, 0xFF, 0x07, 0x00, 0x82, 0x3C, 0x00,
    0x80, 0x0A, 0xFF, 0x82, 0x07, 0xA8, 0x01, 0x05, 0x00, 0x02, 0xFF, 0x07, 0x00, 0x80, 0x08, 0x02,
    0x00, 0x0A, 0xFF, 0x81, 0x07, 0x7A, 0x06, 0x00, 0x02, 0xFF, 0x0A, 0x00, 0x80, 0xFE, 0x09, 0xFF,
    0x81, 0x03, 0x1A, 0x06, 0x00, 0x02, 0xFF, 0x0A, 0x00, 0x80, 0xFC, 0x09, 0xFF, 0x81, 0x01, 0x17,
    0x05, 0x00, 0x80, 0x80, 0x02, 0xFF, 0x0A, 0x00, 0x80, 0xF8, 0x09, 0xFF, 0x81, 0x40, 0x1E, 0x05,
    0x00, 0x80, 0x80, 0x02, 0xFF, 0x0A, 0x00, 0x80, 0xF0, 0x08, 0xFF, 0x82, 0x7F, 0x80, 0x07, 0x05,
    0x00, 0x80, 0x80, 0x02, 0xFF, 0x0A, 0x00, 0x80, 0xC0, 0x08, 0xFF, 0x82, 0x3F, 0x60, 0x07, 0x05,
    0x00, 0x80, 0xC0, 0x02, 0xFF, 0x0A, 0x00, 0x80, 0x80, 0x08, 0xFF, 0x82, 0x1F, 0xE8, 0x03, 0x05,
    0x00, 0x80, 0xC0, 0x02, 0xFF, 0x0B, 0x00, 0x08, 0xFF, 0x81, 0x0F, 0xFC, 0x06, 0x00, 0x80, 0xE0,
    0x02, 0xFF, 0x0B, 0x00, 0x80, 0xFC, 0x07, 0xFF, 0x81, 0x0F, 0x78, 0x06, 0x00, 0x80, 0xE0, 0x02,
    0xFF, 0x0B, 0x00, 0x80, 0xF8, 0x07, 0xFF, 0x81, 0x83, 0x3E, 0x06, 0x00, 0x80, 0xE0, 0x02, 0xFF,
    0x0B, 0x00, 0x80, 0xE0, 0x07, 0xFF, 0x81, 0x43, 0x0F, 0x06, 0x00, 0x80, 0xF0, 0x02, 0xFF, 0x0B,
    0x00, 0x80, 0xC0, 0x07, 0xFF, 0x81, 0xD5, 0x07, 0x06, 0x00, 0x80, 0xF0, 0x02, 0xFF, 0x0C, 0x00,
    0x06, 0xFF, 0x82, 0xBF, 0xF6, 0x01, 0x06, 0x00, 0x80, 0xF8, 0x02, 0xFF, 0x0C, 0x00, 0x80, 0xF8,
    0x05, 0xFF, 0x81, 0xAF, 0xFF, 0x07, 0x00, 0x80, 0xF8, 0x02, 0xFF, 0x0A, 0x00, 0x82, 0x20, 0x00,
    0xE0, 0x05, 0xFF, 0x81, 0xC3, 0x7F, 0x07, 0x00, 0x80, 0xFC, 0x02, 0xFF, 0x0C, 0x00, 0x80, 0x80,
    0x05, 0xFF, 0x81, 0xE0, 0x1F, 0x07, 0x00, 0x80, 0xFC, 0x02, 0xFF, 0x0D, 0x00, 0x80, 0xFC, 0x03,
    0xFF, 0x82, 0x5F, 0xF1, 0x07, 0x07, 0x00, 0x80, 0xFC, 0x02, 0xFF, 0x0B, 0x00, 0x82, 0x04, 0x00,
    0xE0, 0x03, 0xFF, 0x82, 0x7F, 0xF2, 0x01, 0x07, 0x00, 0x80, 0xFE, 0x02, 0xFF, 0x0B, 0x00, 0x80,
    0x18, 0x02, 0x00, 0x80, 0xFC, 0x03, 0xFF, 0x80, 0x61, 0x08, 0x00, 0x03, 0xFF, 0x0B, 0x00, 0x80,
    0x70, 0x03, 0x00, 0x82, 0xFE, 0xFF, 0xFA, 0x09, 0x00, 0x03, 0xFF, 0x0B, 0x00, 0x81, 0xC0, 0x01,
    0x04, 0x00, 0x80, 0x70, 0x08, 0x00, 0x80, 0x80, 0x03, 0xFF, 0x0C, 0x00, 0x80, 0x07, 0x04, 0x00,
    0x80, 0x20, 0x08, 0x00, 0x80, 0x80, 0x03, 0xFF, 0x0C, 0x00, 0x80, 0x1C, 0x0D, 0x00, 0x80, 0xC0,
    0x03, 0xFF, 0x0C, 0x00, 0x81, 0xF0, 0x01, 0x0C, 0x00, 0x80, 0xC0, 0x03, 0xFF, 0x0C, 0x00, 0x81,
    0xC0, 0x0F, 0x0C, 0x00, 0x80, 0xE0, 0x03, 0xFF, 0x0D, 0x00, 0x80, 0xF8, 0x0C, 0x00, 0x80, 0xF0,
    0x03, 0xFF, 0x0E, 0x00, 0x80, 0x1F, 0x0B, 0x00, 0x80, 0xF0, 0x03, 0xFF, 0x0E, 0x00, 0x81, 0xE0,
    0x51, 0x0A, 0x00, 0x80, 0xF8, 0x03, 0xFF, 0x1A, 0x00, 0x80, 0xFC, 0x03, 0xFF, 0x1A, 0x00, 0x80,
    0xFC, 0x03, 0xFF, 0x1A, 0x00, 0x80, 0xFE, 0x03, 0xFF, 0x1A, 0x00, 0x04, 0xFF, 0x1A, 0x00, 0x04,
    0xFF, 0x19, 0x00, 0x80, 0x80, 0x04, 0xFF, 0x80, 0x01, 0x18, 0x00, 0x80, 0xC0, 0x04, 0xFF, 0x80,
    0x03, 0x18, 0x00, 0x80, 0xC0, 0x04, 0xFF, 0x80, 0x0F, 0x18, 0x00, 0x80, 0xE0, 0x04, 0xFF, 0x80,
    0x1F, 0x18, 0x00, 0x80, 0xF0, 0x04, 0xFF, 0x80, 0x7F, 0x18, 0x00, 0x80, 0xF8, 0x05, 0xFF, 0x18,
    0x00, 0x80, 0xFC, 0x05, 0xFF, 0x80, 0x01, 0x17, 0x00, 0x80, 0xFC, 0x05, 0xFF, 0x80, 0x07, 0x17,
    0x00, 0x80, 0xFE, 0x05, 0xFF, 0x80, 0x0F, 0x17, 0x00, 0x06, 0xFF, 0x80, 0x3F, 0x16, 0x00, 0x80,
    0x80, 0x06, 0xFF, 0x80, 0x7F, 0x16, 0x00, 0x80, 0xC0, 0x07, 0xFF, 0x80, 0x01, 0x15, 0x00, 0x80,
    0xE0, 0x07, 0xFF, 0x80, 0x03, 0x15, 0x00, 0x80, 0xE0, 0x07, 0xFF, 0x80, 0x07, 0x15, 0x00, 0x80,
    0xF0, 0x07, 0xFF, 0x80, 0x1F, 0x15, 0x00, 0x80, 0xF8, 0x07, 0xFF, 0x80, 0x7F, 0x15, 0x00, 0x80,
    0xFC, 0x08, 0xFF, 0x15, 0x00, 0x80, 0xFE, 0x08, 0xFF, 0x80, 0x03, 0x14, 0x00, 0x09, 0xFF, 0x80,
    0x0F, 0x13, 0x00, 0x80, 0x80, 0x09, 0xFF, 0x80, 0x1F, 0x13, 0x00, 0x80, 0xC0, 0x09, 0xFF, 0x80,
    0x7F, 0x13, 0x00, 0x80, 0xE0, 0x0A, 0xFF, 0x13, 0x00, 0x80, 0xF0, 0x0A, 0xFF, 0x80, 0x03, 0x12,
    0x00, 0x80, 0xF8, 0x0A, 0xFF, 0x80, 0x0F, 0x12, 0x00, 0x80, 0xFC, 0x0A, 0xFF, 0x80, 0x3F, 0x12,
    0x00, 0x0C, 0xFF, 0x11, 0x00, 0x80, 0x80, 0x0C, 0xFF, 0x80, 0x01, 0x10, 0x00, 0x80, 0xC0, 0x0C,
    0xFF, 0x80, 0x07, 0x10, 0x00, 0x80, 0xE0, 0x0C, 0xFF, 0x80, 0x1F, 0x10, 0x00, 0x80, 0xF0, 0x0C,
    0xFF, 0x80, 0x7F, 0x10, 0x00, 0x80, 0xFC, 0x0D, 0xFF, 0x80, 0x01, 0x0F, 0x00, 0x80, 0xFE, 0x0D,
    0xFF, 0x80, 0x07, 0x0F, 0x00, 0x0E, 0xFF, 0x80, 0x3F, 0x0E, 0x00, 0x80, 0x80, 0x0F, 0xFF, 0x0E,
    0x00, 0x80, 0xC0, 0x0F, 0xFF, 0x80, 0x07, 0x0D, 0x00, 0x80, 0xF0, 0x0F, 0xFF, 0x80, 0x1F, 0x0D,
    0x00, 0x80, 0xF8, 0x10, 0xFF, 0x0D, 0x00, 0x80, 0xFC, 0x10, 0xFF, 0x80, 0x07, 0x0C, 0x00, 0x80,
    0xFE, 0x10, 0xFF, 0x80, 0x3F, 0x0C, 0x00, 0x12, 0xFF, 0x80, 0x01, 0x0A, 0x00, 0x80, 0xC0, 0x12,
    0xFF, 0x80, 0x0F, 0x0A, 0x00, 0x80, 0xE0, 0x09, 0xFF, 0x02, 0xFD, 0x06, 0x00, 0x00, 0x00, 0x00,
    0x01, 0xFF, 0x64, 0x00, 0x05, 0xFA, 0x6E, 0x0B, 0x00, 0x06, 0xFF, 0x09, 0x00, 0x80, 0xFC, 0x14,
    0xFF, 0x09, 0x00, 0x80, 0xFC, 0x13, 0xFF, 0x80, 0x7F, 0x09, 0x00, 0x80, 0xFC, 0x13, 0xFF, 0x80,
    0x7F, 0x09, 0x00, 0x80, 0xFC, 0x13, 0xFF, 0x80, 0x3F, 0x09, 0x00, 0x80, 0xFC, 0x13, 0xFF, 0x80,
    0x3F, 0x09, 0x00, 0x80, 0xFC, 0x13, 0xFF, 0x80, 0x1F, 0x09, 0x00, 0x80, 0xFC, 0x13, 0xFF, 0x80,
    0x1F, 0x09, 0x00, 0x80, 0xFC, 0x13, 0xFF, 0x80, 0x0F, 0x09, 0x00, 0x80, 0xFC, 0x13, 0xFF, 0x80,
    0x0F, 0x09, 0x00, 0x80, 0xFC, 0x13, 0xFF, 0x80, 0x07, 0x09, 0x00, 0x80, 0xFC, 0x13, 0xFF, 0x80,
    0x07, 0x09, 0x00, 0x80, 0xFC, 0x13, 0xFF, 0x80, 0x03, 0x09, 0x00, 0x80, 0xFC, 0x13, 0xFF, 0x80,
    0x01, 0x09, 0x00, 0x80, 0xFC, 0x13, 0xFF, 0x80, 0x01, 0x09, 0x00, 0x80, 0xFC, 0x13, 0xFF, 0x80,
    0x01, 0x09, 0x00, 0x80, 0xFC, 0x13, 0xFF, 0x0A, 0x00, 0x80, 0xFC, 0x13, 0xFF, 0x0A, 0x00, 0x80,
    0xFC, 0x12, 0xFF, 0x80, 0x7F, 0x0A, 0x00, 0x80, 0xFC, 0x12, 0xFF, 0x80, 0x7F, 0x0A, 0x00, 0x80,
    0xFC, 0x12, 0xFF, 0x80, 0x3F, 0x0A, 0x00, 0x80, 0xFC, 0x12, 0xFF, 0x80, 0x3F, 0x0A, 0x00, 0x80,
    0xFC, 0x12, 0xFF, 0x80, 0x1F, 0x0A, 0x00, 0x80, 0xFC, 0x12, 0xFF, 0x80, 0x1F, 0x0A, 0x00, 0x80,
    0xFC, 0x12, 0xFF, 0x80, 0x1F, 0x0A, 0x00, 0x80, 0xFC, 0x12, 0xFF, 0x80, 0x0F, 0x0A, 0x00, 0x80,
    0xFC, 0x12, 0xFF, 0x80, 0x07, 0x0A, 0x00, 0x80, 0xFC, 0x12, 0xFF, 0x80, 0x07, 0x0A, 0x00, 0x80,
    0xFC, 0x12, 0xFF, 0x80, 0x07, 0x0A, 0x00, 0x80, 0xFC, 0x12, 0xFF, 0x80, 0x03, 0x0A, 0x00, 0x80,
    0xFC, 0x12, 0xFF, 0x80, 0x03, 0x0A, 0x00, 0x80, 0xFC, 0x12, 0xFF, 0x80, 0x01, 0x0A, 0x00, 0x80,
    0xFC, 0x12, 0xFF, 0x80, 0x01, 0x0A, 0x00, 0x80, 0xFC, 0x12, 0xFF, 0x0B, 0x00, 0x80, 0xFC, 0x12,
    0xFF, 0x0B, 0x00, 0x80, 0xFC, 0x12, 0xFF, 0x0B, 0x00, 0x80, 0xFC, 0x11, 0xFF, 0x80, 0x7F, 0x0B,
    0x00, 0x80, 0xFC, 0x11, 0xFF, 0x80, 0x7F, 0x0B, 0x00, 0x80, 0xFC, 0x11, 0xFF, 0x80, 0x3F, 0x0B,
    0x00, 0x80, 0xFC, 0x11, 0xFF, 0x80, 0x3F, 0x0B, 0x00, 0x80, 0xFC, 0x11, 0xFF, 0x80, 0x1F, 0x0B,
    0x00, 0x80, 0xFC, 0x11, 0xFF, 0x80, 0x1F, 0x0B, 0x00, 0x80, 0xFC, 0x11, 0xFF, 0x80, 0x0F, 0x0B,
    0x00, 0x80, 0xFC, 0x11, 0xFF, 0x80, 0x0F, 0x0A, 0x00, 0x80, 0xFE, 0x12, 0xFF, 0x80, 0x0F, 0x09,
    0x00, 0x80, 0xF8, 0x13, 0xFF, 0x80, 0x07, 0x08, 0x00, 0x80, 0x80, 0x14, 0xFF, 0x80, 0x07, 0x08,
    0x00, 0x80, 0xF0, 0x02, 0xFF, 0x81, 0x1F, 0xE0, 0x10, 0xFF, 0x80, 0x03, 0x08, 0x00, 0x80, 0xFE,
    0x02, 0xFF, 0x82, 0x0F, 0x00, 0xFE, 0x0F, 0xFF, 0x80, 0x03, 0x07, 0x00, 0x80, 0xC0, 0x03, 0xFF,
    0x82, 0x0F, 0x00, 0xF8, 0x0F, 0xFF, 0x80, 0x03, 0x07, 0x00, 0x80, 0xF0, 0x02, 0xFF, 0x83, 0x03,
    0x0C, 0x00, 0xC0, 0x0F, 0xFF, 0x80, 0x01, 0x07, 0x00, 0x86, 0xFC, 0xFF, 0x0F, 0x00, 0xFC, 0x07,
    0x00, 0x0F, 0xFF, 0x80, 0x01, 0x07, 0x00, 0x02, 0xFF, 0x02, 0x00, 0x83, 0xFC, 0xFF, 0x01, 0xF0,
    0x0E, 0xFF, 0x07, 0x00, 0x82, 0xC0, 0xFF, 0x0F, 0x02, 0x00, 0x83, 0xFC, 0xFF, 0x1F, 0x80, 0x0E,
    0xFF, 0x07, 0x00, 0x82, 0xF0, 0xFF, 0x03, 0x02, 0x00, 0x80, 0xFC, 0x02, 0xFF, 0x81, 0x00, 0xFE,
    0x0D, 0xFF, 0x07, 0x00, 0x81, 0xF8, 0x7F, 0x03, 0x00, 0x80, 0xFC, 0x02, 0xFF, 0x81, 0x07, 0xF8,
    0x0C, 0xFF, 0x80, 0x7F, 0x07, 0x00, 0x81, 0xFE, 0x1F, 0x03, 0x00, 0x84, 0xFC, 0xFF, 0x3F, 0x1F,
    0xF0, 0x0C, 0xFF, 0x80, 0x7F, 0x07, 0x00, 0x81, 0xFF, 0x07, 0x03, 0x00, 0x84, 0xD3, 0xFF, 0x1F,
    0x3C, 0xC0, 0x0C, 0xFF, 0x80, 0x7F, 0x06, 0x00, 0x82, 0xC0, 0xFF, 0x01, 0x02, 0x00, 0x85, 0xFE,
    0x03, 0xE0, 0x0F, 0xE0, 0x80, 0x0C, 0xFF, 0x80, 0x3F, 0x06, 0x00, 0x81, 0xE0, 0x7F, 0x02, 0x00,
    0x82, 0xF0, 0xFF, 0x07, 0x02, 0x00, 0x81, 0x80, 0x01, 0x0C, 0xFF, 0x80, 0x3F, 0x06, 0x00, 0x81,
    0xF0, 0x1F, 0x02, 0x00, 0x02, 0xFF, 0x82, 0x0F, 0x00, 0x0C, 0x02, 0x00, 0x80, 0xFE, 0x0B, 0xFF,
    0x80, 0x3F, 0x06, 0x00, 0x83, 0xFC, 0x0F, 0x00, 0xE0, 0x02, 0xFF, 0x82, 0x3F, 0x00, 0x7C, 0x02,
    0x00, 0x80, 0xFC, 0x0B, 0xFF, 0x80, 0x1F, 0x06, 0x00, 0x83, 0xFE, 0x03, 0x00, 0xFC, 0x02, 0xFF,
    0x85, 0xBF, 0x00, 0xFC, 0x01, 0x00, 0xFC, 0x0B, 0xFF, 0x80, 0x1F, 0x06, 0x00, 0x83, 0xFF, 0x01,
    0x00, 0xFE, 0x02, 0xFF, 0x85, 0x7F, 0x01, 0xFC, 0x07, 0x00, 0xF8, 0x0B, 0xFF, 0x80, 0x1F, 0x05,
    0x00, 0x83, 0x80, 0x7F, 0x00, 0x80, 0x04, 0xFF, 0x84, 0x00, 0xFC, 0x3F, 0x00, 0xF0, 0x0B, 0xFF,
    0x80, 0x0F, 0x05, 0x00, 0x83, 0xC0, 0x3F, 0x00, 0xE0, 0x04, 0xFF, 0x84, 0x01, 0xFC, 0xFF, 0x00,
    0xC0, 0x0B, 0xFF, 0x80, 0x0F, 0x05, 0x00, 0x83, 0xE0, 0x1F, 0x00, 0xF8, 0x04, 0xFF, 0x84, 0x03,
    0xFC, 0xFF, 0x01, 0x00, 0x0B, 0xFF, 0x80, 0x0F, 0x05, 0x00, 0x83, 0xE0, 0x0F, 0x00, 0xFC, 0x04,
    0xFF, 0x85, 0x03, 0xFE, 0xFF, 0x07, 0x00, 0xF8, 0x0A, 0xFF, 0x80, 0x07, 0x05, 0x00, 0x82, 0xF0,
    0x07, 0x00, 0x05, 0xFF, 0x85, 0x05, 0xFE, 0xFF, 0x1F, 0x00, 0xC0, 0x0A, 0xFF, 0x80, 0x07, 0x05,
    0x00, 0x82, 0xF0, 0x03, 0x80, 0x05, 0xFF, 0x83, 0x0F, 0xFE, 0xFF, 0x7F, 0x02, 0x00, 0x80, 0xFE,
    0x09, 0xFF, 0x80, 0x07, 0x05, 0x00, 0x82, 0xF0, 0x01, 0xC0, 0x05, 0xFF, 0x81, 0x17, 0xFE, 0x02,
    0xFF, 0x02, 0x00, 0x80, 0xF8, 0x09, 0xFF, 0x80, 0x07, 0x05, 0x00, 0x82, 0xF8, 0x00, 0xE0, 0x05,
    0xFF, 0x80, 0x2F, 0x03, 0xFF, 0x82, 0x01, 0x00, 0xF0, 0x09, 0xFF, 0x80, 0x07, 0x05, 0x00, 0x82,
    0x78, 0x00, 0xF0, 0x05, 0xFF, 0x80, 0x0F, 0x03, 0xFF, 0x82, 0x07, 0x00, 0xE0, 0x09, 0xFF, 0x80,
    0x07, 0x05, 0x00, 0x82, 0x3C, 0x00, 0xF8, 0x05, 0xFF, 0x80, 0xBF, 0x03, 0xFF, 0x82, 0x0F, 0x00,
    0xC0, 0x09, 0xFF, 0x80, 0x07, 0x04, 0x00, 0x83, 0x20, 0x1A, 0x00, 0xFE, 0x09, 0xFF, 0x82, 0x1F,
    0x00, 0x80, 0x09, 0xFF, 0x80, 0x07, 0x04, 0x00, 0x83, 0xE0, 0x0D, 0x00, 0xFE, 0x09, 0xFF, 0x80,
    0x3F, 0x02, 0x00, 0x09, 0xFF, 0x80, 0x07, 0x04, 0x00, 0x82, 0xF0, 0x05, 0x80, 0x0A, 0xFF, 0x80,
    0x7F, 0x02, 0x00, 0x80, 0xFE, 0x08, 0xFF, 0x80, 0x03, 0x04, 0x00, 0x82, 0xF8, 0x07, 0x80, 0x0B,
    0xFF, 0x02, 0x00, 0x80, 0xFC, 0x08, 0xFF, 0x80, 0x03, 0x04, 0x00, 0x82, 0xF8, 0x03, 0xC0, 0x0B,
    0xFF, 0x82, 0x01, 0x00, 0xFC, 0x08, 0xFF, 0x80, 0x03, 0x04, 0x00, 0x82, 0xFC, 0x01, 0xE0, 0x0B,
    0xFF, 0x82, 0x03, 0x00, 0xF8, 0x08, 0xFF, 0x80, 0x03, 0x04, 0x00, 0x82, 0xFE, 0x00, 0xF0, 0x0B,
    0xFF, 0x82, 0x07, 0x00, 0xF8, 0x08, 0xFF, 0x80, 0x03, 0x04, 0x00, 0x82, 0xFE, 0x00, 0xF8, 0x0B,
    0xFF, 0x82, 0x0F, 0x00, 0xF0, 0x08, 0xFF, 0x80, 0x03, 0x04, 0x00, 0x82, 0x7E, 0x00, 0xF8, 0x0B,
    0xFF, 0x82, 0x1F, 0x00, 0xE0, 0x07, 0xFF, 0x80, 0x7F, 0x05, 0x00, 0x82, 0x3F, 0x00, 0xFC, 0x0B,
    0xFF, 0x82, 0x3F, 0x00, 0xE0, 0x07, 0xFF, 0x80, 0x3F, 0x04, 0x00, 0x83, 0x80, 0x3F, 0x00, 0xFE,
    0x0B, 0xFF, 0x82, 0x7F, 0x00, 0xC0, 0x07, 0xFF, 0x80, 0x1F, 0x04, 0x00, 0x83, 0x80, 0x1F, 0x00,
    0xFE, 0x0B, 0xFF, 0x82, 0x7F, 0x00, 0xC0, 0x07, 0xFF, 0x80, 0x0F, 0x04, 0x00, 0x82, 0x80, 0x1F,
    0x00, 0x0D, 0xFF, 0x81, 0x00, 0x80, 0x07, 0xFF, 0x80, 0x07, 0x04, 0x00, 0x82, 0x80, 0x0F, 0x00,
    0x0D, 0xFF, 0x81, 0x01, 0x80, 0x07, 0xFF, 0x80, 0x07, 0x04, 0x00, 0x82, 0xE0, 0x0F, 0x80, 0x0D,
    0xFF, 0x81, 0x01, 0x80, 0x07, 0xFF, 0x80, 0x07, 0x04, 0x00, 0x82, 0xF0, 0x07, 0xC4, 0x0B, 0xFF,
    0x83, 0xDF, 0xFE, 0x03, 0x00, 0x07, 0xFF, 0x80, 0x07, 0x04, 0x00, 0x82, 0xF0, 0x03, 0xE4, 0x0B,
    0xFF, 0x83, 0x1F, 0xFF, 0x07, 0x00, 0x07, 0xFF, 0x80, 0x07, 0x04, 0x00, 0x82, 0xF8, 0x03, 0xE8,
    0x0B, 0xFF, 0x83, 0x7F, 0xFC, 0x07, 0x00, 0x07, 0xFF, 0x80, 0x07, 0x04, 0x00, 0x82, 0xF8, 0x01,
    0xF5, 0x0B, 0xFF, 0x84, 0x7F, 0xE8, 0x0F, 0x00, 0xFE, 0x06, 0xFF, 0x80, 0x07, 0x04, 0x00, 0x82,
    0xF8, 0x01, 0xF8, 0x0C, 0xFF, 0x83, 0xE0, 0x1F, 0x00, 0xFE, 0x06, 0xFF, 0x80, 0x07, 0x04, 0x00,
    0x82, 0xF0, 0x01, 0xF9, 0x0C, 0xFF, 0x83, 0xC1, 0x1F, 0x00, 0xFC, 0x06, 0xFF, 0x80, 0x07, 0x04,
    0x00, 0x82, 0xE0, 0x40, 0xFB, 0x0C, 0xFF, 0x83, 0xA1, 0x3F, 0x00, 0xFC, 0x06, 0xFF, 0x80, 0x07,
    0x04, 0x00, 0x82, 0xC0, 0x00, 0xFC, 0x0C, 0xFF, 0x83, 0x83, 0x3F, 0x00, 0xFC, 0x06, 0xFF, 0x80,
    0x07, 0x05, 0x00, 0x81, 0x60, 0xFC, 0x0C, 0xFF, 0x83, 0x07, 0x3F, 0x00, 0xF8, 0x06, 0xFF, 0x80,
    0x0F, 0x06, 0x00, 0x80, 0xFC, 0x0C, 0xFF, 0x83, 0x0F, 0x3E, 0x20, 0xF8, 0x06, 0xFF, 0x80, 0x0F,
    0x05, 0x00, 0x81, 0x50, 0xFC, 0x0C, 0xFF, 0x83, 0x1F, 0x7E, 0x40, 0xF8, 0x06, 0xFF, 0x80, 0x0F,
    0x06, 0x00, 0x80, 0xFE, 0x0C, 0xFF, 0x83, 0x1F, 0x7C, 0x60, 0xF0, 0x06, 0xFF, 0x80, 0x0F, 0x05,
    0x00, 0x81, 0x08, 0xFE, 0x0C, 0xFF, 0x83, 0x3F, 0x76, 0x40, 0xF0, 0x06, 0xFF, 0x80, 0x0F, 0x05,
    0x00, 0x80, 0x48, 0x0D, 0xFF, 0x83, 0x7F, 0xF0, 0x40, 0xF0, 0x06, 0xFF, 0x80, 0x0F, 0x05, 0x00,
    0x80, 0x08, 0x0D, 0xFF, 0x83, 0x41, 0xE4, 0x2C, 0xF0, 0x06, 0xFF, 0x80, 0x0F, 0x05, 0x00, 0x80,
    0x64, 0x0D, 0xFF, 0x83, 0x81, 0xC0, 0x2F, 0xE0, 0x06, 0xFF, 0x80, 0x0F, 0x05, 0x00, 0x80, 0x9C,
    0x0D, 0xFF, 0x83, 0x80, 0xC1, 0x2F, 0xE0, 0x06, 0xFF, 0x80, 0x0F, 0x05, 0x00, 0x80, 0xBC, 0x0D,
    0xFF, 0x83, 0x80, 0x81, 0x1E, 0xE0, 0x06, 0xFF, 0x80, 0x1F, 0x05, 0x00, 0x80, 0xD4, 0x0D, 0xFF,
    0x83, 0x81, 0x83, 0x1E, 0xE0, 0x06, 0xFF, 0x80, 0x1F, 0x05, 0x00, 0x80, 0xFE, 0x0D, 0xFF, 0x83,
    0xE7, 0x07, 0x0E, 0xE0, 0x06, 0xFF, 0x80, 0x1F, 0x05, 0x00, 0x80, 0xF6, 0x0E, 0xFF, 0x82, 0x07,
    0x1E, 0xE1, 0x06, 0xFF, 0x80, 0x1F, 0x05, 0x00, 0x80, 0xEE, 0x0E, 0xFF, 0x82, 0x07, 0x1E, 0xE0,
    0x06, 0xFF, 0x80, 0x1F, 0x05, 0x00, 0x80, 0xFA, 0x03, 0xFF, 0x80, 0xFC, 0x02, 0xFF, 0x82, 0x0F,
    0xFF, 0xF5, 0x02, 0xFF, 0x80, 0xE7, 0x02, 0xFF, 0x82, 0x0F, 0x0E, 0xF0, 0x06, 0xFF, 0x80, 0x1F,
    0x05, 0x00, 0x80, 0xF2, 0x02, 0xFF, 0x8E, 0x1F, 0xC0, 0xFF, 0xC1, 0x03, 0x7C, 0x80, 0xFF, 0xF0,
    0x00, 0xFF, 0xC1, 0x0F, 0x0E, 0xFC, 0x06, 0xFF, 0x80, 0x3F, 0x05, 0x00, 0x80, 0xFE, 0x02, 0xFF,
    0x8E, 0x07, 0x00, 0xFF, 0xC1, 0x00, 0x38, 0x00, 0xFF, 0x60, 0x00, 0xFE, 0xC1, 0x0F, 0x0E, 0xFC,
    0x06, 0xFF, 0x80, 0x3F, 0x05, 0x00, 0x91, 0xEB, 0xFB, 0xFF, 0x03, 0x00, 0xFE, 0x01, 0x00, 0x10,
    0x00, 0xFE, 0x20, 0x00, 0xFC, 0xC1, 0x1F, 0x0E, 0xFC, 0x06, 0xFF, 0x80, 0x3F, 0x05, 0x00, 0x80,
    0xEA, 0x02, 0xFF, 0x83, 0x03, 0x00, 0xFC, 0x01, 0x03, 0x00, 0x80, 0xFE, 0x02, 0x00, 0x84, 0xFC,
    0xC1, 0x1F, 0x0E, 0xFC, 0x06, 0xFF, 0x80, 0x3F, 0x05, 0x00, 0x80, 0xFD, 0x02, 0xFF, 0x87, 0x01,
    0x07, 0xF8, 0x01, 0x08, 0x00, 0x02, 0xFE, 0x02, 0x00, 0x84, 0xF8, 0xC1, 0x9F, 0x0E, 0xFC, 0x06,
    0xFF, 0x80, 0x7F, 0x05, 0x00, 0x91, 0xFB, 0xBF, 0xFF, 0x80, 0x1F, 0xF8, 0x01, 0x3E, 0xC0, 0x07,
    0xFC, 0x80, 0x1F, 0xF8, 0x81, 0x9F, 0x0C, 0xFC, 0x06, 0xFF, 0x80, 0x7F, 0x05, 0x00, 0x91, 0xF5,
    0x3F, 0xFF, 0xC0, 0x1F, 0xF8, 0x01, 0x3F, 0xE0, 0x0F, 0xFC, 0xC0, 0x1F, 0xF8, 0xC1, 0x9F, 0x0C,
    0xF8, 0x06, 0xFF, 0x80, 0x7F, 0x05, 0x00, 0x91, 0xEF, 0xFF, 0x7E, 0xC0, 0x3F, 0xF0, 0x81, 0x3F,
    0xF0, 0x0F, 0xFC, 0xE0, 0x1F, 0xF8, 0xC1, 0xBF, 0x0C, 0xF8, 0x06, 0xFF, 0x80, 0x7F, 0x05, 0x00,
    0x91, 0xEF, 0xFF, 0x77, 0xE0, 0x3F, 0xF0, 0x81, 0x3F, 0xF0, 0x0F, 0xFC, 0xE0, 0x1F, 0xF8, 0xC1,
    0xBF, 0x0C, 0xF8, 0x07, 0xFF, 0x05, 0x00, 0x91, 0xFB, 0xFF, 0x7B, 0xE0, 0x3F, 0xF0, 0x81, 0x3F,
    0xF0, 0x0F, 0xFC, 0xE0, 0x1F, 0xF8, 0xC1, 0xFF, 0x0C, 0xF8, 0x07, 0xFF, 0x05, 0x00, 0x02, 0xFF,
    0x8F, 0x7B, 0xE0, 0x3F, 0xF0, 0x81, 0x3F, 0xF0, 0x0F, 0xFC, 0xE0, 0x1F, 0xF8, 0xC1, 0xFF, 0x1C,
    0xF8, 0x07, 0xFF, 0x05, 0x00, 0x91, 0xFB, 0xFF, 0x6F, 0xE0, 0x3F, 0xF0, 0x81, 0x3F, 0xF0, 0x0F,
    0xFC, 0xE0, 0x1F, 0xF8, 0xC1, 0xFF, 0x1E, 0xF8, 0x07, 0xFF, 0x80, 0x01, 0x04, 0x00, 0x91, 0xDE,
    0xFF, 0x7D, 0xE0, 0x3F, 0xF0, 0x81, 0x3F, 0xF0, 0x0F, 0xFC, 0xE0, 0x1F, 0xF8, 0xC1, 0xFF, 0x1E,
    0xF8, 0x07, 0xFF, 0x80, 0x01, 0x04, 0x00, 0x91, 0xFE, 0xFF, 0x7F, 0xE0, 0x3F, 0xF0, 0x81, 0x3F,
    0xF0, 0x0F, 0xFC, 0xE0, 0x1F, 0xF8, 0xC1, 0xFF, 0x1E, 0xF0, 0x07, 0xFF, 0x80, 0x01, 0x04, 0x00,
    0x91, 0xDA, 0xFF, 0x7B, 0xC0, 0x3F, 0xF0, 0x81, 0x7F, 0xF0, 0x0F, 0xFC, 0xE0, 0x1F, 0xF8, 0xC1,
    0xFF, 0x1E, 0xF0, 0x07, 0xFF, 0x80, 0x03, 0x04, 0x00, 0x91, 0xFE, 0xFF, 0xFD, 0xC0, 0x1F, 0xF8,
    0x81, 0x3F, 0xF0, 0x0F, 0xFC, 0xE0, 0x1F, 0xF8, 0xC1, 0xFF, 0x0E, 0xF0, 0x07, 0xFF, 0x80, 0x03,
    0x04, 0x00, 0x91, 0xFE, 0x5F, 0xF7, 0x80, 0x0F, 0xF8, 0x81, 0x7F, 0xE0, 0x0F, 0xFC, 0xE0, 0x1F,
    0xF8, 0xC1, 0xFF, 0x0E, 0xF0, 0x07, 0xFF, 0x80, 0x03, 0x04, 0x00, 0x91, 0xFE, 0xFF, 0xFA, 0x01,
    0x00, 0xFC, 0x81, 0x7F, 0xF0, 0x0F, 0xFC, 0xE0, 0x1F, 0xF8, 0x81, 0xFF, 0x0F, 0xF0, 0x07, 0xFF,
    0x80, 0x07, 0x04, 0x00, 0x91, 0xEC, 0xBF, 0xFD, 0x01, 0x00, 0xFC, 0x81, 0x3F, 0xF0, 0x0F, 0xFC,
    0xE0, 0x1F, 0xF8, 0xC1, 0xFF, 0x0F, 0xF0, 0x07, 0xFF, 0x80, 0x07, 0x04, 0x00, 0x91, 0xFC, 0x7F,
    0xF9, 0x03, 0x00, 0xFE, 0x81, 0x3F, 0xF0, 0x0F, 0xFC, 0xE0, 0x1F, 0xF8, 0xC1, 0xFF, 0x0F, 0xF0,
    0x07, 0xFF, 0x80, 0x0F, 0x03, 0x00, 0x92, 0x04, 0xFC, 0x7F, 0xF2, 0x07, 0x00, 0xFF, 0x81, 0x7F,
    0xF0, 0x0F, 0xFC, 0xE0, 0x1F, 0xF8, 0xC1, 0xFF, 0x0F, 0xF0, 0x07, 0xFF, 0x80, 0x0F, 0x04, 0x00,
    0x91, 0xFC, 0x5F, 0xF8, 0x1F, 0xC0, 0xFF, 0x83, 0x7F, 0xF0, 0x1F, 0xFE, 0xEA, 0xBF, 0xFD, 0xCB,
    0xFF, 0x0F, 0xF0, 0x07, 0xFF, 0x80, 0x1F, 0x04, 0x00, 0x82, 0xF8, 0x9F, 0xF2, 0x0D, 0xFF, 0x81,
    0x07, 0xE0, 0x07, 0xFF, 0x80, 0x1F, 0x04, 0x00, 0x82, 0xF8, 0x9F, 0xFC, 0x0D, 0xFF, 0x81, 0x07,
    0xE0, 0x07, 0xFF, 0x80, 0x3F, 0x04, 0x00, 0x82, 0xF8, 0x1F, 0xF8, 0x0D, 0xFF, 0x81, 0x07, 0xE0,
    0x07, 0xFF, 0x80, 0x3F, 0x04, 0x00, 0x82, 0xF8, 0x07, 0xF8, 0x0D, 0xFF, 0x81, 0x07, 0xE0, 0x07,
    0xFF, 0x80, 0x3F, 0x04, 0x00, 0x82, 0xF8, 0x0F, 0xF0, 0x0C, 0xFF, 0x82, 0xEF, 0x03, 0xE0, 0x07,
    0xFF, 0x80, 0x7F, 0x04, 0x00, 0x82, 0xF0, 0x07, 0xF8, 0x0C, 0xFF, 0x82, 0xEF, 0x03, 0xF0, 0x08,
    0xFF, 0x04, 0x00, 0x82, 0xF0, 0x07, 0xFE, 0x0C, 0xFF, 0x82, 0xEF, 0x03, 0xF0, 0x08, 0xFF, 0x04,
    0x00, 0x81, 0xF0, 0x0F, 0x0D, 0xFF, 0x82, 0xE7, 0x01, 0xF8, 0x08, 0xFF, 0x04, 0x00, 0x81, 0xE0,
    0x07, 0x0D, 0xFF, 0x82, 0xF7, 0x01, 0xF8, 0x08, 0xFF, 0x80, 0x01, 0x03, 0x00, 0x81, 0xE0, 0x07,
    0x0D, 0xFF, 0x82, 0xF3, 0x00, 0xFC, 0x08, 0xFF, 0x80, 0x03, 0x03, 0x00, 0x81, 0xE0, 0x0F, 0x0D,
    0xFF, 0x82, 0xF3, 0x00, 0xFC, 0x08, 0xFF, 0x80, 0x03, 0x03, 0x00, 0x81, 0xC0, 0x0F, 0x0D, 0xFF,
    0x82, 0x7B, 0x00, 0xFE, 0x08, 0xFF, 0x80, 0x07, 0x03, 0x00, 0x81, 0xC0, 0x3F, 0x0D, 0xFF, 0x82,
    0x79, 0x00, 0xFE, 0x08, 0xFF, 0x80, 0x07, 0x03, 0x00, 0x82, 0x80, 0x2F, 0xFE, 0x0C, 0xFF, 0x81,
    0x7D, 0x00, 0x09, 0xFF, 0x80, 0x0F, 0x03, 0x00, 0x82, 0x80, 0x1F, 0xFE, 0x0C, 0xFF, 0x81, 0x38,
    0x00, 0x09, 0xFF, 0x80, 0x1F, 0x04, 0x00, 0x81, 0x3F, 0xFC, 0x0B, 0xFF, 0x82, 0x7F, 0x38, 0x80,
    0x09, 0xFF, 0x80, 0x1F, 0x04, 0x00, 0x81, 0x3F, 0xFC, 0x0B, 0xFF, 0x82, 0x7F, 0x18, 0x80, 0x09,
    0xFF, 0x80, 0x3F, 0x04, 0x00, 0x81, 0x76, 0xFC, 0x0B, 0xFF, 0x82, 0x3F, 0x1C, 0xC0, 0x09, 0xFF,
    0x80, 0x7F, 0x04, 0x00, 0x81, 0x7E, 0xF8, 0x0B, 0xFF, 0x82, 0x3F, 0x0E, 0xC0, 0x09, 0xFF, 0x80,
    0x7F, 0x04, 0x00, 0x81, 0x7C, 0xF0, 0x0B, 0xFF, 0x82, 0x1F, 0x0E, 0xE0, 0x0A, 0xFF, 0x04, 0x00,
    0x81, 0xF8, 0xE0, 0x0B, 0xFF, 0x82, 0x1F, 0x07, 0xF0, 0x0A, 0xFF, 0x80, 0x01, 0x03, 0x00, 0x81,
    0xF8, 0xE1, 0x0B, 0xFF, 0x82, 0x8F, 0x03, 0xF0, 0x0A, 0xFF, 0x80, 0x01, 0x03, 0x00, 0x81, 0xF0,
    0xC1, 0x0B, 0xFF, 0x82, 0xC7, 0x03, 0xF8, 0x0A, 0xFF, 0x80, 0x03, 0x03, 0x00, 0x81, 0xE0, 0x83,
    0x0B, 0xFF, 0x82, 0xE7, 0x01, 0xF8, 0x0A, 0xFF, 0x80, 0x07, 0x03, 0x00, 0x82, 0xC0, 0x07, 0xFE,
    0x0A, 0xFF, 0x82, 0xE3, 0x00, 0xFC, 0x0A, 0xFF, 0x80, 0x0F, 0x03, 0x00, 0x82, 0xC0, 0x0F, 0xFC,
    0x0A, 0xFF, 0x82, 0xF1, 0x00, 0xFE, 0x0A, 0xFF, 0x80, 0x0F, 0x03, 0x00, 0x82, 0x80, 0x0F, 0xF0,
    0x0A, 0xFF, 0x81, 0x78, 0x00, 0x0B, 0xFF, 0x80, 0x1F, 0x04, 0x00, 0x81, 0x3F, 0x80, 0x09, 0xFF,
    0x82, 0x7F, 0x3C, 0x00, 0x0B, 0xFF, 0x80, 0x3F, 0x04, 0x00, 0x81, 0xBE, 0x80, 0x09, 0xFF, 0x82,
    0x3F, 0x1E, 0x80, 0x0B, 0xFF, 0x80, 0x7F, 0x04, 0x00, 0x82, 0xFC, 0x00, 0xFE, 0x08, 0xFF, 0x02,
    0x1F, 0x80, 0xC0, 0x0C, 0xFF, 0x04, 0x00, 0x82, 0xFC, 0x04, 0xFE, 0x08, 0xFF, 0x82, 0x8F, 0x0F,
    0xE0, 0x0C, 0xFF, 0x04, 0x00, 0x82, 0xF8, 0x01, 0xF0, 0x08, 0xFF, 0x82, 0xC7, 0x07, 0xF0, 0x0C,
    0xFF, 0x80, 0x01, 0x03, 0x00, 0x82, 0xF0, 0x1F, 0xE0, 0x08, 0xFF, 0x82, 0xE3, 0x03, 0xF8, 0x0C,
    0xFF, 0x80, 0x03, 0x03, 0x00, 0x82, 0xC0, 0x0B, 0xC0, 0x08, 0xFF, 0x82, 0xF8, 0x01, 0xF8, 0x0C,
    0xFF, 0x80, 0x07, 0x03, 0x00, 0x82, 0x80, 0x5F, 0x80, 0x07, 0xFF, 0x83, 0x7F, 0xFC, 0x00, 0xFC,
    0x0C, 0xFF, 0x80, 0x0F, 0x04, 0x00, 0x81, 0xFF, 0xC0, 0x07, 0xFF, 0x83, 0x3F, 0x7E, 0x00, 0xFE,
    0x0C, 0xFF, 0x80, 0x1F, 0x04, 0x00, 0x81, 0xFE, 0x63, 0x07, 0xFF, 0x82, 0x0F, 0x3F, 0x00, 0x0D,
    0xFF, 0x80, 0x3F, 0x04, 0x00, 0x82, 0xFC, 0x3F, 0xFC, 0x06, 0xFF, 0x82, 0xC7, 0x1F, 0x00, 0x0D,
    0xFF, 0x80, 0x7F, 0x04, 0x00, 0x82, 0xF8, 0x3F, 0xF8, 0x06, 0xFF, 0x82, 0xE1, 0x07, 0xC0, 0x0E,
    0xFF, 0x04, 0x00, 0x82, 0xE0, 0x1F, 0xF0, 0x06, 0xFF, 0x82, 0xF8, 0x03, 0xE0, 0x0E, 0xFF, 0x80,
    0x01, 0x03, 0x00, 0x82, 0xC0, 0x3F, 0xC0, 0x05, 0xFF, 0x83, 0x3F, 0xFF, 0x01, 0xF0, 0x0E, 0xFF,
    0x80, 0x03, 0x03, 0x00, 0x83, 0x80, 0x7F, 0x00, 0xFE, 0x04, 0xFF, 0x83, 0xDF, 0x7F, 0x00, 0xF8,
    0x0E, 0xFF, 0x80, 0x07, 0x04, 0x00, 0x82, 0xFF, 0x07, 0xFC, 0x05, 0xFF, 0x82, 0x3F, 0x00, 0xFC,
    0x0E, 0xFF, 0x80, 0x0F, 0x04, 0x00, 0x82, 0xFC, 0x7F, 0xC1, 0x05, 0xFF, 0x81, 0x0F, 0x00, 0x0F,
    0xFF, 0x80, 0x1F, 0x04, 0x00, 0x83, 0xF0, 0xFF, 0x01, 0xFE, 0x04, 0xFF, 0x81, 0x03, 0x80, 0x0F,
    0xFF, 0x80, 0x1F, 0x04, 0x00, 0x84, 0xC0, 0xFF, 0x01, 0x00, 0xFE, 0x03, 0xFF, 0x81, 0x00, 0xC0,
    0x0F, 0xFF, 0x80, 0x7F, 0x05, 0x00, 0x82, 0xFE, 0x4B, 0xC7, 0x03, 0xFF, 0x82, 0x3F, 0x00, 0xF0,
    0x10, 0xFF, 0x05, 0x00, 0x80, 0xFE, 0x05, 0xFF, 0x82, 0x07, 0x00, 0xFC, 0x10, 0xFF, 0x80, 0x01,
    0x04, 0x00, 0x80, 0x3F, 0x05, 0xFF, 0x02, 0x00, 0x80, 0xFE, 0x10, 0xFF, 0x80, 0x01, 0x04, 0x00,
    0x81, 0x3F, 0xF8, 0x03, 0xFF, 0x80, 0x0F, 0x02, 0x00, 0x11, 0xFF, 0x80, 0x07, 0x03, 0x00, 0x83,
    0x80, 0xFF, 0x00, 0xFE, 0x02, 0xFF, 0x02, 0x00, 0x80, 0xE0, 0x11, 0xFF, 0x80, 0x0F, 0x03, 0x00,
    0x84, 0xC0, 0xFF, 0x07, 0x00, 0x78, 0x03, 0x00, 0x80, 0xF0, 0x11, 0xFF, 0x80, 0x1F, 0x03, 0x00,
    0x82, 0x60, 0xF8, 0x7F, 0x05, 0x00, 0x80, 0xFE, 0x11, 0xFF, 0x86, 0x7F, 0xF8, 0x07, 0x00, 0x70,
    0xE0, 0xFF, 0x04, 0x00, 0x80, 0x80, 0x14, 0xFF, 0x85, 0x1F, 0x00, 0x3A, 0x00, 0xFE, 0x07, 0x03,
    0x00, 0x80, 0xF0, 0x14, 0xFF, 0x82, 0x7F, 0x80, 0x3F, 0x02, 0x00, 0x81, 0xFE, 0x04, 0x02, 0x00,
    0x80, 0xFE, 0x15, 0xFF, 0x81, 0xC1, 0x1F, 0x03, 0x00, 0x80, 0x04, 0x02, 0x00, 0x17, 0xFF, 0x80,
    0x3F, 0x03, 0x00, 0x82, 0x3C, 0x00, 0xF8, 0x18, 0xFF, 0x03, 0x00, 0x80, 0xFC, 0x1A, 0xFF, 0x80,
    0x0F, 0x02, 0x00, 0x80, 0xFC, 0x1B, 0xFF, 0x02, 0x00, 0x80, 0xFC, 0x1B, 0xFF, 0x82, 0x1F, 0x00,
    0xFC, 0x7F, 0xFF, 0x7F, 0xFF, 0x7F, 0xFF, 0x7F, 0xFF, 0x7F, 0xFF, 0x7F, 0xFF, 0x7F, 0xFF, 0x7F,
    0xFF, 0x7F, 0xFF, 0x7F, 0xFF, 0x5E, 0xFF, 0x02, 0xFD, 0x06, 0x00, 0x00, 0x00, 0x00, 0x01, 0xFF,
    0x64, 0x00, 0x05, 0xFA, 0x1F, 0x07, 0x00, 0x2B, 0xFF, 0x80, 0x3F, 0x1D, 0xFF, 0x81, 0x1F, 0xFE,
    0x1C, 0xFF, 0x81, 0x07, 0xF8, 0x1C, 0xFF, 0x81, 0x01, 0xC0, 0x1C, 0xFF, 0x02, 0x00, 0x1B, 0xFF,
    0x80, 0x7F, 0x02, 0x00, 0x80, 0xFC, 0x1A, 0xFF, 0x80, 0x1F, 0x02, 0x00, 0x80, 0xFC, 0x1A, 0xFF,
    0x80, 0x07, 0x02, 0x00, 0x80, 0xFC, 0x1A, 0xFF, 0x80, 0x01, 0x02, 0x00, 0x80, 0xFC, 0x1A, 0xFF,
    0x03, 0x00, 0x80, 0xFC, 0x19, 0xFF, 0x80, 0x7F, 0x03, 0x00, 0x80, 0xFC, 0x19, 0xFF, 0x80, 0x1F,
    0x03, 0x00, 0x80, 0xFC, 0x19, 0xFF, 0x80, 0x07, 0x03, 0x00, 0x80, 0xFC, 0x19, 0xFF, 0x80, 0x03,
    0x03, 0x00, 0x80, 0xFC, 0x19, 0xFF, 0x04, 0x00, 0x80, 0xFC, 0x18, 0xFF, 0x80, 0x7F, 0x04, 0x00,
    0x80, 0xFC, 0x18, 0xFF, 0x80, 0x1F, 0x04, 0x00, 0x80, 0xFC, 0x18, 0xFF, 0x80, 0x0F, 0x04, 0x00,
    0x80, 0xFC, 0x18, 0xFF, 0x80, 0x07, 0x04, 0x00, 0x80, 0xFC, 0x18, 0xFF, 0x80, 0x01, 0x04, 0x00,
    0x80, 0xFC, 0x18, 0xFF, 0x05, 0x00, 0x80, 0xFC, 0x17, 0xFF, 0x80, 0x7F, 0x05, 0x00, 0x80, 0xFC,
    0x17, 0xFF, 0x80, 0x1F, 0x05, 0x00, 0x80, 0xFC, 0x17, 0xFF, 0x80, 0x0F, 0x05, 0x00, 0x80, 0xFC,
    0x17, 0xFF, 0x80, 0x07, 0x05, 0x00, 0x80, 0xFC, 0x17, 0xFF, 0x80, 0x01, 0x05, 0x00, 0x80, 0xFC,
    0x17, 0xFF, 0x06, 0x00, 0x80, 0xFC, 0x16, 0xFF, 0x80, 0x7F, 0x06, 0x00, 0x80, 0xFC, 0x16, 0xFF,
    0x80, 0x3F, 0x06, 0x00, 0x80, 0xFC, 0x16, 0xFF, 0x80, 0x1F, 0x06, 0x00, 0x80, 0xFC, 0x16, 0xFF,
    0x80, 0x0F, 0x06, 0x00, 0x80, 0xFC, 0x16, 0xFF, 0x80, 0x07, 0x06, 0x00, 0x80, 0xFC, 0x16, 0xFF,
    0x80, 0x03, 0x06, 0x00, 0x80, 0xFC, 0x16, 0xFF, 0x80, 0x01, 0x06, 0x00, 0x80, 0xFC, 0x16, 0xFF,
    0x07, 0x00, 0x80, 0xFC, 0x15, 0xFF, 0x80, 0x7F, 0x07, 0x00, 0x80, 0xFC, 0x15, 0xFF, 0x80, 0x3F,
    0x07, 0x00, 0x80, 0xFC, 0x15, 0xFF, 0x80, 0x3F, 0x07, 0x00, 0x80, 0xFC, 0x15, 0xFF, 0x80, 0x1F,
    0x07, 0x00, 0x80, 0xFC, 0x15, 0xFF, 0x80, 0x0F, 0x07, 0x00, 0x80, 0xFC, 0x15, 0xFF, 0x80, 0x07,
    0x07, 0x00, 0x80, 0xFC, 0x15, 0xFF, 0x80, 0x03, 0x07, 0x00, 0x80, 0xFC, 0x14, 0xFF, 0x80, 0x3F,
    0x08, 0x00, 0x80, 0xFC, 0x14, 0xFF, 0x80, 0x0F, 0x08, 0x00, 0x80, 0xFC, 0x14, 0xFF, 0x80, 0x0F,
    0x08, 0x00, 0x80, 0xFC, 0x14, 0xFF, 0x80, 0x0F, 0x08, 0x00, 0x80, 0xFC, 0x14, 0xFF, 0x80, 0x07,
    0x08, 0x00, 0x80, 0xFC, 0x14, 0xFF, 0x80, 0x03, 0x08, 0x00, 0x80, 0xFE, 0x14, 0xFF, 0x80, 0x03,
    0x06, 0x00, 0x80, 0xC0, 0x16, 0xFF, 0x80, 0x01, 0x06, 0x00, 0x80, 0xFE, 0x16, 0xFF, 0x80, 0x01,
    0x05, 0x00, 0x80, 0xC0, 0x17, 0xFF, 0x80, 0x01, 0x05, 0x00, 0x80, 0xFC, 0x17, 0xFF, 0x05, 0x00,
    0x80, 0x80, 0x18, 0xFF, 0x05, 0x00, 0x80, 0xE0, 0x02, 0xFF, 0x81, 0x01, 0xFE, 0x13, 0xFF, 0x80,
    0x7F, 0x05, 0x00, 0x84, 0xF8, 0xFF, 0x07, 0x00, 0xFC, 0x13, 0xFF, 0x80, 0x7F, 0x05, 0x00, 0x81,
    0xFE, 0xFF, 0x02, 0x00, 0x80, 0xFC, 0x13, 0xFF, 0x80, 0x7F, 0x04, 0x00, 0x82, 0x80, 0xFF, 0x0F,
    0x02, 0x00, 0x80, 0xFC, 0x13, 0xFF, 0x80, 0x3F, 0x04, 0x00, 0x82, 0xE0, 0xFF, 0x03, 0x02, 0x00,
    0x80, 0xFC, 0x13, 0xFF, 0x80, 0x3F, 0x04, 0x00, 0x81, 0xF0, 0x7F, 0x03, 0x00, 0x80, 0xFC, 0x13,
    0xFF, 0x80, 0x1F, 0x04, 0x00, 0x81, 0xFC, 0x1F, 0x03, 0x00, 0x80, 0xFC, 0x13, 0xFF, 0x80, 0x1F,
    0x04, 0x00, 0x81, 0xFF, 0x03, 0x02, 0x00, 0x81, 0xFF, 0xEB, 0x13, 0xFF, 0x80, 0x1F, 0x03, 0x00,
    0x81, 0x80, 0xFF, 0x02, 0x00, 0x80, 0xF8, 0x02, 0xFF, 0x80, 0xF7, 0x12, 0xFF, 0x80, 0x0F, 0x03,
    0x00, 0x83, 0xE0, 0x3F, 0x00, 0x80, 0x16, 0xFF, 0x80, 0x0F, 0x03, 0x00, 0x83, 0xF0, 0x1F, 0x00,
    0xE0, 0x03, 0xFF, 0x81, 0x7F, 0xF1, 0x11, 0xFF, 0x80, 0x0F, 0x03, 0x00, 0x83, 0xF8, 0x07, 0x00,
    0xF8, 0x04, 0xFF, 0x80, 0xC7, 0x11, 0xFF, 0x80, 0x07, 0x03, 0x00, 0x83, 0xFC, 0x03, 0x00, 0xFE,
    0x04, 0xFF, 0x80, 0x9F, 0x11, 0xFF, 0x80, 0x07, 0x03, 0x00, 0x82, 0xFC, 0x20, 0x80, 0x05, 0xFF,
    0x81, 0x3F, 0xFC, 0x10, 0xFF, 0x80, 0x07, 0x03, 0x00, 0x82, 0x7E, 0x70, 0xE0, 0x06, 0xFF, 0x80,
    0xF0, 0x10, 0xFF, 0x80, 0x07, 0x03, 0x00, 0x82, 0x1E, 0x78, 0xF8, 0x06, 0xFF, 0x80, 0xCD, 0x10,
    0xFF, 0x80, 0x03, 0x03, 0x00, 0x80, 0x1E, 0x02, 0xFC, 0x06, 0xFF, 0x80, 0x87, 0x10, 0xFF, 0x80,
    0x03, 0x03, 0x00, 0x81, 0x0F, 0x9E, 0x07, 0xFF, 0x80, 0x4F, 0x10, 0xFF, 0x80, 0x03, 0x02, 0x00,
    0x82, 0x80, 0x07, 0x8E, 0x07, 0xFF, 0x81, 0x1F, 0xFE, 0x0F, 0xFF, 0x80, 0x01, 0x02, 0x00, 0x82,
    0xC0, 0x83, 0xC2, 0x07, 0xFF, 0x81, 0x3F, 0xFC, 0x0F, 0xFF, 0x80, 0x01, 0x02, 0x00, 0x82, 0x80,
    0xC1, 0xE1, 0x07, 0xFF, 0x81, 0x7F, 0xFB, 0x0F, 0xFF, 0x80, 0x01, 0x02, 0x00, 0x82, 0xC0, 0xE0,
    0xF0, 0x07, 0xFF, 0x81, 0x5F, 0xE2, 0x0F, 0xFF, 0x80, 0x01, 0x02, 0x00, 0x82, 0x40, 0x70, 0xF8,
    0x07, 0xFF, 0x81, 0xBF, 0xE0, 0x0F, 0xFF, 0x80, 0x01, 0x02, 0x00, 0x82, 0x60, 0x18, 0xF8, 0x07,
    0xFF, 0x81, 0x3F, 0xC0, 0x0F, 0xFF, 0x80, 0x01, 0x02, 0x00, 0x82, 0x20, 0x08, 0xFC, 0x07, 0xFF,
    0x82, 0xBF, 0x60, 0xFC, 0x0E, 0xFF, 0x04, 0x00, 0x81, 0x1C, 0xFE, 0x07, 0xFF, 0x82, 0x5F, 0xC0,
    0xF0, 0x0E, 0xFF, 0x04, 0x00, 0x80, 0x0E, 0x08, 0xFF, 0x82, 0x3F, 0xC1, 0xE0, 0x0E, 0xFF, 0x04,
    0x00, 0x80, 0x8E, 0x08, 0xFF, 0x82, 0x3F, 0xE0, 0xC1, 0x0E, 0xFF, 0x04, 0x00, 0x80, 0xC7, 0x08,
    0xFF, 0x82, 0xBF, 0xF0, 0x83, 0x0E, 0xFF, 0x03, 0x00, 0x81, 0x80, 0xE7, 0x08, 0xFF, 0x82, 0x3F,
    0xF1, 0x87, 0x0D, 0xFF, 0x80, 0x7F, 0x03, 0x00, 0x81, 0xC0, 0xE3, 0x08, 0xFF, 0x82, 0x1F, 0xF8,
    0x07, 0x0D, 0xFF, 0x80, 0x7F, 0x03, 0x00, 0x81, 0xE0, 0xF1, 0x08, 0xFF, 0x83, 0x3F, 0xFC, 0x0F,
    0xFE, 0x0C, 0xFF, 0x80, 0x7F, 0x03, 0x00, 0x83, 0xE0, 0xF8, 0xFF, 0xFE, 0x06, 0xFF, 0x83, 0xBF,
    0xFF, 0x1F, 0xFE, 0x0C, 0xFF, 0x80, 0x7F, 0x03, 0x00, 0x83, 0xD0, 0xF8, 0x5F, 0xF9, 0x06, 0xFF,
    0x83, 0x7F, 0xFF, 0x1F, 0xFC, 0x0C, 0xFF, 0x80, 0x7F, 0x03, 0x00, 0x83, 0x70, 0xFC, 0xA2, 0xFA,
    0x06, 0xFF, 0x83, 0xDF, 0xFF, 0x3F, 0xF8, 0x0C, 0xFF, 0x80, 0x7F, 0x03, 0x00, 0x83, 0x78, 0x1E,
    0x40, 0xE9, 0x08, 0xFF, 0x81, 0x7F, 0xF0, 0x0C, 0xFF, 0x80, 0x7F, 0x03, 0x00, 0x83, 0x3C, 0x2E,
    0x10, 0xFA, 0x08, 0xFF, 0x81, 0x7F, 0xF0, 0x0C, 0xFF, 0x80, 0x7F, 0x03, 0x00, 0x83, 0x18, 0x87,
    0x20, 0xE0, 0x09, 0xFF, 0x80, 0xE0, 0x0C, 0xFF, 0x80, 0x7F, 0x03, 0x00, 0x83, 0x1C, 0x0B, 0x08,
    0xED, 0x09, 0xFF, 0x80, 0xE0, 0x0C, 0xFF, 0x80, 0x7F, 0x03, 0x00, 0x83, 0x8E, 0x01, 0xB2, 0xF2,
    0x09, 0xFF, 0x80, 0xC1, 0x0C, 0xFF, 0x80, 0x7F, 0x03, 0x00, 0x82, 0x8E, 0x81, 0xED, 0x0A, 0xFF,
    0x80, 0xC1, 0x0C, 0xFF, 0x80, 0x7F, 0x03, 0x00, 0x81, 0xC7, 0xC0, 0x0B, 0xFF, 0x80, 0x83, 0x0C,
    0xFF, 0x80, 0x7F, 0x03, 0x00, 0x81, 0xC7, 0xC1, 0x0B, 0xFF, 0x80, 0x83, 0x0C, 0xFF, 0x80, 0x7F,
    0x02, 0x00, 0x82, 0x80, 0xE7, 0xF0, 0x0B, 0xFF, 0x80, 0x87, 0x0C, 0xFF, 0x80, 0x7F, 0x02, 0x00,
    0x82, 0x80, 0x23, 0xF8, 0x0B, 0xFF, 0x80, 0x07, 0x0C, 0xFF, 0x80, 0x7F, 0x02, 0x00, 0x82, 0x80,
    0x23, 0xF8, 0x0B, 0xFF, 0x80, 0x0F, 0x0C, 0xFF, 0x80, 0x7F, 0x02, 0x00, 0x82, 0x80, 0x33, 0xFC,
    0x0B, 0xFF, 0x80, 0x0F, 0x0C, 0xFF, 0x80, 0x7F, 0x02, 0x00, 0x82, 0x80, 0x31, 0xFE, 0x0B, 0xFF,
    0x80, 0x7F, 0x0C, 0xFF, 0x80, 0x7F, 0x02, 0x00, 0x81, 0x40, 0x09, 0x0C, 0xFF, 0x80, 0xE1, 0x0C,
    0xFF, 0x80, 0x7F, 0x02, 0x00, 0x81, 0x40, 0x88, 0x0C, 0xFF, 0x80, 0xC0, 0x0C, 0xFF, 0x80, 0x7F,
    0x02, 0x00, 0x81, 0x40, 0x9C, 0x0B, 0xFF, 0x81, 0x7F, 0xC0, 0x0C, 0xFF, 0x80, 0x7F, 0x02, 0x00,
    0x81, 0x40, 0x84, 0x0B, 0xFF, 0x81, 0x7F, 0xC0, 0x0C, 0xFF, 0x80, 0x7F, 0x03, 0x00, 0x80, 0xCB,
    0x0B, 0xFF, 0x81, 0x7F, 0xE0, 0x0C, 0xFF, 0x80, 0x7F, 0x03, 0x00, 0x80, 0xC6, 0x0C, 0xFF, 0x80,
    0xE0, 0x0C, 0xFF, 0x80, 0x7F, 0x03, 0x00, 0x80, 0xEF, 0x1A, 0xFF, 0x03, 0x00, 0x80, 0xE2, 0x1A,
    0xFF, 0x03, 0x00, 0x80, 0xF7, 0x1A, 0xFF, 0x02, 0x00, 0x81, 0x40, 0xF5, 0x04, 0xFF, 0x86, 0xC3,
    0x03, 0x7E, 0xC0, 0x7F, 0xF0, 0xC0, 0x0F, 0xFF, 0x02, 0x00, 0x81, 0xC0, 0xF3, 0x02, 0xFF, 0x88,
    0xCF, 0xFF, 0x83, 0x01, 0x38, 0x80, 0x7F, 0x30, 0x00, 0x0F, 0xFF, 0x02, 0x00, 0x81, 0xC0, 0xF3,
    0x02, 0xFF, 0x86, 0x1F, 0xFF, 0x83, 0x00, 0x18, 0x00, 0x7F, 0x02, 0x00, 0x0F, 0xFF, 0x02, 0x00,
    0x81, 0xC4, 0xF2, 0x02, 0xFF, 0x82, 0x1F, 0xFC, 0x03, 0x03, 0x00, 0x80, 0x7E, 0x02, 0x00, 0x80,
    0x9E, 0x0E, 0xFF, 0x02, 0x00, 0x81, 0xEE, 0xF5, 0x02, 0xFF, 0x83, 0x3F, 0xF8, 0x03, 0x08, 0x02,
    0x00, 0x80, 0x7E, 0x02, 0x00, 0x80, 0x1E, 0x0E, 0xFF, 0x83, 0x01, 0x00, 0xFE, 0xF1, 0x02, 0xFF,
    0x89, 0x7F, 0xF0, 0x03, 0x3E, 0xC0, 0x07, 0x7E, 0xC0, 0x07, 0x3C, 0x0E, 0xFF, 0x83, 0x01, 0x00,
    0xFF, 0xFB, 0x03, 0xFF, 0x89, 0xF0, 0x03, 0x3F, 0xE0, 0x07, 0x7E, 0xE0, 0x0F, 0x7C, 0xFE, 0x0D,
    0xFF, 0x83, 0x01, 0x00, 0xFF, 0xFE, 0x04, 0xFF, 0x87, 0x83, 0x3F, 0xF0, 0x07, 0x7E, 0xE0, 0x0F,
    0x7C, 0x0E, 0xFF, 0x81, 0x01, 0x00, 0x06, 0xFF, 0x87, 0x83, 0x3F, 0xF0, 0x07, 0x7E, 0xE0, 0x0F,
    0xFC, 0x0E, 0xFF, 0x82, 0x83, 0x01, 0xDF, 0x05, 0xFF, 0x87, 0x83, 0x3F, 0xF0, 0x0F, 0x7E, 0xE0,
    0x0F, 0xFC, 0x0F, 0xFF, 0x82, 0x01, 0x1F, 0xFC, 0x04, 0xFF, 0x87, 0x83, 0x3F, 0xF0, 0x0F, 0x7E,
    0xE0, 0x0F, 0xFC, 0x0F, 0xFF, 0x82, 0x03, 0x1F, 0xF8, 0x04, 0xFF, 0x87, 0x83, 0x7F, 0xF0, 0x0F,
    0x7E, 0xE0, 0x0F, 0xFE, 0x0F, 0xFF, 0x83, 0x33, 0x1F, 0xF8, 0x8F, 0x03, 0xFF, 0x87, 0x83, 0x7F,
    0xF0, 0x0F, 0x7E, 0xE0, 0x0F, 0xFC, 0x0F, 0xFF, 0x83, 0x7F, 0x1F, 0xF0, 0xBF, 0x03, 0xFF, 0x87,
    0x83, 0x3F, 0xF0, 0x0F, 0x7E, 0xE0, 0x0F, 0xFC, 0x0F, 0xFF, 0x82, 0x7F, 0x1F, 0xF0, 0x04, 0xFF,
    0x87, 0x83, 0x7F, 0xF0, 0x0F, 0x7E, 0xE0, 0x0F, 0xFC, 0x0F, 0xFF, 0x82, 0x7F, 0x1F, 0xF0, 0x04,
    0xFF, 0x87, 0x83, 0x3F, 0xF0, 0x0F, 0x7E, 0xE0, 0x0F, 0xFC, 0x0F, 0xFF, 0x82, 0x7F, 0x3F, 0xF0,
    0x04, 0xFF, 0x87, 0x83, 0x3F, 0xF0, 0x0F, 0x7E, 0xE0, 0x0F, 0xFC, 0x0F, 0xFF, 0x82, 0x7F, 0x3E,
    0xF0, 0x04, 0xFF, 0x87, 0x83, 0x3F, 0xF0, 0x0F, 0x7E, 0xE0, 0x0F, 0xFC, 0x10, 0xFF, 0x81, 0x3E,
    0xE0, 0x04, 0xFF, 0x87, 0x83, 0x7F, 0xF0, 0x0F, 0x7E, 0xE0, 0x0F, 0xFC, 0x10, 0xFF, 0x81, 0x3E,
    0xE0, 0x04, 0xFF, 0x87, 0x83, 0x7F, 0xF0, 0x0F, 0x7E, 0xE0, 0x0F, 0xFC, 0x10, 0xFF, 0x81, 0x7E,
    0xE0, 0x04, 0xFF, 0x88, 0x83, 0x7F, 0xF0, 0x0F, 0x7E, 0xE0, 0x0F, 0xFC, 0xF9, 0x0F, 0xFF, 0x81,
    0x7D, 0xE0, 0x0B, 0xFF, 0x81, 0xFD, 0xF1, 0x0F, 0xFF, 0x81, 0x7D, 0xC0, 0x0C, 0xFF, 0x80, 0xF8,
    0x0F, 0xFF, 0x81, 0x7D, 0xC0, 0x0C, 0xFF, 0x80, 0xF9, 0x0F, 0xFF, 0x81, 0xF9, 0xC0, 0x0C, 0xFF,
    0x80, 0xFE, 0x0F, 0xFF, 0x81, 0xFB, 0xC0, 0x1C, 0xFF, 0x81, 0xF3, 0x80, 0x1C, 0xFF, 0x81, 0xF7,
    0x81, 0x1C, 0xFF, 0x81, 0xF7, 0x81, 0x1C, 0xFF, 0x81, 0xE7, 0x03, 0x1C, 0xFF, 0x81, 0xEF, 0x03,
    0x1C, 0xFF, 0x82, 0xCF, 0x07, 0xFE, 0x1B, 0xFF, 0x82, 0xDF, 0x07, 0xFE, 0x1B, 0xFF, 0x82, 0xBF,
    0x0F, 0xFC, 0x1B, 0xFF, 0x82, 0xBF, 0x0F, 0xFC, 0x1B, 0xFF, 0x82, 0x7F, 0x1F, 0xF8, 0x1C, 0xFF,
    0x81, 0x1F, 0xF8, 0x1C, 0xFF, 0x81, 0x3E, 0xF0, 0x1C, 0xFF, 0x81, 0x7D, 0xE0, 0x1C, 0xFF, 0x81,
    0x7F, 0xE0, 0x1D, 0xFF, 0x80, 0xC0, 0x1D, 0xFF, 0x80, 0x81, 0x1D, 0xFF, 0x80, 0x03, 0x1D, 0xFF,
    0x81, 0x03, 0xFE, 0x1B, 0xFF, 0x82, 0xDF, 0x07, 0xFE, 0x1C, 0xFF, 0x81, 0x0F, 0xFC, 0x1C, 0xFF,
    0x81, 0x1F, 0xF8, 0x1C, 0xFF, 0x81, 0x3F, 0xF0, 0x1C, 0xFF, 0x81, 0x7F, 0xE0, 0x1D, 0xFF, 0x80,
    0xC0, 0x1D, 0xFF, 0x80, 0x81, 0x1D, 0xFF, 0x80, 0x81, 0x1D, 0xFF, 0x80, 0x07, 0x1D, 0xFF, 0x81,
    0x7F, 0xFC, 0x1D, 0xFF, 0x80, 0xF8, 0x1D, 0xFF, 0x80, 0xE3, 0x1D, 0xFF, 0x80, 0x87, 0x1D, 0xFF,
    0x81, 0x3F, 0xFC, 0x1D, 0xFF, 0x80, 0xF0, 0x1D, 0xFF, 0x80, 0xC1, 0x1D, 0xFF, 0x81, 0x0F, 0xFC,
    0x1C, 0xFF, 0x81, 0x3F, 0xF0, 0x1D, 0xFF, 0x80, 0x01, 0x1D, 0xFF, 0x82, 0x0F, 0x00, 0xFE, 0x1C,
    0xFF, 0x81, 0x00, 0xFC, 0x1D, 0xFF, 0x80, 0xFE, 0x7F, 0xFF, 0x7F, 0xFF, 0x7F, 0xFF, 0x7F, 0xFF,
    0x7F, 0xFF, 0x7F, 0xFF, 0x7F, 0xFF, 0x7F, 0xFF, 0x7F, 0xFF, 0x7F, 0xFF, 0x7F, 0xFF, 0x7F, 0xFF,
    0x7F, 0xFF, 0x7F, 0xFF, 0x7E, 0xFF, 0x02, 0xFD, 0x06, 0x00, 0x00, 0x00, 0x00, 0x01, 0xFF, 0x64,
    0x00, 0x05, 0xFA, 0x05, 0x05, 0x00, 0x7F, 0xFF, 0x7F, 0xFF, 0x7F, 0xFF, 0x7F, 0xFF, 0x7F, 0xFF,
    0x27, 0xFF, 0x81, 0x7F, 0xFC, 0x1C, 0xFF, 0x81, 0x07, 0xFC, 0x1C, 0xFF, 0x81, 0x00, 0xFC, 0x1B,
    0xFF, 0x82, 0x0F, 0x00, 0xFC, 0x1B, 0xFF, 0x82, 0x03, 0x00, 0xFC, 0x1A, 0xFF, 0x80, 0x7F, 0x02,
    0x00, 0x80, 0xFC, 0x1A, 0xFF, 0x80, 0x0F, 0x02, 0x00, 0x80, 0xFC, 0x1A, 0xFF, 0x80, 0x01, 0x02,
    0x00, 0x80, 0xFC, 0x19, 0xFF, 0x80, 0x7F, 0x03, 0x00, 0x80, 0xFC, 0x19, 0xFF, 0x80, 0x1F, 0x03,
    0x00, 0x80, 0xFC, 0x19, 0xFF, 0x80, 0x07, 0x03, 0x00, 0x80, 0xFC, 0x19, 0xFF, 0x80, 0x03, 0x03,
    0x00, 0x80, 0xFC, 0x19, 0xFF, 0x80, 0x01, 0x03, 0x00, 0x80, 0xFC, 0x18, 0xFF, 0x80, 0x7F, 0x04,
    0x00, 0x80, 0xFC, 0x17, 0xFF, 0x80, 0x7F, 0x05, 0x00, 0x80, 0xFC, 0x17, 0xFF, 0x80, 0x3F, 0x05,
    0x00, 0x80, 0xFC, 0x17, 0xFF, 0x80, 0x3F, 0x05, 0x00, 0x80, 0xFC, 0x17, 0xFF, 0x80, 0x1F, 0x05,
    0x00, 0x80, 0xFC, 0x17, 0xFF, 0x80, 0x0F, 0x05, 0x00, 0x80, 0xFC, 0x17, 0xFF, 0x80, 0x07, 0x05,
    0x00, 0x80, 0xFC, 0x17, 0xFF, 0x80, 0x03, 0x05, 0x00, 0x80, 0xFC, 0x17, 0xFF, 0x80, 0x03, 0x05,
    0x00, 0x80, 0xFC, 0x17, 0xFF, 0x80, 0x01, 0x05, 0x00, 0x80, 0xFC, 0x17, 0xFF, 0x06, 0x00, 0x80,
    0xFC, 0x16, 0xFF, 0x80, 0x7F, 0x06, 0x00, 0x80, 0xFC, 0x16, 0xFF, 0x80, 0x3F, 0x06, 0x00, 0x80,
    0xFC, 0x16, 0xFF, 0x80, 0x1F, 0x06, 0x00, 0x80, 0xFC, 0x16, 0xFF, 0x80, 0x1F, 0x06, 0x00, 0x80,
    0xFC, 0x16, 0xFF, 0x80, 0x0F, 0x06, 0x00, 0x80, 0xFC, 0x16, 0xFF, 0x80, 0x07, 0x06, 0x00, 0x80,
    0xFC, 0x16, 0xFF, 0x80, 0x03, 0x06, 0x00, 0x80, 0xFC, 0x16, 0xFF, 0x80, 0x03, 0x06, 0x00, 0x80,
    0xFC, 0x16, 0xFF, 0x80, 0x01, 0x04, 0x00, 0x81, 0x0C, 0xFC, 0x17, 0xFF, 0x04, 0x00, 0x81, 0xF0,
    0xCF, 0x18, 0xFF, 0x04, 0x00, 0x80, 0xFE, 0x18, 0xFF, 0x80, 0x7F, 0x03, 0x00, 0x80, 0x80, 0x19,
    0xFF, 0x80, 0x3F, 0x03, 0x00, 0x80, 0xE0, 0x19, 0xFF, 0x80, 0x3F, 0x03, 0x00, 0x84, 0xFC, 0xFF,
    0x3F, 0x00, 0xFC, 0x15, 0xFF, 0x80, 0x1F, 0x03, 0x00, 0x81, 0xFE, 0xFF, 0x02, 0x00, 0x80, 0xFC,
    0x15, 0xFF, 0x80, 0x0F, 0x03, 0x00, 0x81, 0xFE, 0x1F, 0x02, 0x00, 0x80, 0xFC, 0x15, 0xFF, 0x80,
    0x0F, 0x03, 0x00, 0x81, 0xFC, 0x01, 0x02, 0x00, 0x80, 0xFC, 0x15, 0xFF, 0x80, 0x07, 0x03, 0x00,
    0x80, 0x08, 0x03, 0x00, 0x80, 0xFC, 0x15, 0xFF, 0x80, 0x03, 0x03, 0x00, 0x80, 0x08, 0x03, 0x00,
    0x80, 0xFC, 0x15, 0xFF, 0x80, 0x03, 0x06, 0x00, 0x17, 0xFF, 0x80, 0x01, 0x05, 0x00, 0x82, 0xF8,
    0xFF, 0x7F, 0x15, 0xFF, 0x06, 0x00, 0x18, 0xFF, 0x04, 0x00, 0x81, 0x0F, 0xE0, 0x03, 0xFF, 0x80,
    0xBF, 0x14, 0xFF, 0x80, 0x01, 0x02, 0x00, 0x82, 0xC0, 0x1F, 0xFC, 0x04, 0xFF, 0x80, 0xF8, 0x13,
    0xFF, 0x80, 0x01, 0x02, 0x00, 0x81, 0xE0, 0x3F, 0x05, 0xFF, 0x80, 0xE7, 0x13, 0xFF, 0x80, 0x01,
    0x02, 0x00, 0x82, 0xF8, 0xFF, 0xD7, 0x04, 0xFF, 0x80, 0xDF, 0x13, 0xFF, 0x80, 0x01, 0x02, 0x00,
    0x82, 0xF8, 0xF9, 0xEF, 0x04, 0xFF, 0x80, 0x3F, 0x13, 0xFF, 0x80, 0x01, 0x02, 0x00, 0x81, 0xFE,
    0xF8, 0x06, 0xFF, 0x80, 0xFC, 0x12, 0xFF, 0x80, 0x01, 0x02, 0x00, 0x80, 0xFF, 0x02, 0xBE, 0x05,
    0xFF, 0x80, 0xF3, 0x12, 0xFF, 0x80, 0x01, 0x02, 0x00, 0x82, 0x7F, 0x22, 0xA9, 0x05, 0xFF, 0x80,
    0xE7, 0x12, 0xFF, 0x85, 0x01, 0x00, 0xC0, 0xFF, 0x01, 0x50, 0x05, 0xFF, 0x80, 0xCF, 0x12, 0xFF,
    0x02, 0x00, 0x83, 0xC0, 0x6F, 0x00, 0xA0, 0x05, 0xFF, 0x80, 0xBF, 0x12, 0xFF, 0x02, 0x00, 0x83,
    0xE0, 0x07, 0x00, 0x40, 0x05, 0xFF, 0x80, 0x3F, 0x12, 0xFF, 0x02, 0x00, 0x81, 0xF0, 0x13, 0x02,
    0x00, 0x80, 0xFE, 0x04, 0xFF, 0x81, 0x7F, 0xFE, 0x11, 0xFF, 0x02, 0x00, 0x84, 0xF8, 0x01, 0xE8,
    0x83, 0xFE, 0x05, 0xFF, 0x80, 0xF8, 0x11, 0xFF, 0x02, 0x00, 0x84, 0xFC, 0x04, 0xFE, 0xAF, 0xFE,
    0x05, 0xFF, 0x80, 0xF1, 0x11, 0xFF, 0x02, 0x00, 0x83, 0x7C, 0xC6, 0xFF, 0x7F, 0x06, 0xFF, 0x80,
    0xF1, 0x10, 0xFF, 0x80, 0x7F, 0x02, 0x00, 0x81, 0x3E, 0xE9, 0x08, 0xFF, 0x80, 0xE3, 0x10, 0xFF,
    0x80, 0x7F, 0x02, 0x00, 0x81, 0xBE, 0xF8, 0x08, 0xFF, 0x80, 0xC3, 0x10, 0xFF, 0x80, 0x7F, 0x02,
    0x00, 0x81, 0x1E, 0xFE, 0x08, 0xFF, 0x80, 0x87, 0x10, 0xFF, 0x83, 0x3F, 0x00, 0x10, 0x1C, 0x09,
    0xFF, 0x80, 0x0F, 0x10, 0xFF, 0x83, 0x3F, 0x00, 0x10, 0x80, 0x09, 0xFF, 0x81, 0x17, 0xFE, 0x0F,
    0xFF, 0x83, 0x3F, 0x00, 0x18, 0x80, 0x09, 0xFF, 0x81, 0x0F, 0xFE, 0x0F, 0xFF, 0x83, 0x3F, 0x00,
    0x08, 0xE0, 0x09, 0xFF, 0x81, 0x1F, 0xFE, 0x0F, 0xFF, 0x83, 0x3F, 0x00, 0x08, 0xE0, 0x09, 0xFF,
    0x81, 0x2F, 0xFE, 0x0F, 0xFF, 0x83, 0x3F, 0x00, 0x0C, 0xF0, 0x09, 0xFF, 0x81, 0x0F, 0xFC, 0x0F,
    0xFF, 0x83, 0x3F, 0x00, 0x04, 0xF0, 0x09, 0xFF, 0x81, 0x7F, 0xFC, 0x0F, 0xFF, 0x83, 0x3F, 0x60,
    0x04, 0xF8, 0x09, 0xFF, 0x81, 0x4F, 0xF8, 0x0F, 0xFF, 0x83, 0x7F, 0xE0, 0x07, 0xFC, 0x09, 0xFF,
    0x81, 0x1F, 0xF0, 0x10, 0xFF, 0x82, 0xF7, 0x07, 0xFC, 0x09, 0xFF, 0x81, 0x2F, 0xF1, 0x10, 0xFF,
    0x82, 0xFB, 0x03, 0xFE, 0x09, 0xFF, 0x81, 0x4F, 0xF9, 0x10, 0xFF, 0x82, 0xFB, 0x03, 0xFE, 0x09,
    0xFF, 0x81, 0x0F, 0xFC, 0x10, 0xFF, 0x81, 0xFB, 0x01, 0x0A, 0xFF, 0x80, 0xDF, 0x11, 0xFF, 0x81,
    0xFB, 0x01, 0x0A, 0xFF, 0x80, 0xF7, 0x12, 0xFF, 0x80, 0x00, 0x1C, 0xFF, 0x81, 0xFD, 0x80, 0x1C,
    0xFF, 0x81, 0xFD, 0x80, 0x1C, 0xFF, 0x81, 0xFD, 0xC0, 0x1C, 0xFF, 0x81, 0x7F, 0xC0, 0x1C, 0xFF,
    0x81, 0x7F, 0xC0, 0x1C, 0xFF, 0x81, 0x7F, 0xE0, 0x1C, 0xFF, 0x81, 0x7F, 0xE0, 0x1C, 0xFF, 0x81,
    0x7F, 0xE0, 0x1C, 0xFF, 0x81, 0x3E, 0xE0, 0x1C, 0xFF, 0x81, 0x3E, 0xE0, 0x1C, 0xFF, 0x81, 0x3E,
    0xE0, 0x04, 0xFF, 0x86, 0xC3, 0x03, 0x7E, 0xC0, 0x7F, 0x78, 0xC0, 0x11, 0xFF, 0x81, 0x3E, 0xE0,
    0x04, 0xFF, 0x86, 0x83, 0x01, 0x3C, 0x80, 0x7F, 0x30, 0x80, 0x11, 0xFF, 0x81, 0x3E, 0xE0, 0x04,
    0xFF, 0x84, 0x83, 0x00, 0x18, 0x00, 0x7F, 0x02, 0x00, 0x11, 0xFF, 0x81, 0x3E, 0xE0, 0x04, 0xFF,
    0x80, 0x03, 0x03, 0x00, 0x80, 0x7F, 0x02, 0x00, 0x11, 0xFF, 0x81, 0x3F, 0xE0, 0x04, 0xFF, 0x81,
    0x03, 0x08, 0x02, 0x00, 0x80, 0x7E, 0x02, 0x00, 0x80, 0xFE, 0x10, 0xFF, 0x81, 0x3F, 0xE0, 0x02,
    0xFF, 0x89, 0xFE, 0xFF, 0x03, 0x3E, 0xC0, 0x03, 0x7E, 0xC0, 0x07, 0xFE, 0x10, 0xFF, 0x83, 0x3F,
    0xE0, 0xFF, 0x7F, 0x02, 0xFF, 0x87, 0x03, 0x3F, 0xE0, 0x07, 0x7E, 0xE0, 0x07, 0xFE, 0x10, 0xFF,
    0x81, 0x3F, 0xE0, 0x04, 0xFF, 0x87, 0x83, 0x3F, 0xF0, 0x07, 0x7E, 0xF0, 0x0F, 0xFE, 0x10, 0xFF,
    0x81, 0x3F, 0xE0, 0x04, 0xFF, 0x87, 0x83, 0x3F, 0xF0, 0x07, 0x7E, 0xF0, 0x0F, 0xFE, 0x10, 0xFF,
    0x81, 0x3F, 0xE0, 0x04, 0xFF, 0x87, 0x83, 0x3F, 0xF0, 0x07, 0x7E, 0xF0, 0x0F, 0xFE, 0x10, 0xFF,
    0x81, 0x3F, 0xE0, 0x04, 0xFF, 0x87, 0x83, 0x3F, 0xF0, 0x07, 0x7E, 0xF0, 0x0F, 0xFE, 0x10, 0xFF,
    0x81, 0x3F, 0xE0, 0x04, 0xFF, 0x87, 0x83, 0x7F, 0xF0, 0x07, 0x7E, 0xF0, 0x0F, 0xFE, 0x10, 0xFF,
    0x81, 0x3F, 0xC0, 0x04, 0xFF, 0x87, 0x83, 0x7F, 0xF0, 0x07, 0x7E, 0xF0, 0x0F, 0xFE, 0x10, 0xFF,
    0x81, 0x7F, 0xC0, 0x04, 0xFF, 0x87, 0x83, 0x3F, 0xF0, 0x07, 0x7E, 0xF0, 0x0F, 0xFE, 0x10, 0xFF,
    0x81, 0x7F, 0xC0, 0x04, 0xFF, 0x87, 0x83, 0x7F, 0xF0, 0x07, 0x7E, 0xF0, 0x0F, 0xFE, 0x10, 0xFF,
    0x81, 0x7F, 0xC0, 0x04, 0xFF, 0x87, 0x83, 0x3F, 0xF0, 0x07, 0x7E, 0xF0, 0x0F, 0xFE, 0x10, 0xFF,
    0x81, 0x7F, 0xC0, 0x04, 0xFF, 0x87, 0x83, 0x3F, 0xF0, 0x07, 0x7E, 0xF0, 0x0F, 0xFE, 0x11, 0xFF,
    0x80, 0x80, 0x04, 0xFF, 0x87, 0x83, 0x7F, 0xF0, 0x07, 0x7E, 0xF0, 0x0F, 0xFE, 0x11, 0xFF, 0x80,
    0x80, 0x04, 0xFF, 0x87, 0x83, 0x3F, 0xF0, 0x07, 0x7E, 0xF0, 0x0F, 0xFE, 0x11, 0xFF, 0x80, 0x80,
    0x04, 0xFF, 0x87, 0x83, 0x7F, 0xF0, 0x07, 0x7E, 0xF0, 0x07, 0xFE, 0x11, 0xFF, 0x80, 0x00, 0x04,
    0xFF, 0x87, 0x83, 0x7F, 0xF0, 0x07, 0x7E, 0xF0, 0x0F, 0xFE, 0x11, 0xFF, 0x80, 0x01, 0x0B, 0xFF,
    0x80, 0xF8, 0x11, 0xFF, 0x80, 0x01, 0x0B, 0xFF, 0x80, 0xFB, 0x11, 0xFF, 0x80, 0x01, 0x0B, 0xFF,
    0x80, 0xFD, 0x11, 0xFF, 0x81, 0x03, 0xFE, 0x0A, 0xFF, 0x80, 0xFD, 0x11, 0xFF, 0x80, 0x03, 0x0B,
    0xFF, 0x80, 0xFD, 0x11, 0xFF, 0x80, 0x07, 0x0B, 0xFF, 0x80, 0xFE, 0x11, 0xFF, 0x80, 0x8F, 0x0B,
    0xFF, 0x80, 0xFE, 0x1D, 0xFF, 0x80, 0xFE, 0x3A, 0xFF, 0x80, 0x7F, 0x7F, 0xFF, 0x7F, 0xFF, 0x7F,
    0xFF, 0x7F, 0xFF, 0x7F, 0xFF, 0x7F, 0xFF, 0x7F, 0xFF, 0x7F, 0xFF, 0x7F, 0xFF, 0x7F, 0xFF, 0x7F,
    0xFF, 0x7F, 0xFF, 0x7F, 0xFF, 0x7F, 0xFF, 0x7F, 0xFF, 0x7F, 0xFF, 0x7F, 0xFF, 0x7F, 0xFF, 0x7F,
    0xFF, 0x7F, 0xFF, 0x7F, 0xFF, 0x7F, 0xFF, 0x7F, 0xFF, 0x1D, 0xFF, 0x02, 0xFD, 0x06, 0x00, 0x00,
    0x00, 0x00, 0x01, 0xFF, 0x64, 0x00, 0x05, 0xFA, 0x8E, 0x01, 0x00, 0x7F, 0xFF, 0x7F, 0xFF, 0x7F,
    0xFF, 0x7F, 0xFF, 0x7F, 0xFF, 0x7F, 0xFF, 0x7F, 0xFF, 0x7F, 0xFF, 0x7F, 0xFF, 0x7F, 0xFF, 0x7F,
    0xFF, 0x7F, 0xFF, 0x7F, 0xFF, 0x7F, 0xFF, 0x07, 0xFF, 0x80, 0xFD, 0x1B, 0xFF, 0x82, 0x3F, 0x00,
    0xFC, 0x1A, 0xFF, 0x80, 0x7F, 0x02, 0x00, 0x80, 0xFC, 0x1A, 0xFF, 0x80, 0x0F, 0x02, 0x00, 0x80,
    0xFC, 0x1A, 0xFF, 0x80, 0x03, 0x02, 0x00, 0x80, 0xFC, 0x1A, 0xFF, 0x80, 0x03, 0x02, 0x00, 0x80,
    0xFC, 0x1A, 0xFF, 0x80, 0x07, 0x02, 0x00, 0x80, 0xFC, 0x1A, 0xFF, 0x80, 0x07, 0x02, 0x00, 0x80,
    0xFC, 0x1A, 0xFF, 0x80, 0x0F, 0x02, 0x00, 0x80, 0xFC, 0x1A, 0xFF, 0x83, 0x07, 0x68, 0x7F, 0xFE,
    0x1A, 0xFF, 0x83, 0x01, 0xB8, 0x7D, 0xFC, 0x19, 0xFF, 0x84, 0x1F, 0x00, 0xD4, 0xFF, 0xFC, 0x19,
    0xFF, 0x84, 0x03, 0x00, 0x7C, 0xFF, 0xFC, 0x19, 0xFF, 0x84, 0x01, 0x00, 0xC0, 0xFF, 0xFD, 0x18,
    0xFF, 0x80, 0x7F, 0x02, 0x00, 0x82, 0xF8, 0xFF, 0xFD, 0x18, 0xFF, 0x82, 0x3F, 0x00, 0xC0, 0x02,
    0xFF, 0x80, 0xFD, 0x18, 0xFF, 0x82, 0x1F, 0x00, 0xF8, 0x02, 0xFF, 0x80, 0xFD, 0x18, 0xFF, 0x82,
    0x07, 0x00, 0xFE, 0x1B, 0xFF, 0x81, 0x03, 0x00, 0x1C, 0xFF, 0x81, 0x01, 0xC0, 0x1C, 0xFF, 0x81,
    0x00, 0xF0, 0x1B, 0xFF, 0x82, 0x7F, 0x00, 0xF8, 0x1B, 0xFF, 0x82, 0x3F, 0x00, 0xFC, 0x1B, 0xFF,
    0x81, 0x1F, 0x80, 0x1C, 0xFF, 0x81, 0x1F, 0xC0, 0x06, 0xFF, 0x80, 0xFB, 0x15, 0xFF, 0x81, 0x0F,
    0xF0, 0x06, 0xFF, 0x80, 0xEF, 0x15, 0xFF, 0x81, 0x0F, 0xF8, 0x06, 0xFF, 0x80, 0xDF, 0x15, 0xFF,
    0x81, 0x0F, 0xF8, 0x06, 0xFF, 0x80, 0xBF, 0x15, 0xFF, 0x81, 0x3F, 0xFC, 0x06, 0xFF, 0x80, 0x7F,
    0x1E, 0xFF, 0x80, 0xFE, 0x1D, 0xFF, 0x80, 0xFD, 0x1D, 0xFF, 0x80, 0xFD, 0x1D, 0xFF, 0x80, 0xFB,
    0x1D, 0xFF, 0x80, 0xF7, 0x1D, 0xFF, 0x80, 0xE7, 0x1D, 0xFF, 0x80, 0xEF, 0x1D, 0xFF, 0x80, 0xDF,
    0x1D, 0xFF, 0x80, 0x9F, 0x1D, 0xFF, 0x80, 0xBF, 0x1D, 0xFF, 0x80, 0xBF, 0x1D, 0xFF, 0x80, 0x3F,
    0x1D, 0xFF, 0x80, 0x7F, 0x3C, 0xFF, 0x80, 0xFE, 0x1D, 0xFF, 0x80, 0xFE, 0x1D, 0xFF, 0x80, 0xFD,
    0x1D, 0xFF, 0x80, 0xFD, 0x1D, 0xFF, 0x80, 0xFD, 0x1D, 0xFF, 0x80, 0xFD, 0x1D, 0xFF, 0x80, 0xF9,
    0x1D, 0xFF, 0x80, 0xFB, 0x7F, 0xFF, 0x7F, 0xFF, 0x7F, 0xFF, 0x7F, 0xFF, 0x75, 0xFF, 0x80, 0xFB,
    0x1C, 0xFF, 0x81, 0x3F, 0xF8, 0x7F, 0xFF, 0x7F, 0xFF, 0x7F, 0xFF, 0x7F, 0xFF, 0x7F, 0xFF, 0x7F,
    0xFF, 0x7F, 0xFF, 0x7F, 0xFF, 0x7F, 0xFF, 0x7F, 0xFF, 0x7F, 0xFF, 0x7F, 0xFF, 0x7F, 0xFF, 0x7F,
    0xFF, 0x7F, 0xFF, 0x7F, 0xFF, 0x7F, 0xFF, 0x7F, 0xFF, 0x7F, 0xFF, 0x7F, 0xFF, 0x7F, 0xFF, 0x7F,
    0xFF, 0x7F, 0xFF, 0x7F, 0xFF, 0x7F, 0xFF, 0x4F, 0xFF, 0x02, 0xFD, 0x06, 0x00, 0x00, 0x00, 0x00,
    0x01, 0xFF, 0x64, 0x00, 0x05, 0xFA, 0xB3, 0x01, 0x00, 0x7F, 0xFF, 0x7F, 0xFF, 0x7F, 0xFF, 0x7F,
    0xFF, 0x7F, 0xFF, 0x7F, 0xFF, 0x7F, 0xFF, 0x7F, 0xFF, 0x7F, 0xFF, 0x7F, 0xFF, 0x7F, 0xFF, 0x7F,
    0xFF, 0x7F, 0xFF, 0x7F, 0xFF, 0x7F, 0xFF, 0x7F, 0xFF, 0x7F, 0xFF, 0x7F, 0xFF, 0x7F, 0xFF, 0x7F,
    0xFF, 0x7F, 0xFF, 0x7F, 0xFF, 0x7F, 0xFF, 0x06, 0xFF, 0x80, 0xEF, 0x77, 0xFF, 0x80, 0xBF, 0x3B,
    0xFF, 0x80, 0x7F, 0x02, 0xFF, 0x81, 0x7F, 0xF8, 0x19, 0xFF, 0x80, 0x7F, 0x02, 0xFF, 0x81, 0x3F,
    0xF1, 0x1A, 0xFF, 0x83, 0xFE, 0xFF, 0x3F, 0xF7, 0x1A, 0xFF, 0x80, 0xFE, 0x02, 0xFF, 0x80, 0xFA,
    0x1D, 0xFF, 0x80, 0xFD, 0x7F, 0xFF, 0x13, 0xFF, 0x83, 0x3C, 0xC0, 0x3F, 0xF0, 0x17, 0xFF, 0x86,
    0x7F, 0xE3, 0xFF, 0x18, 0x80, 0x3F, 0xF0, 0x15, 0xFF, 0x88, 0xEF, 0xFF, 0x5F, 0x82, 0x7F, 0x08,
    0x80, 0x3F, 0xF0, 0x15, 0xFF, 0x84, 0x83, 0xFC, 0x0F, 0x80, 0x3F, 0x02, 0x00, 0x81, 0x3F, 0xF0,
    0x15, 0xFF, 0x88, 0x03, 0x7F, 0xC1, 0x01, 0x3F, 0xE0, 0x03, 0x3F, 0xF0, 0x12, 0xFF, 0x8B, 0xEF,
    0x7F, 0xFD, 0x81, 0x3F, 0xF0, 0x03, 0x3F, 0xF0, 0x03, 0x3F, 0xF0, 0x12, 0xFF, 0x8B, 0xCB, 0x3F,
    0xF8, 0x81, 0x3F, 0xF8, 0x03, 0x3F, 0xF0, 0x07, 0x3F, 0xF0, 0x12, 0xFF, 0x8B, 0xE6, 0x7F, 0xF8,
    0xC1, 0x3F, 0xF8, 0x07, 0x3F, 0xF8, 0x07, 0x3F, 0xF0, 0x12, 0xFF, 0x8B, 0xE0, 0x7F, 0xF0, 0x81,
    0x3F, 0xF8, 0x07, 0x3F, 0xF8, 0x07, 0x3F, 0xF0, 0x12, 0xFF, 0x8B, 0xE0, 0x7F, 0xF0, 0xC1, 0x3F,
    0xF8, 0x07, 0x3F, 0xF0, 0x07, 0x3F, 0xF0, 0x12, 0xFF, 0x8B, 0xE0, 0x7F, 0xF0, 0x81, 0x3F, 0xF8,
    0x07, 0x3F, 0xF0, 0x07, 0x3F, 0xF0, 0x12, 0xFF, 0x8B, 0xE0, 0x3F, 0xF0, 0x81, 0x3F, 0xF8, 0x03,
    0x3F, 0xF8, 0x07, 0x3F, 0xF0, 0x12, 0xFF, 0x8B, 0xC0, 0x3F, 0xF0, 0x81, 0x3F, 0xF8, 0x07, 0x3F,
    0xF0, 0x07, 0x3F, 0xF0, 0x12, 0xFF, 0x8B, 0xC0, 0x3F, 0xF0, 0x81, 0x3F, 0xF8, 0x03, 0x3F, 0xF0,
    0x07, 0x3F, 0xF0, 0x12, 0xFF, 0x8B, 0xC0, 0x1F, 0xF8, 0x81, 0x3F, 0xF8, 0x07, 0x3F, 0xF0, 0x07,
    0x3F, 0xF0, 0x12, 0xFF, 0x8B, 0x81, 0x0F, 0xF8, 0x81, 0x3F, 0xF0, 0x03, 0x3F, 0xF0, 0x07, 0x3F,
    0xF0, 0x12, 0xFF, 0x8B, 0x01, 0x00, 0xFC, 0x81, 0x3F, 0xF8, 0x03, 0x3F, 0xF0, 0x07, 0x3F, 0xF0,
    0x12, 0xFF, 0x8B, 0x03, 0x00, 0xFC, 0x81, 0x3F, 0xF8, 0x03, 0x3F, 0xF0, 0x07, 0x3F, 0xF0, 0x12,
    0xFF, 0x8B, 0x07, 0x00, 0xFE, 0x81, 0x3F, 0xF0, 0x07, 0x3F, 0xF0, 0x07, 0x3F, 0xF0, 0x12, 0xFF,
    0x8B, 0x0F, 0x80, 0xFF, 0x81, 0x3F, 0xF0, 0x03, 0x3F, 0xF0, 0x07, 0x3F, 0xF0, 0x12, 0xFF, 0x81,
    0x3F, 0xE0, 0x7F, 0xFF, 0x7F, 0xFF, 0x7F, 0xFF, 0x2A, 0xFF, 0x80, 0xFE, 0x3B, 0xFF, 0x80, 0xFE,
    0x7F, 0xFF, 0x7F, 0xFF, 0x7F, 0xFF, 0x7F, 0xFF, 0x7F, 0xFF, 0x7F, 0xFF, 0x7F, 0xFF, 0x7F, 0xFF,
    0x7F, 0xFF, 0x7F, 0xFF, 0x7F, 0xFF, 0x7F, 0xFF, 0x7F, 0xFF, 0x7F, 0xFF, 0x7F, 0xFF, 0x7F, 0xFF,
    0x7F, 0xFF, 0x7F, 0xFF, 0x7F, 0xFF, 0x7F, 0xFF, 0x7F, 0xFF, 0x4D, 0xFF, 0x02, 0xFD, 0x06, 0x00,
    0x00, 0x00, 0x00, 0x01, 0xFF, 0xE8, 0x03, 0x05, 0xFA, 0xC2, 0x01, 0x00, 0x7F, 0xFF, 0x7F, 0xFF,
    0x7F, 0xFF, 0x7F, 0xFF, 0x7F, 0xFF, 0x7F, 0xFF, 0x7F, 0xFF, 0x7F, 0xFF, 0x7F, 0xFF, 0x7F, 0xFF,
    0x7F, 0xFF, 0x7F, 0xFF, 0x7F, 0xFF, 0x7F, 0xFF, 0x7F, 0xFF, 0x7F, 0xFF, 0x7F, 0xFF, 0x7F, 0xFF,
    0x7F, 0xFF, 0x7F, 0xFF, 0x7F, 0xFF, 0x7F, 0xFF, 0x7F, 0xFF, 0x7F, 0xFF, 0x3E, 0xFF, 0x81, 0x3F,
    0xF8, 0x1C, 0xFF, 0x81, 0x3F, 0xF0, 0x1C, 0xFF, 0x81, 0x3F, 0xF0, 0x1C, 0xFF, 0x81, 0x3F, 0xF0,
    0x1C, 0xFF, 0x81, 0x7F, 0xF8, 0x6C, 0xFF, 0x81, 0x7F, 0xE0, 0x02, 0xFF, 0x85, 0x03, 0x7F, 0xF0,
    0x7F, 0x7C, 0xE0, 0x14, 0xFF, 0x8B, 0x1F, 0x80, 0xFF, 0xC1, 0x00, 0x1E, 0xC0, 0x3F, 0x1C, 0xC0,
    0x3F, 0xF0, 0x12, 0xFF, 0x8B, 0x07, 0x00, 0xFE, 0x41, 0x00, 0x0C, 0x80, 0x3F, 0x08, 0x80, 0x3F,
    0xF0, 0x12, 0xFF, 0x83, 0x03, 0x00, 0xFC, 0x01, 0x02, 0x00, 0x85, 0x80, 0x3F, 0x00, 0x80, 0x3F,
    0xF0, 0x12, 0xFF, 0x83, 0x01, 0x00, 0xFC, 0x01, 0x03, 0x00, 0x80, 0x3F, 0x02, 0x00, 0x81, 0x3F,
    0xF0, 0x12, 0xFF, 0x8B, 0x01, 0x0F, 0xF8, 0x01, 0x0E, 0xC0, 0x01, 0x3F, 0xE0, 0x01, 0x3F, 0xF0,
    0x12, 0xFF, 0x8B, 0x80, 0x1F, 0xF8, 0x81, 0x1F, 0xF0, 0x03, 0x3F, 0xF0, 0x03, 0x3F, 0xF0, 0x12,
    0xFF, 0x8B, 0xC0, 0x3F, 0xF0, 0x81, 0x3F, 0xF8, 0x03, 0x3F, 0xF8, 0x03, 0x3F, 0xF0, 0x12, 0xFF,
    0x8B, 0xC0, 0x3F, 0xF0, 0x81, 0x3F, 0xF8, 0x03, 0x3F, 0xF8, 0x03, 0x3F, 0xF0, 0x11, 0xFF, 0x8C,
    0x7F, 0xE0, 0x3F, 0xF0, 0x81, 0x3F, 0xF8, 0x03, 0x3F, 0xF8, 0x03, 0x3F, 0xF0, 0x11, 0xFF, 0x8C,
    0x7F, 0xE0, 0x3F, 0xF0, 0x81, 0x3F, 0xF8, 0x03, 0x3F, 0xF8, 0x03, 0x3F, 0xF0, 0x11, 0xFF, 0x8C,
    0x7F, 0xE0, 0x3F, 0xF0, 0x81, 0x3F, 0xF8, 0x03, 0x3F, 0xF8, 0x03, 0x3F, 0xF0, 0x11, 0xFF, 0x8C,
    0x7F, 0xE0, 0x3F, 0xF0, 0x81, 0x3F, 0xF8, 0x03, 0x3F, 0xF8, 0x07, 0x3F, 0xF0, 0x12, 0xFF, 0x8B,
    0xC0, 0x3F, 0xF0, 0x81, 0x3F, 0xF8, 0x03, 0x3F, 0xF8, 0x03, 0x3F, 0xF0, 0x12, 0xFF, 0x8B, 0xC0,
    0x3F, 0xF0, 0x81, 0x3F, 0xF8, 0x03, 0x3F, 0xF8, 0x03, 0x3F, 0xF0, 0x12, 0xFF, 0x8B, 0x80, 0x1F,
    0xF8, 0x81, 0x3F, 0xF8, 0x03, 0x3F, 0xF8, 0x03, 0x3F, 0xF0, 0x12, 0xFF, 0x8B, 0x81, 0x0F, 0xF8,
    0x81, 0x3F, 0xF8, 0x03, 0x3F, 0xF8, 0x03, 0x3F, 0xF0, 0x12, 0xFF, 0x8B, 0x01, 0x00, 0xFC, 0x81,
    0x3F, 0xF8, 0x03, 0x3F, 0xF8, 0x03, 0x3F, 0xF0, 0x12, 0xFF, 0x8B, 0x03, 0x00, 0xFC, 0x81, 0x3F,
    0xF8, 0x03, 0x3F, 0xF8, 0x03, 0x3F, 0xF0, 0x12, 0xFF, 0x8B, 0x07, 0x00, 0xFE, 0x81, 0x3F, 0xF8,
    0x03, 0x3F, 0xF8, 0x03, 0x3F, 0xF0, 0x12, 0xFF, 0x8B, 0x0F, 0x80, 0xFF, 0x81, 0x3F, 0xF8, 0x03,
    0x3F, 0xF8, 0x03, 0x3F, 0xF0, 0x12, 0xFF, 0x81, 0x3F, 0xE0, 0x7F, 0xFF, 0x7F, 0xFF, 0x7F, 0xFF,
    0x7F, 0xFF, 0x7F, 0xFF, 0x7F, 0xFF, 0x7F, 0xFF, 0x7F, 0xFF, 0x7F, 0xFF, 0x7F, 0xFF, 0x7F, 0xFF,
    0x7F, 0xFF, 0x7F, 0xFF, 0x7F, 0xFF, 0x7F, 0xFF, 0x7F, 0xFF, 0x7F, 0xFF, 0x7F, 0xFF, 0x7F, 0xFF,
    0x7F, 0xFF, 0x7F, 0xFF, 0x7F, 0xFF, 0x7F, 0xFF, 0x7F, 0xFF, 0x7F, 0xFF, 0x35, 0xFF,
};
// clang-format on
